ISO-10303-21;
HEADER;
/*Generated by software containing ST-Developer
 * from STEP Tools, Inc. (www.steptools.com) 
 */
/*OPTION: using custom renumber hook */
/*description */
/*implementation_level */
FILE_DESCRIPTION(('STEP AP242 Edition 2','STEP AP242 Edition 2''CAx-IF Rec.Pracs.---Representation and Presentation of Product Manufa
cturing Information (PMI)---4.0---2014-10-13','STEP AP242 Edition 2''CAx-IF Rec.Pracs.---Representation and Presentation of Product Manufa
cturing Information (PMI)---4.0---2014-10-13''CAx-IF Rec.Pracs.---3D Tessellated Geometry---0.4---2014-09-14','STEP AP242 Edition 2''CAx-IF Rec.Pracs.---Representation and Presentation of Product Manufa
cturing Information (PMI)---4.0---2014-10-13''CAx-IF Rec.Pracs.---3D Tessellated Geometry---0.4---2014-09-14''2;1','STEP AP242 Edition 2''CAx-IF Rec.Pracs.---Representation and Presentation of Product Manufa
cturing Information (PMI)---4.0---2014-10-13''CAx-IF Rec.Pracs.---3D Tessellated Geometry---0.4---2014-09-14''2;1''CAx-IF Rec.Pracs.---User Defined Attributes---1.5---2016-08-15'),'2;1');
/*name */
/*time_stamp */
/*author */
/*organization */
/*preprocessor_version */
/*originating_system */
/*authorisation */
FILE_NAME('/vol/tmp/translate-4125998910417035225/wing - Part 3.step','2026-03-31T23:47:09',(''),(''),'ST-DEVELOPER v20','ONSHAPE BY PTC INC, 1.212','  ');
FILE_SCHEMA(('AP242_MANAGED_MODEL_BASED_3D_ENGINEERING_MIM_LF { 1 0 10303 442 3 1 4 }'));
ENDSEC;
DATA;
#10=SHAPE_REPRESENTATION_RELATIONSHIP('','',#1996,#11);
#11=ADVANCED_BREP_SHAPE_REPRESENTATION('',(#1994),#8745);
#12=ELLIPSE('',#2049,5.24049872226615,0.360029816942368);
#13=ELLIPSE('',#2051,5.24049872226615,0.360029816942368);
#14=B_SPLINE_SURFACE_WITH_KNOTS('',3,1,((#2494,#2495),(#2496,#2497),(#2498,
#2499),(#2500,#2501),(#2502,#2503),(#2504,#2505),(#2506,#2507),(#2508,#2509),(#2510,#2511)),.SURF_OF_LINEAR_EXTRUSION.,.F.,.F.,.F.,(4,1,1,1,1,1,4),(2,2),(0.,0.25,0.375,0.5,0.75,0.875,1.),(0.,1.),.UNSPECIFIED.);
#15=B_SPLINE_SURFACE_WITH_KNOTS('',3,3,((#2545,#2546,#2547,#2548,#2549),(#2550,#2551,#2552,#2553,#2554),(#2555,#2556,#2557,#2558,#2559),(#2560,
#2561,#2562,#2563,#2564),(#2565,#2566,#2567,#2568,#2569),(#2570,#2571,#2572,
#2573,#2574),(#2575,#2576,#2577,#2578,#2579),(#2580,#2581,#2582,#2583,#2584),(#2585,#2586,#2587,#2588,#2589),(#2590,#2591,#2592,#2593,#2594),(#2595,
#2596,#2597,#2598,#2599),(#2600,#2601,#2602,#2603,#2604),(#2605,#2606,#2607,
#2608,#2609),(#2610,#2611,#2612,#2613,#2614),(#2615,#2616,#2617,#2618,#2619)),.UNSPECIFIED.,.F.,.F.,.F.,(4,1,1,1,1,1,1,1,1,1,1,1,4),(4,1,4),(-0.00601628647505618,0.012432442872461,0.0308811722199782,0.0677786309150125,0.141573548305081,0.289163383085219,0.500006004199701,0.710848625314183,0.85843846009432,0.932233377484389,0.969130836179423,0.98757956552694,1.00602829487446),(-4.7856391587734E-14,0.503276902399386,1.00655380479882),.UNSPECIFIED.);
#16=B_SPLINE_SURFACE_WITH_KNOTS('',3,3,((#2662,#2663,#2664,#2665,#2666,
#2667,#2668,#2669,#2670),(#2671,#2672,#2673,#2674,#2675,#2676,#2677,#2678,
#2679),(#2680,#2681,#2682,#2683,#2684,#2685,#2686,#2687,#2688),(#2689,#2690,
#2691,#2692,#2693,#2694,#2695,#2696,#2697),(#2698,#2699,#2700,#2701,#2702,
#2703,#2704,#2705,#2706),(#2707,#2708,#2709,#2710,#2711,#2712,#2713,#2714,
#2715),(#2716,#2717,#2718,#2719,#2720,#2721,#2722,#2723,#2724),(#2725,#2726,
#2727,#2728,#2729,#2730,#2731,#2732,#2733),(#2734,#2735,#2736,#2737,#2738,
#2739,#2740,#2741,#2742),(#2743,#2744,#2745,#2746,#2747,#2748,#2749,#2750,
#2751),(#2752,#2753,#2754,#2755,#2756,#2757,#2758,#2759,#2760),(#2761,#2762,
#2763,#2764,#2765,#2766,#2767,#2768,#2769),(#2770,#2771,#2772,#2773,#2774,
#2775,#2776,#2777,#2778),(#2779,#2780,#2781,#2782,#2783,#2784,#2785,#2786,
#2787),(#2788,#2789,#2790,#2791,#2792,#2793,#2794,#2795,#2796),(#2797,#2798,
#2799,#2800,#2801,#2802,#2803,#2804,#2805),(#2806,#2807,#2808,#2809,#2810,
#2811,#2812,#2813,#2814),(#2815,#2816,#2817,#2818,#2819,#2820,#2821,#2822,
#2823)),.UNSPECIFIED.,.F.,.F.,.F.,(4,1,1,1,1,1,1,1,1,1,1,1,1,1,1,4),(4,1,1,1,1,1,4),(-0.00609938451018297,0.0125679926337209,0.0312353697776247,0.0685701240654324,0.143239632641048,0.292578649792279,0.463251812250828,0.633924974709378,0.740595701245971,0.825932282475246,0.879267645743543,0.92193593635818,0.953937154319158,0.980604835953306,0.99927221309721,1.01793959024111),(-0.00651516876601842,0.246752833091599,0.373386834020407,0.500020834949216,0.626654835878024,0.753288836806833,1.00655683866445),.UNSPECIFIED.);
#17=B_SPLINE_SURFACE_WITH_KNOTS('',3,3,((#2837,#2838,#2839,#2840,#2841,
#2842,#2843,#2844,#2845,#2846,#2847,#2848,#2849,#2850,#2851,#2852),(#2853,
#2854,#2855,#2856,#2857,#2858,#2859,#2860,#2861,#2862,#2863,#2864,#2865,
#2866,#2867,#2868),(#2869,#2870,#2871,#2872,#2873,#2874,#2875,#2876,#2877,
#2878,#2879,#2880,#2881,#2882,#2883,#2884),(#2885,#2886,#2887,#2888,#2889,
#2890,#2891,#2892,#2893,#2894,#2895,#2896,#2897,#2898,#2899,#2900),(#2901,
#2902,#2903,#2904,#2905,#2906,#2907,#2908,#2909,#2910,#2911,#2912,#2913,
#2914,#2915,#2916),(#2917,#2918,#2919,#2920,#2921,#2922,#2923,#2924,#2925,
#2926,#2927,#2928,#2929,#2930,#2931,#2932),(#2933,#2934,#2935,#2936,#2937,
#2938,#2939,#2940,#2941,#2942,#2943,#2944,#2945,#2946,#2947,#2948),(#2949,
#2950,#2951,#2952,#2953,#2954,#2955,#2956,#2957,#2958,#2959,#2960,#2961,
#2962,#2963,#2964),(#2965,#2966,#2967,#2968,#2969,#2970,#2971,#2972,#2973,
#2974,#2975,#2976,#2977,#2978,#2979,#2980),(#2981,#2982,#2983,#2984,#2985,
#2986,#2987,#2988,#2989,#2990,#2991,#2992,#2993,#2994,#2995,#2996),(#2997,
#2998,#2999,#3000,#3001,#3002,#3003,#3004,#3005,#3006,#3007,#3008,#3009,
#3010,#3011,#3012),(#3013,#3014,#3015,#3016,#3017,#3018,#3019,#3020,#3021,
#3022,#3023,#3024,#3025,#3026,#3027,#3028),(#3029,#3030,#3031,#3032,#3033,
#3034,#3035,#3036,#3037,#3038,#3039,#3040,#3041,#3042,#3043,#3044),(#3045,
#3046,#3047,#3048,#3049,#3050,#3051,#3052,#3053,#3054,#3055,#3056,#3057,
#3058,#3059,#3060),(#3061,#3062,#3063,#3064,#3065,#3066,#3067,#3068,#3069,
#3070,#3071,#3072,#3073,#3074,#3075,#3076)),.UNSPECIFIED.,.F.,.F.,.F.,(4,1,1,1,1,1,1,1,1,1,1,1,4),(4,1,1,1,1,1,1,1,1,1,1,1,1,4),(-0.0402946151088686,-0.0104945089468959,0.000341893293821532,0.0111782955345389,0.0301419994557943,0.0572330050575878,0.100578614020457,0.154760625224044,0.241451843149783,0.349815865556957,0.523198301408435,0.696580737259913,1.),(-0.00647285543264093,0.119336251496439,0.182240804960979,0.234661266181429,0.276597635157789,0.308049911890059,0.339502188622329,0.381438557598689,0.433859018819139,0.49676357228368,0.55966812574822,0.64354086370094,0.74838178614184,1.),.UNSPECIFIED.);
#18=B_SPLINE_SURFACE_WITH_KNOTS('',3,3,((#3103,#3104,#3105,#3106,#3107,
#3108),(#3109,#3110,#3111,#3112,#3113,#3114),(#3115,#3116,#3117,#3118,#3119,
#3120),(#3121,#3122,#3123,#3124,#3125,#3126),(#3127,#3128,#3129,#3130,#3131,
#3132),(#3133,#3134,#3135,#3136,#3137,#3138),(#3139,#3140,#3141,#3142,#3143,
#3144),(#3145,#3146,#3147,#3148,#3149,#3150),(#3151,#3152,#3153,#3154,#3155,
#3156),(#3157,#3158,#3159,#3160,#3161,#3162),(#3163,#3164,#3165,#3166,#3167,
#3168)),.UNSPECIFIED.,.F.,.F.,.F.,(4,1,1,1,1,1,1,1,4),(4,1,1,4),(0.,0.293427667550578,0.503018858658134,0.712610049765689,0.859323883540979,0.932680800428623,0.969359258872445,0.987698488094356,1.00603771731627),(-0.00617387724747081,0.500285142916386,0.711309734651326,1.00674416308024),.UNSPECIFIED.);
#19=B_SPLINE_SURFACE_WITH_KNOTS('',3,3,((#3189,#3190,#3191,#3192,#3193),(#3194,#3195,#3196,#3197,#3198),(#3199,#3200,#3201,#3202,#3203),(#3204,
#3205,#3206,#3207,#3208),(#3209,#3210,#3211,#3212,#3213),(#3214,#3215,#3216,
#3217,#3218),(#3219,#3220,#3221,#3222,#3223),(#3224,#3225,#3226,#3227,#3228),(#3229,#3230,#3231,#3232,#3233),(#3234,#3235,#3236,#3237,#3238),(#3239,
#3240,#3241,#3242,#3243),(#3244,#3245,#3246,#3247,#3248),(#3249,#3250,#3251,
#3252,#3253),(#3254,#3255,#3256,#3257,#3258),(#3259,#3260,#3261,#3262,#3263)),.UNSPECIFIED.,.F.,.F.,.F.,(4,1,1,1,1,1,1,1,1,1,1,1,4),(4,1,4),(-0.00603784836826135,0.0124110557839266,0.0308599599361145,0.0677577682404904,0.141553384849242,0.289144618066746,0.499989236948894,0.710833855831042,0.858425089048545,0.932220705657297,0.969118513961673,0.987567418113861,1.00601632226605),(0.,0.503371041528089,1.00674208305618),.UNSPECIFIED.);
#20=B_SPLINE_SURFACE_WITH_KNOTS('',3,1,((#3294,#3295),(#3296,#3297),(#3298,
#3299),(#3300,#3301),(#3302,#3303),(#3304,#3305),(#3306,#3307),(#3308,#3309)),.SURF_OF_LINEAR_EXTRUSION.,.F.,.F.,.F.,(4,1,1,1,1,4),(2,2),(0.669167603500132,0.753086129489561,0.837004655478989,0.920923181468418,0.962882444463132,1.00484170745785),(0.,1.),.UNSPECIFIED.);
#21=B_SPLINE_SURFACE_WITH_KNOTS('',3,1,((#3319,#3320),(#3321,#3322),(#3323,
#3324),(#3325,#3326),(#3327,#3328),(#3329,#3330)),.SURF_OF_LINEAR_EXTRUSION.,.F.,.F.,.F.,(4,1,1,4),(2,2),(0.883398238437133,0.945182466861579,0.976074581073801,1.00696669528602),(0.,1.),.UNSPECIFIED.);
#22=B_SPLINE_SURFACE_WITH_KNOTS('',3,1,((#3568,#3569),(#3570,#3571),(#3572,
#3573),(#3574,#3575),(#3576,#3577),(#3578,#3579),(#3580,#3581),(#3582,#3583),(#3584,#3585),(#3586,#3587),(#3588,#3589),(#3590,#3591),(#3592,#3593),(#3594,
#3595),(#3596,#3597),(#3598,#3599),(#3600,#3601),(#3602,#3603),(#3604,#3605),(#3606,#3607),(#3608,#3609),(#3610,#3611),(#3612,#3613),(#3614,#3615),(#3616,
#3617),(#3618,#3619),(#3620,#3621),(#3622,#3623),(#3624,#3625),(#3626,#3627),(#3628,#3629),(#3630,#3631),(#3632,#3633),(#3634,#3635)),.RULED_SURF.,.F.,.F.,.F.,(4,2,2,2,2,2,2,2,2,2,2,2,2,2,2,2,4),(2,2),(0.,0.0625,0.125,0.1875,0.25,0.3125,0.375,0.4375,0.5,0.5625,0.625,0.6875,0.75,0.8125,0.875,0.9375,1.),(0.38825352567037,1.),.UNSPECIFIED.);
#23=B_SPLINE_SURFACE_WITH_KNOTS('',3,1,((#3688,#3689,#3690),(#3691,#3692,
#3693),(#3694,#3695,#3696),(#3697,#3698,#3699),(#3700,#3701,#3702),(#3703,
#3704,#3705),(#3706,#3707,#3708),(#3709,#3710,#3711),(#3712,#3713,#3714),(#3715,#3716,#3717),(#3718,#3719,#3720),(#3721,#3722,#3723),(#3724,#3725,
#3726),(#3727,#3728,#3729),(#3730,#3731,#3732),(#3733,#3734,#3735),(#3736,
#3737,#3738),(#3739,#3740,#3741),(#3742,#3743,#3744),(#3745,#3746,#3747),(#3748,#3749,#3750),(#3751,#3752,#3753),(#3754,#3755,#3756),(#3757,#3758,
#3759),(#3760,#3761,#3762),(#3763,#3764,#3765),(#3766,#3767,#3768),(#3769,
#3770,#3771),(#3772,#3773,#3774),(#3775,#3776,#3777),(#3778,#3779,#3780),(#3781,#3782,#3783),(#3784,#3785,#3786),(#3787,#3788,#3789),(#3790,#3791,
#3792),(#3793,#3794,#3795),(#3796,#3797,#3798),(#3799,#3800,#3801),(#3802,
#3803,#3804),(#3805,#3806,#3807)),.RULED_SURF.,.F.,.F.,.F.,(4,3,2,2,2,2,2,2,2,2,2,2,2,2,2,2,2,3,4),(2,1,2),(-0.01,0.,0.0625,0.125,0.1875,0.25,0.3125,0.375,0.4375,0.5,0.5625,0.625,0.6875,0.75,0.8125,0.875,0.9375,1.,1.01),(0.,1.,1.01),.UNSPECIFIED.);
#24=B_SPLINE_SURFACE_WITH_KNOTS('',3,1,((#3832,#3833),(#3834,#3835),(#3836,
#3837),(#3838,#3839),(#3840,#3841),(#3842,#3843),(#3844,#3845),(#3846,#3847),(#3848,#3849),(#3850,#3851),(#3852,#3853),(#3854,#3855),(#3856,#3857),(#3858,
#3859),(#3860,#3861),(#3862,#3863),(#3864,#3865),(#3866,#3867),(#3868,#3869),(#3870,#3871),(#3872,#3873),(#3874,#3875),(#3876,#3877),(#3878,#3879),(#3880,
#3881),(#3882,#3883),(#3884,#3885),(#3886,#3887),(#3888,#3889),(#3890,#3891),(#3892,#3893),(#3894,#3895)),.RULED_SURF.,.F.,.F.,.F.,(4,2,2,2,2,2,2,2,2,2,2,2,2,2,2,4),(2,2),(0.092695868548347,0.125,0.1875,0.25,0.3125,0.375,0.4375,0.5,0.5625,0.625,0.6875,0.75,0.8125,0.875,0.9375,1.),(0.,0.277659363526251),.UNSPECIFIED.);
#25=B_SPLINE_SURFACE_WITH_KNOTS('',3,1,((#3944,#3945),(#3946,#3947),(#3948,
#3949),(#3950,#3951),(#3952,#3953),(#3954,#3955),(#3956,#3957),(#3958,#3959),(#3960,#3961),(#3962,#3963),(#3964,#3965),(#3966,#3967),(#3968,#3969),(#3970,
#3971),(#3972,#3973),(#3974,#3975),(#3976,#3977),(#3978,#3979),(#3980,#3981),(#3982,#3983),(#3984,#3985),(#3986,#3987),(#3988,#3989),(#3990,#3991),(#3992,
#3993),(#3994,#3995),(#3996,#3997),(#3998,#3999),(#4000,#4001),(#4002,#4003),(#4004,#4005),(#4006,#4007),(#4008,#4009),(#4010,#4011),(#4012,#4013),(#4014,
#4015),(#4016,#4017),(#4018,#4019),(#4020,#4021),(#4022,#4023),(#4024,#4025),(#4026,#4027),(#4028,#4029),(#4030,#4031),(#4032,#4033),(#4034,#4035),(#4036,
#4037),(#4038,#4039),(#4040,#4041),(#4042,#4043),(#4044,#4045),(#4046,#4047),(#4048,#4049),(#4050,#4051),(#4052,#4053),(#4054,#4055),(#4056,#4057),(#4058,
#4059),(#4060,#4061),(#4062,#4063),(#4064,#4065),(#4066,#4067)),.RULED_SURF.,.T.,.F.,.F.,(2,2,2,2,2,2,2,2,2,2,2,2,2,2,2,2,2,2,2,2,2,2,2,2,2,2,2,2,2,2,2,2,2),(2,2),(-0.125,0.,0.03125,0.0390625,0.04296875,0.046875,0.0625,0.125,0.15625,0.1640625,0.16796875,0.171875,0.1875,0.25,0.375,0.4375,0.46875,0.47265625,0.4765625,0.484375,0.5,0.5625,0.59375,0.59765625,0.6015625,0.609375,0.625,0.75,0.8125,0.84375,0.875,1.,1.03125),(0.10077700793319,1.),.UNSPECIFIED.);
#26=B_SPLINE_SURFACE_WITH_KNOTS('',1,3,((#4094,#4095,#4096,#4097,#4098,
#4099),(#4100,#4101,#4102,#4103,#4104,#4105)),.RULED_SURF.,.F.,.F.,.F.,(2,2),(4,2,4),(0.551636886030203,1.),(-0.0554847494698159,0.0389336358990113,0.0833802594792707),.UNSPECIFIED.);
#27=B_SPLINE_SURFACE_WITH_KNOTS('',3,1,((#4118,#4119),(#4120,#4121),(#4122,
#4123),(#4124,#4125),(#4126,#4127),(#4128,#4129),(#4130,#4131),(#4132,#4133),(#4134,#4135),(#4136,#4137),(#4138,#4139),(#4140,#4141),(#4142,#4143),(#4144,
#4145),(#4146,#4147),(#4148,#4149),(#4150,#4151),(#4152,#4153),(#4154,#4155),(#4156,#4157),(#4158,#4159),(#4160,#4161),(#4162,#4163),(#4164,#4165),(#4166,
#4167),(#4168,#4169),(#4170,#4171),(#4172,#4173),(#4174,#4175),(#4176,#4177),(#4178,#4179),(#4180,#4181),(#4182,#4183),(#4184,#4185)),.RULED_SURF.,.F.,.F.,.F.,(4,2,2,2,2,2,2,2,2,2,2,2,2,2,2,2,4),(2,2),(0.,0.0625,0.125,0.1875,0.25,0.3125,0.375,0.4375,0.5,0.5625,0.625,0.6875,0.75,0.8125,0.875,0.9375,1.),(0.38825352567426,1.),.UNSPECIFIED.);
#28=B_SPLINE_SURFACE_WITH_KNOTS('',3,1,((#4208,#4209),(#4210,#4211),(#4212,
#4213),(#4214,#4215)),.RULED_SURF.,.F.,.F.,.F.,(4,4),(2,2),(0.259650492172996,0.44382825131529),(0.801089333367428,0.809526762193375),.PIECEWISE_BEZIER_KNOTS.);
#29=B_SPLINE_SURFACE_WITH_KNOTS('',3,1,((#4225,#4226,#4227),(#4228,#4229,
#4230),(#4231,#4232,#4233),(#4234,#4235,#4236),(#4237,#4238,#4239),(#4240,
#4241,#4242),(#4243,#4244,#4245),(#4246,#4247,#4248),(#4249,#4250,#4251),(#4252,#4253,#4254),(#4255,#4256,#4257),(#4258,#4259,#4260),(#4261,#4262,
#4263),(#4264,#4265,#4266),(#4267,#4268,#4269),(#4270,#4271,#4272),(#4273,
#4274,#4275),(#4276,#4277,#4278),(#4279,#4280,#4281),(#4282,#4283,#4284),(#4285,#4286,#4287),(#4288,#4289,#4290),(#4291,#4292,#4293),(#4294,#4295,
#4296),(#4297,#4298,#4299),(#4300,#4301,#4302),(#4303,#4304,#4305),(#4306,
#4307,#4308),(#4309,#4310,#4311),(#4312,#4313,#4314),(#4315,#4316,#4317),(#4318,#4319,#4320),(#4321,#4322,#4323),(#4324,#4325,#4326)),.RULED_SURF.,.F.,.F.,.F.,(4,2,2,2,2,2,2,2,2,2,2,2,2,2,2,2,4),(2,1,2),(0.,0.0625,0.125,0.1875,0.25,0.3125,0.375,0.4375,0.5,0.5625,0.625,0.6875,0.75,0.8125,0.875,0.9375,1.),(0.811185454913337,1.,1.00112613750012),.UNSPECIFIED.);
#30=B_SPLINE_SURFACE_WITH_KNOTS('',3,1,((#4338,#4339,#4340),(#4341,#4342,
#4343),(#4344,#4345,#4346),(#4347,#4348,#4349),(#4350,#4351,#4352),(#4353,
#4354,#4355),(#4356,#4357,#4358),(#4359,#4360,#4361),(#4362,#4363,#4364),(#4365,#4366,#4367),(#4368,#4369,#4370),(#4371,#4372,#4373),(#4374,#4375,
#4376),(#4377,#4378,#4379),(#4380,#4381,#4382),(#4383,#4384,#4385),(#4386,
#4387,#4388),(#4389,#4390,#4391),(#4392,#4393,#4394),(#4395,#4396,#4397),(#4398,#4399,#4400),(#4401,#4402,#4403),(#4404,#4405,#4406),(#4407,#4408,
#4409),(#4410,#4411,#4412),(#4413,#4414,#4415),(#4416,#4417,#4418),(#4419,
#4420,#4421),(#4422,#4423,#4424),(#4425,#4426,#4427),(#4428,#4429,#4430),(#4431,#4432,#4433),(#4434,#4435,#4436),(#4437,#4438,#4439),(#4440,#4441,
#4442),(#4443,#4444,#4445),(#4446,#4447,#4448),(#4449,#4450,#4451),(#4452,
#4453,#4454),(#4455,#4456,#4457)),.RULED_SURF.,.F.,.F.,.F.,(4,3,2,2,2,2,2,2,2,2,2,2,2,2,2,2,2,3,4),(2,1,2),(-0.01,0.,0.0625,0.125,0.1875,0.25,0.3125,0.375,0.4375,0.5,0.5625,0.625,0.6875,0.75,0.8125,0.875,0.9375,1.,1.01),(0.,1.,1.01),.UNSPECIFIED.);
#31=B_SPLINE_SURFACE_WITH_KNOTS('',3,1,((#4470,#4471),(#4472,#4473),(#4474,
#4475),(#4476,#4477),(#4478,#4479),(#4480,#4481),(#4482,#4483),(#4484,#4485),(#4486,#4487),(#4488,#4489),(#4490,#4491),(#4492,#4493),(#4494,#4495),(#4496,
#4497),(#4498,#4499),(#4500,#4501),(#4502,#4503),(#4504,#4505),(#4506,#4507),(#4508,#4509),(#4510,#4511),(#4512,#4513),(#4514,#4515),(#4516,#4517),(#4518,
#4519),(#4520,#4521),(#4522,#4523),(#4524,#4525),(#4526,#4527),(#4528,#4529),(#4530,#4531),(#4532,#4533),(#4534,#4535),(#4536,#4537),(#4538,#4539),(#4540,
#4541),(#4542,#4543),(#4544,#4545),(#4546,#4547),(#4548,#4549),(#4550,#4551),(#4552,#4553),(#4554,#4555),(#4556,#4557),(#4558,#4559),(#4560,#4561),(#4562,
#4563),(#4564,#4565),(#4566,#4567),(#4568,#4569),(#4570,#4571),(#4572,#4573),(#4574,#4575),(#4576,#4577),(#4578,#4579),(#4580,#4581),(#4582,#4583),(#4584,
#4585),(#4586,#4587),(#4588,#4589),(#4590,#4591),(#4592,#4593),(#4594,#4595),(#4596,#4597),(#4598,#4599),(#4600,#4601)),.RULED_SURF.,.F.,.F.,.F.,(4,2,2,2,2,2,2,2,2,2,2,2,2,2,2,2,2,2,2,2,2,2,2,2,2,2,2,2,2,2,2,2,4),(2,2),(0.,0.0258447697012147,0.0516895394024294,0.077534309103644,0.103379078804859,0.129223848506073,0.155068618207288,0.180913387908503,0.206758157609717,0.232602927310932,0.258447697012147,0.284292466713362,0.297214851563969,0.310137236414576,0.323059621265184,0.335982006115791,0.348904390966398,0.361826775817006,0.374749160667613,0.38767154551822,0.400593930368828,0.413516315219435,0.436061360360962,0.447333882931726,0.45860640550249,0.469878928073254,0.475515189358636,0.481151450644018,0.4867877119294,0.492423973214782,0.498060234500164,0.503696495785546,0.506834843921082),(0.,1.),.UNSPECIFIED.);
#32=B_SPLINE_SURFACE_WITH_KNOTS('',3,1,((#4647,#4648),(#4649,#4650),(#4651,
#4652),(#4653,#4654),(#4655,#4656),(#4657,#4658),(#4659,#4660)),.RULED_SURF.,.F.,.F.,.F.,(4,2,1,4),(2,2),(0.45,0.5,0.666666666666667,1.),(0.,1.),.UNSPECIFIED.);
#33=B_SPLINE_SURFACE_WITH_KNOTS('',3,1,((#4740,#4741),(#4742,#4743),(#4744,
#4745),(#4746,#4747),(#4748,#4749),(#4750,#4751),(#4752,#4753),(#4754,#4755),(#4756,#4757),(#4758,#4759),(#4760,#4761),(#4762,#4763),(#4764,#4765),(#4766,
#4767),(#4768,#4769),(#4770,#4771),(#4772,#4773),(#4774,#4775),(#4776,#4777),(#4778,#4779),(#4780,#4781),(#4782,#4783),(#4784,#4785),(#4786,#4787),(#4788,
#4789),(#4790,#4791),(#4792,#4793),(#4794,#4795),(#4796,#4797),(#4798,#4799),(#4800,#4801),(#4802,#4803),(#4804,#4805),(#4806,#4807),(#4808,#4809),(#4810,
#4811),(#4812,#4813),(#4814,#4815),(#4816,#4817),(#4818,#4819),(#4820,#4821),(#4822,#4823),(#4824,#4825),(#4826,#4827),(#4828,#4829),(#4830,#4831),(#4832,
#4833),(#4834,#4835),(#4836,#4837),(#4838,#4839),(#4840,#4841),(#4842,#4843),(#4844,#4845),(#4846,#4847),(#4848,#4849),(#4850,#4851),(#4852,#4853),(#4854,
#4855),(#4856,#4857),(#4858,#4859),(#4860,#4861),(#4862,#4863),(#4864,#4865),(#4866,#4867),(#4868,#4869),(#4870,#4871)),.RULED_SURF.,.F.,.F.,.F.,(4,2,2,2,2,2,2,2,2,2,2,2,2,2,2,2,2,2,2,2,2,2,2,2,2,2,2,2,2,2,2,2,4),(2,2),(0.,0.03125,0.0625,0.09375,0.125,0.15625,0.1875,0.21875,0.25,0.28125,0.3125,0.34375,0.375,0.40625,0.4375,0.46875,0.5,0.53125,0.5625,0.59375,0.625,0.65625,0.6875,0.71875,0.75,0.78125,0.8125,0.84375,0.875,0.90625,0.9375,0.96875,1.),(0.,0.809526762193376),.UNSPECIFIED.);
#34=B_SPLINE_SURFACE_WITH_KNOTS('',3,1,((#4897,#4898),(#4899,#4900),(#4901,
#4902),(#4903,#4904),(#4905,#4906),(#4907,#4908),(#4909,#4910),(#4911,#4912),(#4913,#4914),(#4915,#4916),(#4917,#4918),(#4919,#4920),(#4921,#4922),(#4923,
#4924),(#4925,#4926),(#4927,#4928),(#4929,#4930),(#4931,#4932),(#4933,#4934),(#4935,#4936),(#4937,#4938),(#4939,#4940),(#4941,#4942),(#4943,#4944),(#4945,
#4946),(#4947,#4948),(#4949,#4950),(#4951,#4952),(#4953,#4954),(#4955,#4956),(#4957,#4958),(#4959,#4960),(#4961,#4962),(#4963,#4964),(#4965,#4966),(#4967,
#4968),(#4969,#4970),(#4971,#4972),(#4973,#4974),(#4975,#4976),(#4977,#4978),(#4979,#4980),(#4981,#4982),(#4983,#4984),(#4985,#4986),(#4987,#4988),(#4989,
#4990),(#4991,#4992),(#4993,#4994),(#4995,#4996),(#4997,#4998),(#4999,#5000),(#5001,#5002),(#5003,#5004),(#5005,#5006),(#5007,#5008),(#5009,#5010),(#5011,
#5012),(#5013,#5014),(#5015,#5016)),.RULED_SURF.,.F.,.F.,.F.,(4,2,2,2,2,2,2,2,2,2,2,2,2,2,2,2,2,2,2,2,2,2,2,2,2,2,2,2,2,4),(2,2),(0.431550234598114,0.441649924560275,0.461099949694061,0.480549974827847,0.490274987394741,0.495137493678187,0.49756874681991,0.498784373390772,0.499392186676203,0.499999999961634,0.500607813247364,0.501215626533095,0.502431253104556,0.504862506247478,0.509725012533323,0.519450025105011,0.538900050248389,0.558350075391767,0.577800100535145,0.597250125678522,0.6167001508219,0.636150175965278,0.655600201108656,0.677125188539365,0.698650175970074,0.720175163400783,0.741700150831492,0.763225138262201,0.78475012569291,0.798231445175921),(0.,0.809526762193392),.UNSPECIFIED.);
#35=B_SPLINE_SURFACE_WITH_KNOTS('',3,1,((#5028,#5029),(#5030,#5031),(#5032,
#5033),(#5034,#5035)),.SURF_OF_LINEAR_EXTRUSION.,.F.,.F.,.F.,(4,4),(2,2),(0.499999999877931,0.59440077632288),(0.,1.),.PIECEWISE_BEZIER_KNOTS.);
#36=B_SPLINE_SURFACE_WITH_KNOTS('',3,1,((#5043,#5044,#5045),(#5046,#5047,
#5048),(#5049,#5050,#5051),(#5052,#5053,#5054),(#5055,#5056,#5057),(#5058,
#5059,#5060),(#5061,#5062,#5063),(#5064,#5065,#5066),(#5067,#5068,#5069),(#5070,#5071,#5072),(#5073,#5074,#5075),(#5076,#5077,#5078),(#5079,#5080,
#5081),(#5082,#5083,#5084),(#5085,#5086,#5087),(#5088,#5089,#5090),(#5091,
#5092,#5093),(#5094,#5095,#5096),(#5097,#5098,#5099),(#5100,#5101,#5102),(#5103,#5104,#5105),(#5106,#5107,#5108),(#5109,#5110,#5111),(#5112,#5113,
#5114),(#5115,#5116,#5117),(#5118,#5119,#5120),(#5121,#5122,#5123),(#5124,
#5125,#5126),(#5127,#5128,#5129),(#5130,#5131,#5132),(#5133,#5134,#5135),(#5136,#5137,#5138),(#5139,#5140,#5141),(#5142,#5143,#5144),(#5145,#5146,
#5147),(#5148,#5149,#5150),(#5151,#5152,#5153),(#5154,#5155,#5156),(#5157,
#5158,#5159),(#5160,#5161,#5162),(#5163,#5164,#5165),(#5166,#5167,#5168),(#5169,#5170,#5171),(#5172,#5173,#5174),(#5175,#5176,#5177),(#5178,#5179,
#5180),(#5181,#5182,#5183),(#5184,#5185,#5186),(#5187,#5188,#5189),(#5190,
#5191,#5192),(#5193,#5194,#5195),(#5196,#5197,#5198),(#5199,#5200,#5201),(#5202,#5203,#5204),(#5205,#5206,#5207),(#5208,#5209,#5210),(#5211,#5212,
#5213),(#5214,#5215,#5216),(#5217,#5218,#5219),(#5220,#5221,#5222),(#5223,
#5224,#5225),(#5226,#5227,#5228),(#5229,#5230,#5231),(#5232,#5233,#5234),(#5235,#5236,#5237),(#5238,#5239,#5240),(#5241,#5242,#5243),(#5244,#5245,
#5246)),.RULED_SURF.,.F.,.F.,.F.,(4,2,2,2,2,2,2,2,2,2,2,2,2,2,2,2,2,2,2,2,2,2,2,2,2,2,2,2,2,2,2,2,2,4),(2,1,2),(0.497252410476842,0.498060234500164,0.503696495785546,0.509332757070928,0.51496901835631,0.520605279641692,0.526241540927074,0.537514063497838,0.548786586068601,0.560059108639365,0.571331631210129,0.582604153780893,0.593876676351657,0.606568030215668,0.619259384079678,0.631950737943689,0.6446420918077,0.657333445671711,0.670024799535721,0.682716153399732,0.695407507263743,0.708098861127753,0.720790214991764,0.746172922719786,0.771555630447807,0.796938338175828,0.82232104590385,0.847703753631871,0.873086461359893,0.898469169087914,0.923851876815936,0.949234584543957,0.974617292271979,1.),(-0.00166363433860954,0.,0.278933696585285),.UNSPECIFIED.);
#37=B_SPLINE_SURFACE_WITH_KNOTS('',3,1,((#5251,#5252,#5253),(#5254,#5255,
#5256),(#5257,#5258,#5259),(#5260,#5261,#5262),(#5263,#5264,#5265),(#5266,
#5267,#5268),(#5269,#5270,#5271),(#5272,#5273,#5274),(#5275,#5276,#5277),(#5278,#5279,#5280),(#5281,#5282,#5283),(#5284,#5285,#5286),(#5287,#5288,
#5289),(#5290,#5291,#5292),(#5293,#5294,#5295),(#5296,#5297,#5298),(#5299,
#5300,#5301),(#5302,#5303,#5304),(#5305,#5306,#5307),(#5308,#5309,#5310),(#5311,#5312,#5313),(#5314,#5315,#5316),(#5317,#5318,#5319),(#5320,#5321,
#5322),(#5323,#5324,#5325),(#5326,#5327,#5328),(#5329,#5330,#5331),(#5332,
#5333,#5334),(#5335,#5336,#5337),(#5338,#5339,#5340),(#5341,#5342,#5343),(#5344,#5345,#5346),(#5347,#5348,#5349),(#5350,#5351,#5352),(#5353,#5354,
#5355),(#5356,#5357,#5358),(#5359,#5360,#5361),(#5362,#5363,#5364),(#5365,
#5366,#5367),(#5368,#5369,#5370),(#5371,#5372,#5373),(#5374,#5375,#5376),(#5377,#5378,#5379),(#5380,#5381,#5382),(#5383,#5384,#5385),(#5386,#5387,
#5388),(#5389,#5390,#5391),(#5392,#5393,#5394),(#5395,#5396,#5397),(#5398,
#5399,#5400),(#5401,#5402,#5403),(#5404,#5405,#5406),(#5407,#5408,#5409),(#5410,#5411,#5412),(#5413,#5414,#5415),(#5416,#5417,#5418),(#5419,#5420,
#5421),(#5422,#5423,#5424),(#5425,#5426,#5427),(#5428,#5429,#5430),(#5431,
#5432,#5433),(#5434,#5435,#5436),(#5437,#5438,#5439),(#5440,#5441,#5442),(#5443,#5444,#5445),(#5446,#5447,#5448),(#5449,#5450,#5451),(#5452,#5453,
#5454)),.RULED_SURF.,.F.,.F.,.F.,(4,2,2,2,2,2,2,2,2,2,2,2,2,2,2,2,2,2,2,2,2,2,2,2,2,2,2,2,2,2,2,2,2,4),(2,1,2),(0.499992253543587,0.499999992456388,0.513887410128179,0.527774827799971,0.541662245471762,0.555549663143553,0.569437080815345,0.583324498487136,0.597211916158928,0.611099333830719,0.62498675150251,0.638874169174302,0.652761586846093,0.666649004517884,0.680536422189676,0.694423839861467,0.708311257533259,0.72219867520505,0.739561258004734,0.756923840804419,0.774286423604103,0.791649006403788,0.809011589203472,0.826374172003156,0.843736754802841,0.861099337602525,0.878461920402209,0.895824503201894,0.913187086001578,0.930549668801262,0.947912251600947,0.965274834400631,0.982637417200316,1.),(-0.00600011331866791,0.,1.),.UNSPECIFIED.);
#38=B_SPLINE_SURFACE_WITH_KNOTS('',3,1,((#5471,#5472),(#5473,#5474),(#5475,
#5476),(#5477,#5478),(#5479,#5480)),.RULED_SURF.,.F.,.F.,.F.,(4,1,4),(2,2),(0.,0.333333333333334,0.5),(0.,1.),.UNSPECIFIED.);
#39=B_SPLINE_SURFACE_WITH_KNOTS('',3,1,((#5485,#5486,#5487,#5488),(#5489,
#5490,#5491,#5492),(#5493,#5494,#5495,#5496),(#5497,#5498,#5499,#5500),(#5501,#5502,#5503,#5504),(#5505,#5506,#5507,#5508),(#5509,#5510,#5511,
#5512),(#5513,#5514,#5515,#5516),(#5517,#5518,#5519,#5520),(#5521,#5522,
#5523,#5524),(#5525,#5526,#5527,#5528),(#5529,#5530,#5531,#5532),(#5533,
#5534,#5535,#5536),(#5537,#5538,#5539,#5540),(#5541,#5542,#5543,#5544),(#5545,#5546,#5547,#5548),(#5549,#5550,#5551,#5552),(#5553,#5554,#5555,
#5556),(#5557,#5558,#5559,#5560),(#5561,#5562,#5563,#5564),(#5565,#5566,
#5567,#5568),(#5569,#5570,#5571,#5572),(#5573,#5574,#5575,#5576),(#5577,
#5578,#5579,#5580),(#5581,#5582,#5583,#5584),(#5585,#5586,#5587,#5588),(#5589,#5590,#5591,#5592),(#5593,#5594,#5595,#5596),(#5597,#5598,#5599,
#5600),(#5601,#5602,#5603,#5604),(#5605,#5606,#5607,#5608),(#5609,#5610,
#5611,#5612),(#5613,#5614,#5615,#5616),(#5617,#5618,#5619,#5620),(#5621,
#5622,#5623,#5624),(#5625,#5626,#5627,#5628),(#5629,#5630,#5631,#5632),(#5633,#5634,#5635,#5636),(#5637,#5638,#5639,#5640),(#5641,#5642,#5643,
#5644),(#5645,#5646,#5647,#5648),(#5649,#5650,#5651,#5652),(#5653,#5654,
#5655,#5656),(#5657,#5658,#5659,#5660),(#5661,#5662,#5663,#5664),(#5665,
#5666,#5667,#5668),(#5669,#5670,#5671,#5672),(#5673,#5674,#5675,#5676),(#5677,#5678,#5679,#5680),(#5681,#5682,#5683,#5684),(#5685,#5686,#5687,
#5688),(#5689,#5690,#5691,#5692),(#5693,#5694,#5695,#5696),(#5697,#5698,
#5699,#5700),(#5701,#5702,#5703,#5704),(#5705,#5706,#5707,#5708),(#5709,
#5710,#5711,#5712),(#5713,#5714,#5715,#5716),(#5717,#5718,#5719,#5720),(#5721,#5722,#5723,#5724)),.RULED_SURF.,.F.,.F.,.F.,(4,2,2,2,2,2,2,2,2,2,2,2,2,2,2,2,2,2,2,2,2,2,2,2,2,2,2,2,2,4),(2,1,1,2),(0.497471031209951,0.499999876110413,0.512313506359979,0.524627136609545,0.536940766859111,0.549254397108677,0.561568027358243,0.57388165760781,0.586195287857376,0.598508918106942,0.610822548356508,0.623136178606074,0.63544980885564,0.647763439105207,0.660077069354773,0.672390699604339,0.684704329853905,0.697017960103471,0.715954337597004,0.734890715090537,0.75382709258407,0.772763470077603,0.791699847571136,0.81063622506467,0.829572602558203,0.848508980051736,0.867445357545269,0.886381735038802,0.905318112532335,0.923998704647807),(-0.00600006124193844,0.,1.,1.00600035689763),.UNSPECIFIED.);
#40=B_SPLINE_SURFACE_WITH_KNOTS('',3,1,((#5845,#5846),(#5847,#5848),(#5849,
#5850),(#5851,#5852),(#5853,#5854),(#5855,#5856),(#5857,#5858),(#5859,#5860),(#5861,#5862)),.SURF_OF_LINEAR_EXTRUSION.,.F.,.F.,.F.,(4,1,1,1,1,1,4),(2,2),(0.,0.25,0.375,0.5,0.75,0.875,1.),(0.,1.),.UNSPECIFIED.);
#41=B_SPLINE_SURFACE_WITH_KNOTS('',3,3,((#5902,#5903,#5904,#5905,#5906),(#5907,#5908,#5909,#5910,#5911),(#5912,#5913,#5914,#5915,#5916),(#5917,
#5918,#5919,#5920,#5921),(#5922,#5923,#5924,#5925,#5926),(#5927,#5928,#5929,
#5930,#5931),(#5932,#5933,#5934,#5935,#5936),(#5937,#5938,#5939,#5940,#5941),(#5942,#5943,#5944,#5945,#5946),(#5947,#5948,#5949,#5950,#5951),(#5952,
#5953,#5954,#5955,#5956),(#5957,#5958,#5959,#5960,#5961),(#5962,#5963,#5964,
#5965,#5966),(#5967,#5968,#5969,#5970,#5971),(#5972,#5973,#5974,#5975,#5976)),.UNSPECIFIED.,.F.,.F.,.F.,(4,1,1,1,1,1,1,1,1,1,1,1,4),(4,1,4),(-0.00601628647505584,0.0124324428724603,0.0308811722199764,0.0677786309150087,0.141573548305073,0.289163383085202,0.500006004199673,0.710848625314143,0.858438460094272,0.932233377484336,0.969130836179369,0.987579565526885,1.0060282948744),(-4.7856391587734E-14,0.503276902399385,1.00655380479882),.UNSPECIFIED.);
#42=B_SPLINE_SURFACE_WITH_KNOTS('',3,3,((#6019,#6020,#6021,#6022,#6023,
#6024,#6025,#6026,#6027),(#6028,#6029,#6030,#6031,#6032,#6033,#6034,#6035,
#6036),(#6037,#6038,#6039,#6040,#6041,#6042,#6043,#6044,#6045),(#6046,#6047,
#6048,#6049,#6050,#6051,#6052,#6053,#6054),(#6055,#6056,#6057,#6058,#6059,
#6060,#6061,#6062,#6063),(#6064,#6065,#6066,#6067,#6068,#6069,#6070,#6071,
#6072),(#6073,#6074,#6075,#6076,#6077,#6078,#6079,#6080,#6081),(#6082,#6083,
#6084,#6085,#6086,#6087,#6088,#6089,#6090),(#6091,#6092,#6093,#6094,#6095,
#6096,#6097,#6098,#6099),(#6100,#6101,#6102,#6103,#6104,#6105,#6106,#6107,
#6108),(#6109,#6110,#6111,#6112,#6113,#6114,#6115,#6116,#6117),(#6118,#6119,
#6120,#6121,#6122,#6123,#6124,#6125,#6126),(#6127,#6128,#6129,#6130,#6131,
#6132,#6133,#6134,#6135),(#6136,#6137,#6138,#6139,#6140,#6141,#6142,#6143,
#6144),(#6145,#6146,#6147,#6148,#6149,#6150,#6151,#6152,#6153),(#6154,#6155,
#6156,#6157,#6158,#6159,#6160,#6161,#6162),(#6163,#6164,#6165,#6166,#6167,
#6168,#6169,#6170,#6171),(#6172,#6173,#6174,#6175,#6176,#6177,#6178,#6179,
#6180)),.UNSPECIFIED.,.F.,.F.,.F.,(4,1,1,1,1,1,1,1,1,1,1,1,1,1,1,4),(4,1,1,1,1,1,4),(-0.00609937292404592,0.0125680040073926,0.0312353809388312,0.0685701348017083,0.143239642527462,0.292578657978971,0.463251818494981,0.63392497901099,0.740595704333496,0.825932284591501,0.879267647252754,0.921935937381756,0.953937154978508,0.980604836309135,0.999272213240573,1.01793959017201),(-0.00651516875671008,0.246752832708405,0.373386833440963,0.500020834173521,0.626654834906078,0.753288835638636,1.00655683710375),.UNSPECIFIED.);
#43=B_SPLINE_SURFACE_WITH_KNOTS('',3,3,((#6194,#6195,#6196,#6197,#6198,
#6199,#6200,#6201,#6202,#6203,#6204,#6205,#6206,#6207,#6208,#6209),(#6210,
#6211,#6212,#6213,#6214,#6215,#6216,#6217,#6218,#6219,#6220,#6221,#6222,
#6223,#6224,#6225),(#6226,#6227,#6228,#6229,#6230,#6231,#6232,#6233,#6234,
#6235,#6236,#6237,#6238,#6239,#6240,#6241),(#6242,#6243,#6244,#6245,#6246,
#6247,#6248,#6249,#6250,#6251,#6252,#6253,#6254,#6255,#6256,#6257),(#6258,
#6259,#6260,#6261,#6262,#6263,#6264,#6265,#6266,#6267,#6268,#6269,#6270,
#6271,#6272,#6273),(#6274,#6275,#6276,#6277,#6278,#6279,#6280,#6281,#6282,
#6283,#6284,#6285,#6286,#6287,#6288,#6289),(#6290,#6291,#6292,#6293,#6294,
#6295,#6296,#6297,#6298,#6299,#6300,#6301,#6302,#6303,#6304,#6305),(#6306,
#6307,#6308,#6309,#6310,#6311,#6312,#6313,#6314,#6315,#6316,#6317,#6318,
#6319,#6320,#6321),(#6322,#6323,#6324,#6325,#6326,#6327,#6328,#6329,#6330,
#6331,#6332,#6333,#6334,#6335,#6336,#6337),(#6338,#6339,#6340,#6341,#6342,
#6343,#6344,#6345,#6346,#6347,#6348,#6349,#6350,#6351,#6352,#6353),(#6354,
#6355,#6356,#6357,#6358,#6359,#6360,#6361,#6362,#6363,#6364,#6365,#6366,
#6367,#6368,#6369),(#6370,#6371,#6372,#6373,#6374,#6375,#6376,#6377,#6378,
#6379,#6380,#6381,#6382,#6383,#6384,#6385),(#6386,#6387,#6388,#6389,#6390,
#6391,#6392,#6393,#6394,#6395,#6396,#6397,#6398,#6399,#6400,#6401),(#6402,
#6403,#6404,#6405,#6406,#6407,#6408,#6409,#6410,#6411,#6412,#6413,#6414,
#6415,#6416,#6417),(#6418,#6419,#6420,#6421,#6422,#6423,#6424,#6425,#6426,
#6427,#6428,#6429,#6430,#6431,#6432,#6433)),.UNSPECIFIED.,.F.,.F.,.F.,(4,1,1,1,1,1,1,1,1,1,1,1,4),(4,1,1,1,1,1,1,1,1,1,1,1,1,4),(-0.0402946151088686,-0.0104945089468959,0.000341893293821532,0.0111782955345389,0.0301419994557943,0.0572330050575878,0.100578614020457,0.154760625224044,0.241451843149783,0.349815865556957,0.523198301408435,0.696580737259913,1.),(-0.00647285543264102,0.119336251496439,0.182240804960979,0.234661266181429,0.276597635157789,0.308049911890059,0.339502188622329,0.381438557598689,0.433859018819139,0.49676357228368,0.55966812574822,0.64354086370094,0.74838178614184,1.),.UNSPECIFIED.);
#44=B_SPLINE_SURFACE_WITH_KNOTS('',3,3,((#6460,#6461,#6462,#6463,#6464,
#6465),(#6466,#6467,#6468,#6469,#6470,#6471),(#6472,#6473,#6474,#6475,#6476,
#6477),(#6478,#6479,#6480,#6481,#6482,#6483),(#6484,#6485,#6486,#6487,#6488,
#6489),(#6490,#6491,#6492,#6493,#6494,#6495),(#6496,#6497,#6498,#6499,#6500,
#6501),(#6502,#6503,#6504,#6505,#6506,#6507),(#6508,#6509,#6510,#6511,#6512,
#6513),(#6514,#6515,#6516,#6517,#6518,#6519),(#6520,#6521,#6522,#6523,#6524,
#6525)),.UNSPECIFIED.,.F.,.F.,.F.,(4,1,1,1,1,1,1,1,4),(4,1,1,4),(0.,0.293427655103461,0.503018837320218,0.712610019536976,0.859323847088706,0.932680760864571,0.969359217752504,0.98769844619647,1.00603767464044),(-0.00617387719697788,0.500285138708642,0.711309728669316,1.00674415461426),.UNSPECIFIED.);
#45=B_SPLINE_SURFACE_WITH_KNOTS('',3,3,((#6546,#6547,#6548,#6549,#6550),(#6551,#6552,#6553,#6554,#6555),(#6556,#6557,#6558,#6559,#6560),(#6561,
#6562,#6563,#6564,#6565),(#6566,#6567,#6568,#6569,#6570),(#6571,#6572,#6573,
#6574,#6575),(#6576,#6577,#6578,#6579,#6580),(#6581,#6582,#6583,#6584,#6585),(#6586,#6587,#6588,#6589,#6590),(#6591,#6592,#6593,#6594,#6595),(#6596,
#6597,#6598,#6599,#6600),(#6601,#6602,#6603,#6604,#6605),(#6606,#6607,#6608,
#6609,#6610),(#6611,#6612,#6613,#6614,#6615),(#6616,#6617,#6618,#6619,#6620)),.UNSPECIFIED.,.F.,.F.,.F.,(4,1,1,1,1,1,1,1,1,1,1,1,4),(4,1,4),(-0.00603784836475904,0.0124110557766605,0.03085995991808,0.0677577682009191,0.141553384766597,0.289144617897954,0.499989236657034,0.710833855416114,0.858425088547471,0.932220705113149,0.969118513395988,0.987567417537408,1.00601632167883),(0.,0.503371041528089,1.00674208305618),.UNSPECIFIED.);
#46=B_SPLINE_SURFACE_WITH_KNOTS('',3,1,((#6651,#6652),(#6653,#6654),(#6655,
#6656),(#6657,#6658),(#6659,#6660),(#6661,#6662),(#6663,#6664),(#6665,#6666)),.SURF_OF_LINEAR_EXTRUSION.,.F.,.F.,.F.,(4,1,1,1,1,4),(2,2),(0.669167603500132,0.753086129489561,0.837004655478989,0.920923181468418,0.962882444463132,1.00484170745785),(0.,1.),.UNSPECIFIED.);
#47=B_SPLINE_SURFACE_WITH_KNOTS('',3,1,((#6676,#6677),(#6678,#6679),(#6680,
#6681),(#6682,#6683),(#6684,#6685),(#6686,#6687)),.SURF_OF_LINEAR_EXTRUSION.,.F.,.F.,.F.,(4,1,1,4),(2,2),(0.883398238437133,0.945182466861579,0.976074581073801,1.00696669528602),(0.,1.),.UNSPECIFIED.);
#48=B_SPLINE_SURFACE_WITH_KNOTS('',3,1,((#6902,#6903),(#6904,#6905),(#6906,
#6907),(#6908,#6909),(#6910,#6911),(#6912,#6913),(#6914,#6915),(#6916,#6917),(#6918,#6919),(#6920,#6921),(#6922,#6923),(#6924,#6925),(#6926,#6927),(#6928,
#6929),(#6930,#6931),(#6932,#6933),(#6934,#6935),(#6936,#6937),(#6938,#6939),(#6940,#6941),(#6942,#6943),(#6944,#6945),(#6946,#6947),(#6948,#6949),(#6950,
#6951),(#6952,#6953),(#6954,#6955),(#6956,#6957),(#6958,#6959),(#6960,#6961),(#6962,#6963),(#6964,#6965),(#6966,#6967),(#6968,#6969)),.RULED_SURF.,.F.,.F.,.F.,(4,2,2,2,2,2,2,2,2,2,2,2,2,2,2,2,4),(2,2),(0.,0.0625,0.125,0.1875,0.25,0.3125,0.375,0.4375,0.5,0.5625,0.625,0.6875,0.75,0.8125,0.875,0.9375,1.),(0.38825352567037,1.),.UNSPECIFIED.);
#49=B_SPLINE_SURFACE_WITH_KNOTS('',3,1,((#7022,#7023,#7024),(#7025,#7026,
#7027),(#7028,#7029,#7030),(#7031,#7032,#7033),(#7034,#7035,#7036),(#7037,
#7038,#7039),(#7040,#7041,#7042),(#7043,#7044,#7045),(#7046,#7047,#7048),(#7049,#7050,#7051),(#7052,#7053,#7054),(#7055,#7056,#7057),(#7058,#7059,
#7060),(#7061,#7062,#7063),(#7064,#7065,#7066),(#7067,#7068,#7069),(#7070,
#7071,#7072),(#7073,#7074,#7075),(#7076,#7077,#7078),(#7079,#7080,#7081),(#7082,#7083,#7084),(#7085,#7086,#7087),(#7088,#7089,#7090),(#7091,#7092,
#7093),(#7094,#7095,#7096),(#7097,#7098,#7099),(#7100,#7101,#7102),(#7103,
#7104,#7105),(#7106,#7107,#7108),(#7109,#7110,#7111),(#7112,#7113,#7114),(#7115,#7116,#7117),(#7118,#7119,#7120),(#7121,#7122,#7123),(#7124,#7125,
#7126),(#7127,#7128,#7129),(#7130,#7131,#7132),(#7133,#7134,#7135),(#7136,
#7137,#7138),(#7139,#7140,#7141)),.RULED_SURF.,.F.,.F.,.F.,(4,3,2,2,2,2,2,2,2,2,2,2,2,2,2,2,2,3,4),(2,1,2),(-0.01,0.,0.0625,0.125,0.1875,0.25,0.3125,0.375,0.4375,0.5,0.5625,0.625,0.6875,0.75,0.8125,0.875,0.9375,1.,1.01),(0.,1.,1.01),.UNSPECIFIED.);
#50=B_SPLINE_SURFACE_WITH_KNOTS('',3,1,((#7166,#7167),(#7168,#7169),(#7170,
#7171),(#7172,#7173),(#7174,#7175),(#7176,#7177),(#7178,#7179),(#7180,#7181),(#7182,#7183),(#7184,#7185),(#7186,#7187),(#7188,#7189),(#7190,#7191),(#7192,
#7193),(#7194,#7195),(#7196,#7197),(#7198,#7199),(#7200,#7201),(#7202,#7203),(#7204,#7205),(#7206,#7207),(#7208,#7209),(#7210,#7211),(#7212,#7213),(#7214,
#7215),(#7216,#7217),(#7218,#7219),(#7220,#7221),(#7222,#7223),(#7224,#7225),(#7226,#7227),(#7228,#7229)),.RULED_SURF.,.F.,.F.,.F.,(4,2,2,2,2,2,2,2,2,2,2,2,2,2,2,4),(2,2),(0.092695868548347,0.125,0.1875,0.25,0.3125,0.375,0.4375,0.5,0.5625,0.625,0.6875,0.75,0.8125,0.875,0.9375,1.),(0.,0.277659363526251),.UNSPECIFIED.);
#51=B_SPLINE_SURFACE_WITH_KNOTS('',3,1,((#7278,#7279),(#7280,#7281),(#7282,
#7283),(#7284,#7285),(#7286,#7287),(#7288,#7289),(#7290,#7291),(#7292,#7293),(#7294,#7295),(#7296,#7297),(#7298,#7299),(#7300,#7301),(#7302,#7303),(#7304,
#7305),(#7306,#7307),(#7308,#7309),(#7310,#7311),(#7312,#7313),(#7314,#7315),(#7316,#7317),(#7318,#7319),(#7320,#7321),(#7322,#7323),(#7324,#7325),(#7326,
#7327),(#7328,#7329),(#7330,#7331),(#7332,#7333),(#7334,#7335),(#7336,#7337),(#7338,#7339),(#7340,#7341),(#7342,#7343),(#7344,#7345),(#7346,#7347),(#7348,
#7349),(#7350,#7351),(#7352,#7353),(#7354,#7355),(#7356,#7357),(#7358,#7359),(#7360,#7361),(#7362,#7363),(#7364,#7365),(#7366,#7367),(#7368,#7369),(#7370,
#7371),(#7372,#7373),(#7374,#7375),(#7376,#7377),(#7378,#7379),(#7380,#7381),(#7382,#7383),(#7384,#7385),(#7386,#7387),(#7388,#7389),(#7390,#7391),(#7392,
#7393),(#7394,#7395),(#7396,#7397),(#7398,#7399),(#7400,#7401)),.RULED_SURF.,.T.,.F.,.F.,(2,2,2,2,2,2,2,2,2,2,2,2,2,2,2,2,2,2,2,2,2,2,2,2,2,2,2,2,2,2,2,2,2),(2,2),(-0.125,0.,0.03125,0.0390625,0.04296875,0.046875,0.0625,0.125,0.15625,0.1640625,0.16796875,0.171875,0.1875,0.25,0.375,0.4375,0.46875,0.47265625,0.4765625,0.484375,0.5,0.5625,0.59375,0.59765625,0.6015625,0.609375,0.625,0.75,0.8125,0.84375,0.875,1.,1.03125),(0.100962202746266,1.),.UNSPECIFIED.);
#52=B_SPLINE_SURFACE_WITH_KNOTS('',1,3,((#7418,#7419,#7420,#7421,#7422,
#7423),(#7424,#7425,#7426,#7427,#7428,#7429)),.RULED_SURF.,.F.,.F.,.F.,(2,2),(4,2,4),(0.551636886030203,1.),(-0.0554847494698159,0.0389336358990113,0.0833802594792712),.UNSPECIFIED.);
#53=B_SPLINE_SURFACE_WITH_KNOTS('',3,1,((#7435,#7436),(#7437,#7438),(#7439,
#7440),(#7441,#7442),(#7443,#7444),(#7445,#7446),(#7447,#7448),(#7449,#7450),(#7451,#7452),(#7453,#7454),(#7455,#7456),(#7457,#7458),(#7459,#7460),(#7461,
#7462),(#7463,#7464),(#7465,#7466),(#7467,#7468),(#7469,#7470),(#7471,#7472),(#7473,#7474),(#7475,#7476),(#7477,#7478),(#7479,#7480),(#7481,#7482),(#7483,
#7484),(#7485,#7486),(#7487,#7488),(#7489,#7490),(#7491,#7492),(#7493,#7494),(#7495,#7496),(#7497,#7498),(#7499,#7500),(#7501,#7502)),.RULED_SURF.,.F.,.F.,.F.,(4,2,2,2,2,2,2,2,2,2,2,2,2,2,2,2,4),(2,2),(0.,0.0625,0.125,0.1875,0.25,0.3125,0.375,0.4375,0.5,0.5625,0.625,0.6875,0.75,0.8125,0.875,0.9375,1.),(0.38825352567426,1.),.UNSPECIFIED.);
#54=B_SPLINE_SURFACE_WITH_KNOTS('',3,1,((#7514,#7515),(#7516,#7517),(#7518,
#7519),(#7520,#7521)),.RULED_SURF.,.F.,.F.,.F.,(4,4),(2,2),(0.259650492172996,0.44382825131529),(0.801089333367428,0.809526762193375),.PIECEWISE_BEZIER_KNOTS.);
#55=B_SPLINE_SURFACE_WITH_KNOTS('',3,1,((#7526,#7527,#7528),(#7529,#7530,
#7531),(#7532,#7533,#7534),(#7535,#7536,#7537),(#7538,#7539,#7540),(#7541,
#7542,#7543),(#7544,#7545,#7546),(#7547,#7548,#7549),(#7550,#7551,#7552),(#7553,#7554,#7555),(#7556,#7557,#7558),(#7559,#7560,#7561),(#7562,#7563,
#7564),(#7565,#7566,#7567),(#7568,#7569,#7570),(#7571,#7572,#7573),(#7574,
#7575,#7576),(#7577,#7578,#7579),(#7580,#7581,#7582),(#7583,#7584,#7585),(#7586,#7587,#7588),(#7589,#7590,#7591),(#7592,#7593,#7594),(#7595,#7596,
#7597),(#7598,#7599,#7600),(#7601,#7602,#7603),(#7604,#7605,#7606),(#7607,
#7608,#7609),(#7610,#7611,#7612),(#7613,#7614,#7615),(#7616,#7617,#7618),(#7619,#7620,#7621),(#7622,#7623,#7624),(#7625,#7626,#7627)),.RULED_SURF.,.F.,.F.,.F.,(4,2,2,2,2,2,2,2,2,2,2,2,2,2,2,2,4),(2,1,2),(0.,0.0625,0.125,0.1875,0.25,0.3125,0.375,0.4375,0.5,0.5625,0.625,0.6875,0.75,0.8125,0.875,0.9375,1.),(0.811185454913336,1.,1.00112613750012),.UNSPECIFIED.);
#56=B_SPLINE_SURFACE_WITH_KNOTS('',3,1,((#7629,#7630,#7631),(#7632,#7633,
#7634),(#7635,#7636,#7637),(#7638,#7639,#7640),(#7641,#7642,#7643),(#7644,
#7645,#7646),(#7647,#7648,#7649),(#7650,#7651,#7652),(#7653,#7654,#7655),(#7656,#7657,#7658),(#7659,#7660,#7661),(#7662,#7663,#7664),(#7665,#7666,
#7667),(#7668,#7669,#7670),(#7671,#7672,#7673),(#7674,#7675,#7676),(#7677,
#7678,#7679),(#7680,#7681,#7682),(#7683,#7684,#7685),(#7686,#7687,#7688),(#7689,#7690,#7691),(#7692,#7693,#7694),(#7695,#7696,#7697),(#7698,#7699,
#7700),(#7701,#7702,#7703),(#7704,#7705,#7706),(#7707,#7708,#7709),(#7710,
#7711,#7712),(#7713,#7714,#7715),(#7716,#7717,#7718),(#7719,#7720,#7721),(#7722,#7723,#7724),(#7725,#7726,#7727),(#7728,#7729,#7730),(#7731,#7732,
#7733),(#7734,#7735,#7736),(#7737,#7738,#7739),(#7740,#7741,#7742),(#7743,
#7744,#7745),(#7746,#7747,#7748)),.RULED_SURF.,.F.,.F.,.F.,(4,3,2,2,2,2,2,2,2,2,2,2,2,2,2,2,2,3,4),(2,1,2),(-0.01,0.,0.0625,0.125,0.1875,0.25,0.3125,0.375,0.4375,0.5,0.5625,0.625,0.6875,0.75,0.8125,0.875,0.9375,1.,1.01),(0.,1.,1.01),.UNSPECIFIED.);
#57=B_SPLINE_SURFACE_WITH_KNOTS('',3,1,((#7756,#7757),(#7758,#7759),(#7760,
#7761),(#7762,#7763),(#7764,#7765),(#7766,#7767),(#7768,#7769),(#7770,#7771),(#7772,#7773),(#7774,#7775),(#7776,#7777),(#7778,#7779),(#7780,#7781),(#7782,
#7783),(#7784,#7785),(#7786,#7787),(#7788,#7789),(#7790,#7791),(#7792,#7793),(#7794,#7795),(#7796,#7797),(#7798,#7799),(#7800,#7801),(#7802,#7803),(#7804,
#7805),(#7806,#7807),(#7808,#7809),(#7810,#7811),(#7812,#7813),(#7814,#7815),(#7816,#7817),(#7818,#7819),(#7820,#7821),(#7822,#7823),(#7824,#7825),(#7826,
#7827),(#7828,#7829),(#7830,#7831),(#7832,#7833),(#7834,#7835),(#7836,#7837),(#7838,#7839),(#7840,#7841),(#7842,#7843),(#7844,#7845),(#7846,#7847),(#7848,
#7849),(#7850,#7851),(#7852,#7853),(#7854,#7855),(#7856,#7857),(#7858,#7859),(#7860,#7861),(#7862,#7863),(#7864,#7865),(#7866,#7867),(#7868,#7869),(#7870,
#7871),(#7872,#7873),(#7874,#7875),(#7876,#7877),(#7878,#7879),(#7880,#7881),(#7882,#7883),(#7884,#7885),(#7886,#7887)),.RULED_SURF.,.F.,.F.,.F.,(4,2,2,2,2,2,2,2,2,2,2,2,2,2,2,2,2,2,2,2,2,2,2,2,2,2,2,2,2,2,2,2,4),(2,2),(0.,0.0258447697012147,0.0516895394024294,0.077534309103644,0.103379078804859,0.129223848506073,0.155068618207288,0.180913387908503,0.206758157609717,0.232602927310932,0.258447697012147,0.284292466713362,0.297214851563969,0.310137236414576,0.323059621265184,0.335982006115791,0.348904390966398,0.361826775817006,0.374749160667613,0.38767154551822,0.400593930368828,0.413516315219435,0.436061360360962,0.447333882931726,0.45860640550249,0.469878928073254,0.475515189358636,0.481151450644018,0.4867877119294,0.492423973214782,0.498060234500164,0.503696495785546,0.506834843921081),(0.,1.),.UNSPECIFIED.);
#58=B_SPLINE_SURFACE_WITH_KNOTS('',3,1,((#7927,#7928),(#7929,#7930),(#7931,
#7932),(#7933,#7934),(#7935,#7936)),.RULED_SURF.,.F.,.F.,.F.,(4,1,4),(2,2),(0.5,0.666666666666667,1.),(0.,1.),.UNSPECIFIED.);
#59=B_SPLINE_SURFACE_WITH_KNOTS('',3,1,((#7938,#7939),(#7940,#7941),(#7942,
#7943),(#7944,#7945),(#7946,#7947),(#7948,#7949),(#7950,#7951),(#7952,#7953),(#7954,#7955),(#7956,#7957),(#7958,#7959),(#7960,#7961),(#7962,#7963),(#7964,
#7965),(#7966,#7967),(#7968,#7969),(#7970,#7971),(#7972,#7973),(#7974,#7975),(#7976,#7977),(#7978,#7979),(#7980,#7981),(#7982,#7983),(#7984,#7985),(#7986,
#7987),(#7988,#7989),(#7990,#7991),(#7992,#7993),(#7994,#7995),(#7996,#7997),(#7998,#7999),(#8000,#8001),(#8002,#8003),(#8004,#8005),(#8006,#8007),(#8008,
#8009),(#8010,#8011),(#8012,#8013),(#8014,#8015),(#8016,#8017),(#8018,#8019),(#8020,#8021),(#8022,#8023),(#8024,#8025),(#8026,#8027),(#8028,#8029),(#8030,
#8031),(#8032,#8033),(#8034,#8035),(#8036,#8037),(#8038,#8039),(#8040,#8041),(#8042,#8043),(#8044,#8045),(#8046,#8047),(#8048,#8049),(#8050,#8051),(#8052,
#8053),(#8054,#8055),(#8056,#8057)),.RULED_SURF.,.F.,.F.,.F.,(4,2,2,2,2,2,2,2,2,2,2,2,2,2,2,2,2,2,2,2,2,2,2,2,2,2,2,2,2,4),(2,2),(0.431550234598108,0.441649924560275,0.461099949694061,0.480549974827847,0.490274987394741,0.495137493678187,0.49756874681991,0.498784373390772,0.499392186676203,0.499999999961634,0.500607813247364,0.501215626533095,0.502431253104556,0.504862506247478,0.509725012533323,0.519450025105011,0.538900050248389,0.558350075391767,0.577800100535145,0.597250125678522,0.6167001508219,0.636150175965278,0.655600201108656,0.677125188539365,0.698650175970074,0.720175163400783,0.741700150831492,0.763225138262201,0.78475012569291,0.798231445175921),(0.,0.809526762193392),.UNSPECIFIED.);
#60=B_SPLINE_SURFACE_WITH_KNOTS('',3,1,((#8063,#8064),(#8065,#8066),(#8067,
#8068),(#8069,#8070)),.SURF_OF_LINEAR_EXTRUSION.,.F.,.F.,.F.,(4,4),(2,2),(0.499999999877931,0.59440077632288),(0.,1.),.PIECEWISE_BEZIER_KNOTS.);
#61=B_SPLINE_SURFACE_WITH_KNOTS('',3,1,((#8076,#8077,#8078),(#8079,#8080,
#8081),(#8082,#8083,#8084),(#8085,#8086,#8087),(#8088,#8089,#8090),(#8091,
#8092,#8093),(#8094,#8095,#8096),(#8097,#8098,#8099),(#8100,#8101,#8102),(#8103,#8104,#8105),(#8106,#8107,#8108),(#8109,#8110,#8111),(#8112,#8113,
#8114),(#8115,#8116,#8117),(#8118,#8119,#8120),(#8121,#8122,#8123),(#8124,
#8125,#8126),(#8127,#8128,#8129),(#8130,#8131,#8132),(#8133,#8134,#8135),(#8136,#8137,#8138),(#8139,#8140,#8141),(#8142,#8143,#8144),(#8145,#8146,
#8147),(#8148,#8149,#8150),(#8151,#8152,#8153),(#8154,#8155,#8156),(#8157,
#8158,#8159),(#8160,#8161,#8162),(#8163,#8164,#8165),(#8166,#8167,#8168),(#8169,#8170,#8171),(#8172,#8173,#8174),(#8175,#8176,#8177),(#8178,#8179,
#8180),(#8181,#8182,#8183),(#8184,#8185,#8186),(#8187,#8188,#8189),(#8190,
#8191,#8192),(#8193,#8194,#8195),(#8196,#8197,#8198),(#8199,#8200,#8201),(#8202,#8203,#8204),(#8205,#8206,#8207),(#8208,#8209,#8210),(#8211,#8212,
#8213),(#8214,#8215,#8216),(#8217,#8218,#8219),(#8220,#8221,#8222),(#8223,
#8224,#8225),(#8226,#8227,#8228),(#8229,#8230,#8231),(#8232,#8233,#8234),(#8235,#8236,#8237),(#8238,#8239,#8240),(#8241,#8242,#8243),(#8244,#8245,
#8246),(#8247,#8248,#8249),(#8250,#8251,#8252),(#8253,#8254,#8255),(#8256,
#8257,#8258),(#8259,#8260,#8261),(#8262,#8263,#8264),(#8265,#8266,#8267),(#8268,#8269,#8270),(#8271,#8272,#8273),(#8274,#8275,#8276),(#8277,#8278,
#8279)),.RULED_SURF.,.F.,.F.,.F.,(4,2,2,2,2,2,2,2,2,2,2,2,2,2,2,2,2,2,2,2,2,2,2,2,2,2,2,2,2,2,2,2,2,4),(2,1,2),(0.497252410233875,0.498060234500164,0.503696495785546,0.509332757070928,0.51496901835631,0.520605279641692,0.526241540927074,0.537514063497838,0.548786586068601,0.560059108639365,0.571331631210129,0.582604153780893,0.593876676351657,0.606568030215668,0.619259384079678,0.631950737943689,0.6446420918077,0.657333445671711,0.670024799535721,0.682716153399732,0.695407507263743,0.708098861127753,0.720790214991764,0.746172922719786,0.771555630447807,0.796938338175828,0.82232104590385,0.847703753631871,0.873086461359893,0.898469169087914,0.923851876815936,0.949234584543957,0.974617292271979,1.),(-0.00166363433861272,0.,0.278933696584404),.UNSPECIFIED.);
#62=B_SPLINE_SURFACE_WITH_KNOTS('',3,1,((#8280,#8281,#8282),(#8283,#8284,
#8285),(#8286,#8287,#8288),(#8289,#8290,#8291),(#8292,#8293,#8294),(#8295,
#8296,#8297),(#8298,#8299,#8300),(#8301,#8302,#8303),(#8304,#8305,#8306),(#8307,#8308,#8309),(#8310,#8311,#8312),(#8313,#8314,#8315),(#8316,#8317,
#8318),(#8319,#8320,#8321),(#8322,#8323,#8324),(#8325,#8326,#8327),(#8328,
#8329,#8330),(#8331,#8332,#8333),(#8334,#8335,#8336),(#8337,#8338,#8339),(#8340,#8341,#8342),(#8343,#8344,#8345),(#8346,#8347,#8348),(#8349,#8350,
#8351),(#8352,#8353,#8354),(#8355,#8356,#8357),(#8358,#8359,#8360),(#8361,
#8362,#8363),(#8364,#8365,#8366),(#8367,#8368,#8369),(#8370,#8371,#8372),(#8373,#8374,#8375),(#8376,#8377,#8378),(#8379,#8380,#8381),(#8382,#8383,
#8384),(#8385,#8386,#8387),(#8388,#8389,#8390),(#8391,#8392,#8393),(#8394,
#8395,#8396),(#8397,#8398,#8399),(#8400,#8401,#8402),(#8403,#8404,#8405),(#8406,#8407,#8408),(#8409,#8410,#8411),(#8412,#8413,#8414),(#8415,#8416,
#8417),(#8418,#8419,#8420),(#8421,#8422,#8423),(#8424,#8425,#8426),(#8427,
#8428,#8429),(#8430,#8431,#8432),(#8433,#8434,#8435),(#8436,#8437,#8438),(#8439,#8440,#8441),(#8442,#8443,#8444),(#8445,#8446,#8447),(#8448,#8449,
#8450),(#8451,#8452,#8453),(#8454,#8455,#8456),(#8457,#8458,#8459),(#8460,
#8461,#8462),(#8463,#8464,#8465),(#8466,#8467,#8468),(#8469,#8470,#8471),(#8472,#8473,#8474),(#8475,#8476,#8477),(#8478,#8479,#8480),(#8481,#8482,
#8483)),.RULED_SURF.,.F.,.F.,.F.,(4,2,2,2,2,2,2,2,2,2,2,2,2,2,2,2,2,2,2,2,2,2,2,2,2,2,2,2,2,2,2,2,2,4),(2,1,2),(0.499992253543587,0.499999992456388,0.513887410128179,0.527774827799971,0.541662245471762,0.555549663143553,0.569437080815345,0.583324498487136,0.597211916158928,0.611099333830719,0.62498675150251,0.638874169174302,0.652761586846093,0.666649004517884,0.680536422189676,0.694423839861467,0.708311257533259,0.72219867520505,0.739561258004734,0.756923840804419,0.774286423604103,0.791649006403788,0.809011589203472,0.826374172003156,0.843736754802841,0.861099337602525,0.878461920402209,0.895824503201894,0.913187086001578,0.930549668801262,0.947912251600947,0.965274834400631,0.982637417200316,1.),(-0.00600011331866768,0.,1.),.UNSPECIFIED.);
#63=B_SPLINE_SURFACE_WITH_KNOTS('',3,1,((#8494,#8495),(#8496,#8497),(#8498,
#8499),(#8500,#8501),(#8502,#8503)),.RULED_SURF.,.F.,.F.,.F.,(4,1,4),(2,2),(0.,0.333333333333334,0.5),(0.,1.),.UNSPECIFIED.);
#64=B_SPLINE_SURFACE_WITH_KNOTS('',3,1,((#8504,#8505,#8506,#8507),(#8508,
#8509,#8510,#8511),(#8512,#8513,#8514,#8515),(#8516,#8517,#8518,#8519),(#8520,#8521,#8522,#8523),(#8524,#8525,#8526,#8527),(#8528,#8529,#8530,
#8531),(#8532,#8533,#8534,#8535),(#8536,#8537,#8538,#8539),(#8540,#8541,
#8542,#8543),(#8544,#8545,#8546,#8547),(#8548,#8549,#8550,#8551),(#8552,
#8553,#8554,#8555),(#8556,#8557,#8558,#8559),(#8560,#8561,#8562,#8563),(#8564,#8565,#8566,#8567),(#8568,#8569,#8570,#8571),(#8572,#8573,#8574,
#8575),(#8576,#8577,#8578,#8579),(#8580,#8581,#8582,#8583),(#8584,#8585,
#8586,#8587),(#8588,#8589,#8590,#8591),(#8592,#8593,#8594,#8595),(#8596,
#8597,#8598,#8599),(#8600,#8601,#8602,#8603),(#8604,#8605,#8606,#8607),(#8608,#8609,#8610,#8611),(#8612,#8613,#8614,#8615),(#8616,#8617,#8618,
#8619),(#8620,#8621,#8622,#8623),(#8624,#8625,#8626,#8627),(#8628,#8629,
#8630,#8631),(#8632,#8633,#8634,#8635),(#8636,#8637,#8638,#8639),(#8640,
#8641,#8642,#8643),(#8644,#8645,#8646,#8647),(#8648,#8649,#8650,#8651),(#8652,#8653,#8654,#8655),(#8656,#8657,#8658,#8659),(#8660,#8661,#8662,
#8663),(#8664,#8665,#8666,#8667),(#8668,#8669,#8670,#8671),(#8672,#8673,
#8674,#8675),(#8676,#8677,#8678,#8679),(#8680,#8681,#8682,#8683),(#8684,
#8685,#8686,#8687),(#8688,#8689,#8690,#8691),(#8692,#8693,#8694,#8695),(#8696,#8697,#8698,#8699),(#8700,#8701,#8702,#8703),(#8704,#8705,#8706,
#8707),(#8708,#8709,#8710,#8711),(#8712,#8713,#8714,#8715),(#8716,#8717,
#8718,#8719),(#8720,#8721,#8722,#8723),(#8724,#8725,#8726,#8727),(#8728,
#8729,#8730,#8731),(#8732,#8733,#8734,#8735),(#8736,#8737,#8738,#8739),(#8740,#8741,#8742,#8743)),.RULED_SURF.,.F.,.F.,.F.,(4,2,2,2,2,2,2,2,2,2,2,2,2,2,2,2,2,2,2,2,2,2,2,2,2,2,2,2,2,4),(2,1,1,2),(0.497471031209951,0.499999876110413,0.512313506359979,0.524627136609545,0.536940766859111,0.549254397108677,0.561568027358243,0.57388165760781,0.586195287857376,0.598508918106942,0.610822548356508,0.623136178606074,0.63544980885564,0.647763439105207,0.660077069354773,0.672390699604339,0.684704329853905,0.697017960103471,0.715954337597004,0.734890715090537,0.75382709258407,0.772763470077603,0.791699847571136,0.81063622506467,0.829572602558203,0.848508980051736,0.867445357545269,0.886381735038802,0.905318112532335,0.923998704647807),(-0.00600006124193877,0.,1.,1.00600035689763),.UNSPECIFIED.);
#65=LINE('',#2429,#148);
#66=LINE('',#2433,#149);
#67=LINE('',#2444,#150);
#68=LINE('',#2458,#151);
#69=LINE('',#2469,#152);
#70=LINE('',#2481,#153);
#71=LINE('',#2493,#154);
#72=LINE('',#2532,#155);
#73=LINE('',#2542,#156);
#74=LINE('',#3285,#157);
#75=LINE('',#3288,#158);
#76=LINE('',#3289,#159);
#77=LINE('',#3291,#160);
#78=LINE('',#3293,#161);
#79=LINE('',#3318,#162);
#80=LINE('',#3338,#163);
#81=LINE('',#3340,#164);
#82=LINE('',#3342,#165);
#83=LINE('',#3345,#166);
#84=LINE('',#3347,#167);
#85=LINE('',#3349,#168);
#86=LINE('',#3351,#169);
#87=LINE('',#3354,#170);
#88=LINE('',#3356,#171);
#89=LINE('',#3369,#172);
#90=LINE('',#3371,#173);
#91=LINE('',#3379,#174);
#92=LINE('',#3387,#175);
#93=LINE('',#3394,#176);
#94=LINE('',#3485,#177);
#95=LINE('',#3524,#178);
#96=LINE('',#3636,#179);
#97=LINE('',#3677,#180);
#98=LINE('',#3808,#181);
#99=LINE('',#3819,#182);
#100=LINE('',#3830,#183);
#101=LINE('',#3831,#184);
#102=LINE('',#3917,#185);
#103=LINE('',#3929,#186);
#104=LINE('',#3931,#187);
#105=LINE('',#3933,#188);
#106=LINE('',#4117,#189);
#107=LINE('',#4194,#190);
#108=LINE('',#4337,#191);
#109=LINE('',#4624,#192);
#110=LINE('',#4671,#193);
#111=LINE('',#5036,#194);
#112=LINE('',#6642,#195);
#113=LINE('',#6645,#196);
#114=LINE('',#6646,#197);
#115=LINE('',#6648,#198);
#116=LINE('',#6650,#199);
#117=LINE('',#6675,#200);
#118=LINE('',#6695,#201);
#119=LINE('',#6697,#202);
#120=LINE('',#6699,#203);
#121=LINE('',#6702,#204);
#122=LINE('',#6704,#205);
#123=LINE('',#6706,#206);
#124=LINE('',#6708,#207);
#125=LINE('',#6716,#208);
#126=LINE('',#6718,#209);
#127=LINE('',#6726,#210);
#128=LINE('',#6728,#211);
#129=LINE('',#6736,#212);
#130=LINE('',#6744,#213);
#131=LINE('',#6751,#214);
#132=LINE('',#6819,#215);
#133=LINE('',#6858,#216);
#134=LINE('',#6970,#217);
#135=LINE('',#6975,#218);
#136=LINE('',#7142,#219);
#137=LINE('',#7144,#220);
#138=LINE('',#7164,#221);
#139=LINE('',#7165,#222);
#140=LINE('',#7261,#223);
#141=LINE('',#7263,#224);
#142=LINE('',#7265,#225);
#143=LINE('',#7267,#226);
#144=LINE('',#7503,#227);
#145=LINE('',#7628,#228);
#146=LINE('',#7910,#229);
#147=LINE('',#7937,#230);
#148=VECTOR('',#2115,1.);
#149=VECTOR('',#2118,1.);
#150=VECTOR('',#2125,1.);
#151=VECTOR('',#2130,1.);
#152=VECTOR('',#2137,1.);
#153=VECTOR('',#2142,1.);
#154=VECTOR('',#2149,1.);
#155=VECTOR('',#2150,1.);
#156=VECTOR('',#2155,1.);
#157=VECTOR('',#2170,1.);
#158=VECTOR('',#2171,1.);
#159=VECTOR('',#2172,1.);
#160=VECTOR('',#2175,1.);
#161=VECTOR('',#2176,1.);
#162=VECTOR('',#2177,1.);
#163=VECTOR('',#2178,1.);
#164=VECTOR('',#2181,1.);
#165=VECTOR('',#2184,1.);
#166=VECTOR('',#2185,1.);
#167=VECTOR('',#2186,1.);
#168=VECTOR('',#2187,1.);
#169=VECTOR('',#2190,1.);
#170=VECTOR('',#2191,1.);
#171=VECTOR('',#2192,1.);
#172=VECTOR('',#2195,1.);
#173=VECTOR('',#2196,1.);
#174=VECTOR('',#2199,1.);
#175=VECTOR('',#2200,1.);
#176=VECTOR('',#2203,1.);
#177=VECTOR('',#2210,1.);
#178=VECTOR('',#2213,1.);
#179=VECTOR('',#2216,1.);
#180=VECTOR('',#2217,1.);
#181=VECTOR('',#2230,1.);
#182=VECTOR('',#2231,1.);
#183=VECTOR('',#2234,1.);
#184=VECTOR('',#2235,1.);
#185=VECTOR('',#2238,1.);
#186=VECTOR('',#2241,1.);
#187=VECTOR('',#2242,1.);
#188=VECTOR('',#2245,1.);
#189=VECTOR('',#2246,1.);
#190=VECTOR('',#2247,1.);
#191=VECTOR('',#2252,1.);
#192=VECTOR('',#2253,1.);
#193=VECTOR('',#2254,1.);
#194=VECTOR('',#2259,1.);
#195=VECTOR('',#2316,1.);
#196=VECTOR('',#2317,1.);
#197=VECTOR('',#2318,1.);
#198=VECTOR('',#2321,1.);
#199=VECTOR('',#2322,1.);
#200=VECTOR('',#2323,1.);
#201=VECTOR('',#2324,1.);
#202=VECTOR('',#2327,1.);
#203=VECTOR('',#2330,1.);
#204=VECTOR('',#2331,1.);
#205=VECTOR('',#2332,1.);
#206=VECTOR('',#2333,1.);
#207=VECTOR('',#2336,1.);
#208=VECTOR('',#2337,1.);
#209=VECTOR('',#2338,1.);
#210=VECTOR('',#2341,1.);
#211=VECTOR('',#2342,1.);
#212=VECTOR('',#2345,1.);
#213=VECTOR('',#2346,1.);
#214=VECTOR('',#2349,1.);
#215=VECTOR('',#2356,1.);
#216=VECTOR('',#2359,1.);
#217=VECTOR('',#2362,1.);
#218=VECTOR('',#2365,1.);
#219=VECTOR('',#2376,1.);
#220=VECTOR('',#2377,1.);
#221=VECTOR('',#2380,1.);
#222=VECTOR('',#2381,1.);
#223=VECTOR('',#2384,1.);
#224=VECTOR('',#2387,1.);
#225=VECTOR('',#2388,1.);
#226=VECTOR('',#2391,1.);
#227=VECTOR('',#2392,1.);
#228=VECTOR('',#2395,1.);
#229=VECTOR('',#2396,1.);
#230=VECTOR('',#2397,1.);
#231=CYLINDRICAL_SURFACE('',#2002,0.0249062254318732);
#232=CYLINDRICAL_SURFACE('',#2004,0.0249715430200677);
#233=CYLINDRICAL_SURFACE('',#2007,0.0249635487121041);
#234=CYLINDRICAL_SURFACE('',#2009,0.0249715430200677);
#235=CYLINDRICAL_SURFACE('',#2012,0.0249639811918068);
#236=CYLINDRICAL_SURFACE('',#2014,0.0249715430200677);
#237=CYLINDRICAL_SURFACE('',#2017,0.0249596513535894);
#238=CYLINDRICAL_SURFACE('',#2019,0.0249715430200677);
#239=CYLINDRICAL_SURFACE('',#2021,0.00211666666666666);
#240=CYLINDRICAL_SURFACE('',#2039,0.0266666666666667);
#241=CYLINDRICAL_SURFACE('',#2047,0.0178017470687474);
#242=CYLINDRICAL_SURFACE('',#2048,0.360029816942368);
#243=CYLINDRICAL_SURFACE('',#2056,0.0249062254318732);
#244=CYLINDRICAL_SURFACE('',#2058,0.0249715430200677);
#245=CYLINDRICAL_SURFACE('',#2061,0.0249635487121041);
#246=CYLINDRICAL_SURFACE('',#2063,0.0249715430200677);
#247=CYLINDRICAL_SURFACE('',#2066,0.0249639811918068);
#248=CYLINDRICAL_SURFACE('',#2068,0.0249715430200677);
#249=CYLINDRICAL_SURFACE('',#2071,0.0249596513535893);
#250=CYLINDRICAL_SURFACE('',#2073,0.0249715430200677);
#251=CYLINDRICAL_SURFACE('',#2075,0.00211666666666666);
#252=CYLINDRICAL_SURFACE('',#2093,0.0266666666666667);
#253=CYLINDRICAL_SURFACE('',#2101,0.0178017470575809);
#254=CYLINDRICAL_SURFACE('',#2102,0.360029816942368);
#255=B_SPLINE_CURVE_WITH_KNOTS('',3,(#2403,#2404,#2405,#2406,#2407,#2408,#2409),.UNSPECIFIED.,.F.,.F.,(4,1,1,1,4),(0.0146874451271138,0.0188174660923615,0.0229474870576093,0.027077508022857,0.0312075289881048),.UNSPECIFIED.);
#256=B_SPLINE_CURVE_WITH_KNOTS('',3,(#2411,#2412,#2413,#2414,#2415,#2416,#2417),.UNSPECIFIED.,.F.,.F.,(4,1,1,1,4),(0.,0.00390475252148601,0.00780950504297202,0.011714257564458,0.015619010085944),.UNSPECIFIED.);
#257=B_SPLINE_CURVE_WITH_KNOTS('',3,(#2422,#2423,#2424,#2425,#2426,#2427),.UNSPECIFIED.,.F.,.F.,(4,1,1,4),(0.00285183743614614,0.00581073930234639,0.00876964116854663,0.0146874449009471),.UNSPECIFIED.);
#258=B_SPLINE_CURVE_WITH_KNOTS('',3,(#2438,#2439,#2440,#2441),.UNSPECIFIED.,.F.,.F.,(4,4),(4.71422037702438E-08,0.00285183743614914),.UNSPECIFIED.);
#259=B_SPLINE_CURVE_WITH_KNOTS('',3,(#2446,#2447,#2448,#2449,#2450,#2451,#2452,#2453,#2454),.UNSPECIFIED.,.F.,.F.,(4,1,1,1,1,1,4),(0.000217251153747281,0.00739278147212941,0.0109805466313205,0.0145683117905115,0.0181560769497026,0.0217438421088937,0.0289193724272758),.UNSPECIFIED.);
#260=B_SPLINE_CURVE_WITH_KNOTS('',3,(#2463,#2464,#2465,#2466),.UNSPECIFIED.,.F.,.F.,(4,4),(0.,0.000217251153747281),.UNSPECIFIED.);
#261=B_SPLINE_CURVE_WITH_KNOTS('',3,(#2471,#2472,#2473,#2474,#2475,#2476,#2477),.UNSPECIFIED.,.F.,.F.,(4,1,1,1,4),(0.013309889229958,0.0174509034995694,0.0215919177691807,0.025732932038792,0.0298739463084033),.UNSPECIFIED.);
#262=B_SPLINE_CURVE_WITH_KNOTS('',3,(#2486,#2487,#2488,#2489,#2490),.UNSPECIFIED.,.F.,.F.,(4,1,4),(0.,0.00665494461497886,0.0133098892299577),.UNSPECIFIED.);
#263=B_SPLINE_CURVE_WITH_KNOTS('',3,(#2512,#2513,#2514,#2515,#2516,#2517,#2518,#2519,#2520),.UNSPECIFIED.,.F.,.F.,(4,1,1,1,1,1,4),(0.,0.00664313347483456,0.00996470021225184,0.0132862669496691,0.0199294004245037,0.023250967161921,0.0265725338993382),.UNSPECIFIED.);
#264=B_SPLINE_CURVE_WITH_KNOTS('',3,(#2522,#2523,#2524,#2525,#2526,#2527,#2528,#2529,#2530),.UNSPECIFIED.,.F.,.F.,(4,1,1,1,1,1,4),(0.,0.00664313371890199,0.00996470057835298,0.013286267437804,0.019929401156706,0.023250968016157,0.0265725348756079),.UNSPECIFIED.);
#265=B_SPLINE_CURVE_WITH_KNOTS('',3,(#2534,#2535,#2536,#2537,#2538,#2539),.UNSPECIFIED.,.F.,.F.,(4,1,1,4),(0.0156190100859441,0.0234257390864977,0.0273291035867745,0.0312324680870514),.UNSPECIFIED.);
#266=B_SPLINE_CURVE_WITH_KNOTS('',3,(#2620,#2621,#2622,#2623),.UNSPECIFIED.,.F.,.F.,(4,4),(-5.88288565832457E-05,2.1929911502767E-05),.UNSPECIFIED.);
#267=B_SPLINE_CURVE_WITH_KNOTS('',3,(#2625,#2626,#2627,#2628),.UNSPECIFIED.,.F.,.F.,(4,4),(-5.88288565836244E-05,0.188975227766526),.UNSPECIFIED.);
#268=B_SPLINE_CURVE_WITH_KNOTS('',3,(#2630,#2631,#2632,#2633),.UNSPECIFIED.,.F.,.F.,(4,4),(-0.000211907845403032,0.0091978067203846),.UNSPECIFIED.);
#269=B_SPLINE_CURVE_WITH_KNOTS('',3,(#2635,#2636,#2637,#2638),.UNSPECIFIED.,.F.,.F.,(4,4),(0.,1.),.UNSPECIFIED.);
#270=B_SPLINE_CURVE_WITH_KNOTS('',3,(#2640,#2641,#2642,#2643),.UNSPECIFIED.,.F.,.F.,(4,4),(-0.000207623664137052,0.0215281164155253),.UNSPECIFIED.);
#271=B_SPLINE_CURVE_WITH_KNOTS('',3,(#2645,#2646,#2647,#2648),.UNSPECIFIED.,.F.,.F.,(4,4),(0.,5.92111480372189E-05),.UNSPECIFIED.);
#272=B_SPLINE_CURVE_WITH_KNOTS('',3,(#2650,#2651,#2652,#2653,#2654,#2655,#2656),.UNSPECIFIED.,.F.,.F.,(4,1,1,1,4),(-0.000221156895565671,0.0469022505162089,0.0940256579279834,0.141149065339758,0.188272472751532),.UNSPECIFIED.);
#273=B_SPLINE_CURVE_WITH_KNOTS('',3,(#2658,#2659,#2660,#2661),.UNSPECIFIED.,.F.,.F.,(4,4),(-9.67585400701794E-05,7.13173079366145E-06),.UNSPECIFIED.);
#274=B_SPLINE_CURVE_WITH_KNOTS('',3,(#2824,#2825,#2826,#2827),.UNSPECIFIED.,.F.,.F.,(4,4),(0.758793747860467,0.948426549281481),.UNSPECIFIED.);
#275=B_SPLINE_CURVE_WITH_KNOTS('',3,(#2829,#2830,#2831,#2832,#2833,#2834,#2835,#2836),.UNSPECIFIED.,.F.,.F.,(4,1,1,1,1,4),(0.00919269709674357,0.0141192541962287,0.0190458112957138,0.0288989254946839,0.0387520396936541,0.0486051538926243),.UNSPECIFIED.);
#276=B_SPLINE_CURVE_WITH_KNOTS('',3,(#3077,#3078,#3079,#3080,#3081,#3082,#3083,#3084,#3085,#3086),.UNSPECIFIED.,.F.,.F.,(4,1,1,1,1,1,1,4),(-0.000446737531234802,0.0467528008764887,0.0703525700803505,0.0939523392842123,0.117552108488074,0.141151877691936,0.164751646895798,0.188351416099659),.UNSPECIFIED.);
#277=B_SPLINE_CURVE_WITH_KNOTS('',3,(#3088,#3089,#3090,#3091,#3092),.UNSPECIFIED.,.F.,.F.,(4,1,4),(-5.05426858322488E-05,0.00562028965412136,0.011291121994075),.UNSPECIFIED.);
#278=B_SPLINE_CURVE_WITH_KNOTS('',3,(#3094,#3095,#3096,#3097),.UNSPECIFIED.,.F.,.F.,(4,4),(-5.05426858598971E-05,0.00202283128332286),.UNSPECIFIED.);
#279=B_SPLINE_CURVE_WITH_KNOTS('',3,(#3099,#3100,#3101,#3102),.UNSPECIFIED.,.F.,.F.,(4,4),(0.,5.01426925377289E-05),.UNSPECIFIED.);
#280=B_SPLINE_CURVE_WITH_KNOTS('',3,(#3169,#3170,#3171,#3172,#3173),.UNSPECIFIED.,.F.,.F.,(4,1,4),(-4.86926341197856E-05,0.0943921597235812,0.188833012081282),.UNSPECIFIED.);
#281=B_SPLINE_CURVE_WITH_KNOTS('',3,(#3176,#3177,#3178,#3179),.UNSPECIFIED.,.F.,.F.,(4,4),(-4.86926341197884E-05,9.09694977366072E-05),.UNSPECIFIED.);
#282=B_SPLINE_CURVE_WITH_KNOTS('',3,(#3180,#3181,#3182,#3183),.UNSPECIFIED.,.F.,.F.,(4,4),(-0.000110226558045966,0.0302640476173267),.UNSPECIFIED.);
#283=B_SPLINE_CURVE_WITH_KNOTS('',3,(#3185,#3186,#3187,#3188),.UNSPECIFIED.,.F.,.F.,(4,4),(-0.000110226558045973,0.0162801519596331),.UNSPECIFIED.);
#284=B_SPLINE_CURVE_WITH_KNOTS('',3,(#3264,#3265,#3266,#3267),.UNSPECIFIED.,.F.,.F.,(4,4),(0.,1.51000377178362E-05),.UNSPECIFIED.);
#285=B_SPLINE_CURVE_WITH_KNOTS('',3,(#3269,#3270,#3271,#3272),.UNSPECIFIED.,.F.,.F.,(4,4),(0.0390781398128323,0.0731217971537047),.UNSPECIFIED.);
#286=B_SPLINE_CURVE_WITH_KNOTS('',3,(#3274,#3275,#3276,#3277),.UNSPECIFIED.,.F.,.F.,(4,4),(0.,6.32890942725917E-05),.UNSPECIFIED.);
#287=B_SPLINE_CURVE_WITH_KNOTS('',3,(#3310,#3311,#3312,#3313,#3314,#3315,#3316),.UNSPECIFIED.,.F.,.F.,(4,1,1,1,4),(0.,0.00996583922864334,0.0199316784572867,0.02989751768593,0.0398633569145734),.UNSPECIFIED.);
#288=B_SPLINE_CURVE_WITH_KNOTS('',3,(#3331,#3332,#3333,#3334,#3335,#3336),.UNSPECIFIED.,.F.,.F.,(4,1,1,4),(0.,0.00670655062483653,0.0100598259372548,0.0134131012496731),.UNSPECIFIED.);
#289=B_SPLINE_CURVE_WITH_KNOTS('',3,(#3358,#3359,#3360,#3361),.UNSPECIFIED.,.F.,.F.,(4,4),(0.,0.0169385811610118),.UNSPECIFIED.);
#290=B_SPLINE_CURVE_WITH_KNOTS('',3,(#3363,#3364,#3365,#3366,#3367),.UNSPECIFIED.,.F.,.F.,(4,1,4),(-0.0327022184094381,-0.0151218602057362,0.00245849799796568),.UNSPECIFIED.);
#291=B_SPLINE_CURVE_WITH_KNOTS('',3,(#3373,#3374,#3375,#3376),.UNSPECIFIED.,.F.,.F.,(4,4),(0.,6.26969316436909E-05),.UNSPECIFIED.);
#292=B_SPLINE_CURVE_WITH_KNOTS('',3,(#3380,#3381,#3382,#3383,#3384,#3385),.UNSPECIFIED.,.F.,.F.,(4,1,1,4),(0.,0.0087833466779628,0.0175666933559256,0.0351333867118512),.UNSPECIFIED.);
#293=B_SPLINE_CURVE_WITH_KNOTS('',3,(#3389,#3390,#3391,#3392),.UNSPECIFIED.,.F.,.F.,(4,4),(1.75541673428835E-16,0.000164395945259983),.UNSPECIFIED.);
#294=B_SPLINE_CURVE_WITH_KNOTS('',3,(#3396,#3397,#3398,#3399),.UNSPECIFIED.,.F.,.F.,(4,4),(2.78097328878398E-17,0.0169697124790829),.UNSPECIFIED.);
#295=B_SPLINE_CURVE_WITH_KNOTS('',3,(#3400,#3401,#3402,#3403),.UNSPECIFIED.,.F.,.F.,(4,4),(0.,0.000153567263128223),.UNSPECIFIED.);
#296=B_SPLINE_CURVE_WITH_KNOTS('',3,(#3405,#3406,#3407,#3408,#3409,#3410,#3411,#3412,#3413,#3414,#3415,#3416,#3417,#3418,#3419,#3420,#3421,#3422,#3423,#3424,#3425,#3426,#3427,#3428,#3429,#3430,#3431,#3432,#3433,#3434,#3435,#3436,#3437,#3438,#3439,#3440,#3441,#3442,#3443,#3444,#3445,#3446,#3447,#3448,#3449,#3450,#3451,#3452,#3453,#3454,#3455,#3456,#3457,#3458,#3459,#3460,#3461,#3462,#3463,#3464,#3465,#3466,#3467,#3468,#3469,#3470,#3471,#3472,#3473,#3474,#3475,#3476,#3477,#3478,#3479,#3480,#3481,#3482),.UNSPECIFIED.,.T.,.F.,(1,1,1,1,1,1,1,1,1,1,1,1,1,1,1,1,1,1,1,1,1,1,1,1,1,1,1,1,1,1,1,1,1,1,1,1,1,1,1,1,1,1,1,1,1,1,1,1,1,1,1,1,1,1,1,1,1,1,1,1,1,1,1,1,1,1,1,1,1,1,1,1,1,1,1,1,1,1,1,1,1,1),(0.764648477835221,0.777454001846325,0.790259525857429,0.803065049868532,0.810855263158553,0.82648026315824,0.842105263157928,0.857730263157912,0.873355263157896,0.888980263157896,0.904605263157895,0.920230263157895,0.935855263157895,0.951480263157895,0.967105263157895,0.975308388157895,0.983511513157895,1.0091225611801,1.03473360920231,1.08595570524672,1.11156675326893,1.12437227728004,1.13717780129114,1.14998332530224,1.16278884931335,1.18839989733555,1.20120542134666,1.21401094535776,1.22041370736331,1.22681646936887,1.23962199337997,1.24602475538552,1.2492261363883,1.25242751739107,1.26523304140218,1.27803856541328,1.28123994641606,1.28444132741883,1.29084408942438,1.30364961343549,1.31005237544104,1.31325375644382,1.31645513744659,1.32926066145769,1.33566342346325,1.3420661854688,1.3548717094799,1.36767723349101,1.37407999549656,1.38048275750211,1.39328828151321,1.40609380552432,1.41889932953542,1.44451037755763,1.49573247360204,1.52134352162425,1.54695456964646,1.57256561766867,1.59817666569087,1.61098218970198,1.62378771371308,1.63659323772418,1.64939876173529,1.65580152374084,1.66220428574639,1.6750098097575,1.68141257176305,1.6878153337686,1.69421809577415,1.7006208577797,1.71342638179081,1.71982914379636,1.72623190580191,1.73903742981301,1.75184295382412,1.76464847783522,1.77745400184632,1.79025952585743,1.80306504986853,1.81085526315855,1.82648026315824,1.84210526315793),.UNSPECIFIED.);
#297=B_SPLINE_CURVE_WITH_KNOTS('',3,(#3488,#3489,#3490,#3491,#3492,#3493,#3494,#3495,#3496,#3497,#3498,#3499,#3500,#3501,#3502,#3503,#3504,#3505,#3506,#3507,#3508,#3509,#3510,#3511,#3512,#3513,#3514,#3515,#3516,#3517,#3518,#3519,#3520,#3521,#3522),.UNSPECIFIED.,.F.,.F.,(4,1,1,1,1,1,1,1,1,1,1,1,1,1,1,1,1,1,1,1,1,1,1,1,1,1,1,1,1,1,1,1,4),(0.0301247965140992,0.0344436293324621,0.0387624621508249,0.0430812949691878,0.0474001277875506,0.0517189606059135,0.0538783770150949,0.0560377934242763,0.0581972098334577,0.0592769180380484,0.0603566262426392,0.0614363344472299,0.0625160426518206,0.0630558967541159,0.0635957508564113,0.0641356049587066,0.064675459061002,0.0652153131632974,0.0657551672655927,0.0662950213678881,0.0668348754701834,0.0679145836747741,0.0689942918793648,0.0700740000839556,0.0711537082885463,0.0733131246977277,0.0754725411069091,0.0776319575160905,0.0819507903344534,0.0862696231528162,0.0905884559711791,0.0949072887895419,0.0992261216079048),.UNSPECIFIED.);
#298=B_SPLINE_CURVE_WITH_KNOTS('',3,(#3527,#3528,#3529,#3530,#3531,#3532,#3533,#3534,#3535,#3536,#3537,#3538,#3539,#3540,#3541,#3542,#3543,#3544,#3545,#3546,#3547,#3548,#3549,#3550,#3551,#3552,#3553,#3554,#3555,#3556,#3557,#3558),.UNSPECIFIED.,.F.,.F.,(4,1,1,1,1,1,1,1,1,1,1,1,1,1,1,1,1,1,1,1,1,1,1,1,1,1,1,1,1,4),(5.68237795503496E-17,0.00365952648922585,0.00731905297845164,0.0109785794676774,0.0146381059569032,0.018297632446129,0.0201273956907419,0.0219571589353548,0.0237869221799677,0.0256166854245806,0.026531567046887,0.0274464486691935,0.0283613302914999,0.0288187711026532,0.0292762119138064,0.0297336527249596,0.0301910935361128,0.030648534347266,0.0311059751584193,0.0320208567807257,0.0329357384030322,0.0347655016476451,0.036595264892258,0.0384250281368708,0.0402547913814837,0.0439143178707095,0.0475738443599353,0.0512333708491611,0.0548928973383869,0.0585524238276127),.UNSPECIFIED.);
#299=B_SPLINE_CURVE_WITH_KNOTS('',3,(#3560,#3561,#3562,#3563),.UNSPECIFIED.,.F.,.F.,(4,4),(0.0420923994840759,0.169100959281557),.UNSPECIFIED.);
#300=B_SPLINE_CURVE_WITH_KNOTS('',3,(#3564,#3565,#3566,#3567),.UNSPECIFIED.,.F.,.F.,(4,4),(0.059267351276434,0.186267701733563),.UNSPECIFIED.);
#301=B_SPLINE_CURVE_WITH_KNOTS('',3,(#3639,#3640,#3641,#3642,#3643,#3644,#3645,#3646,#3647,#3648,#3649,#3650,#3651,#3652,#3653,#3654,#3655,#3656,#3657,#3658,#3659,#3660,#3661,#3662,#3663,#3664,#3665,#3666,#3667,#3668,#3669,#3670,#3671,#3672,#3673,#3674,#3675),.UNSPECIFIED.,.F.,.F.,(4,1,1,1,1,1,1,1,1,1,1,1,1,1,1,1,1,1,1,1,1,1,1,1,1,1,1,1,1,1,1,1,1,1,4),(0.19251255547538,0.196682771991401,0.198767880249411,0.200852988507421,0.202938096765431,0.203980650894436,0.205023205023441,0.206065759152446,0.206587036216949,0.207108313281451,0.207629590345954,0.208150867410457,0.208672144474959,0.209193421539462,0.210235975668467,0.211278529797472,0.212321083926477,0.213363638055482,0.215448746313492,0.217533854571502,0.219618962829513,0.221704071087523,0.225874287603543,0.230044504119563,0.234214720635584,0.238384937151604,0.242555153667625,0.250895586699665,0.259236019731706,0.267576452763747,0.275916885795788,0.284257318827828,0.292597751859869,0.309278617923951,0.325959483988032),.UNSPECIFIED.);
#302=B_SPLINE_CURVE_WITH_KNOTS('',3,(#3810,#3811,#3812,#3813,#3814,#3815,#3816,#3817,#3818),.UNSPECIFIED.,.F.,.F.,(4,1,1,1,1,1,4),(0.212890496050237,0.227833370213763,0.242776244377289,0.27266199270434,0.302547741031392,0.317490615194918,0.332433489358444),.UNSPECIFIED.);
#303=B_SPLINE_CURVE_WITH_KNOTS('',3,(#3821,#3822,#3823,#3824,#3825,#3826,#3827),.UNSPECIFIED.,.F.,.F.,(4,1,1,1,4),(0.0145483561307589,0.0200894574224563,0.0256305587141537,0.0311716600058511,0.0367127612975485),.UNSPECIFIED.);
#304=B_SPLINE_CURVE_WITH_KNOTS('',3,(#3896,#3897,#3898,#3899),.UNSPECIFIED.,.F.,.F.,(4,4),(0.071021619650411,0.0727299751345966),.UNSPECIFIED.);
#305=B_SPLINE_CURVE_WITH_KNOTS('',3,(#3901,#3902,#3903,#3904,#3905,#3906,#3907,#3908,#3909,#3910,#3911,#3912,#3913,#3914,#3915),.UNSPECIFIED.,.F.,.F.,(4,1,1,1,1,1,1,1,1,1,1,1,4),(0.00535907708258345,0.00986635522213865,0.0143736333616938,0.018880911501249,0.0233881896408042,0.0324027459199146,0.0369100240594698,0.041417302199025,0.0504318584781354,0.0594464147572458,0.063953692896801,0.0684609710363562,0.0774755273154666),.UNSPECIFIED.);
#306=B_SPLINE_CURVE_WITH_KNOTS('',3,(#3919,#3920,#3921,#3922),.UNSPECIFIED.,.F.,.F.,(4,4),(0.59440077632288,1.),.PIECEWISE_BEZIER_KNOTS.);
#307=B_SPLINE_CURVE_WITH_KNOTS('',3,(#3924,#3925,#3926,#3927),.UNSPECIFIED.,.F.,.F.,(4,4),(0.81830447299979,1.),.PIECEWISE_BEZIER_KNOTS.);
#308=B_SPLINE_CURVE_WITH_KNOTS('',3,(#3935,#3936,#3937,#3938),.UNSPECIFIED.,.F.,.F.,(4,4),(7.71692926479704E-10,0.0106288037510162),.UNSPECIFIED.);
#309=B_SPLINE_CURVE_WITH_KNOTS('',3,(#3940,#3941,#3942,#3943),.UNSPECIFIED.,.F.,.F.,(4,4),(0.59440077632288,1.),.PIECEWISE_BEZIER_KNOTS.);
#310=B_SPLINE_CURVE_WITH_KNOTS('',3,(#4068,#4069,#4070,#4071,#4072,#4073,#4074),.UNSPECIFIED.,.F.,.F.,(4,1,1,1,4),(0.130378867555616,0.132757297579699,0.135135727603783,0.137514157627866,0.139892587651949),.UNSPECIFIED.);
#311=B_SPLINE_CURVE_WITH_KNOTS('',3,(#4076,#4077,#4078,#4079,#4080,#4081,#4082,#4083),.UNSPECIFIED.,.F.,.F.,(4,1,1,1,1,4),(0.00985350391090563,0.0164186101735958,0.022983716436286,0.0361139289616664,0.0492441414870467,0.0623743540124271),.UNSPECIFIED.);
#312=B_SPLINE_CURVE_WITH_KNOTS('',3,(#4085,#4086,#4087,#4088),.UNSPECIFIED.,.F.,.F.,(4,4),(0.0698101711376659,0.093657862945773),.UNSPECIFIED.);
#313=B_SPLINE_CURVE_WITH_KNOTS('',3,(#4090,#4091,#4092,#4093),.UNSPECIFIED.,.F.,.F.,(4,4),(0.,0.012511262730228),.UNSPECIFIED.);
#314=B_SPLINE_CURVE_WITH_KNOTS('',3,(#4106,#4107,#4108,#4109),.UNSPECIFIED.,.F.,.F.,(4,4),(0.,0.000865925761244046),.UNSPECIFIED.);
#315=B_SPLINE_CURVE_WITH_KNOTS('',3,(#4112,#4113,#4114,#4115,#4116),.UNSPECIFIED.,.F.,.F.,(4,1,4),(2.77555756156289E-17,0.0341292985137527,0.0682585970275054),.UNSPECIFIED.);
#316=B_SPLINE_CURVE_WITH_KNOTS('',3,(#4186,#4187,#4188,#4189,#4190,#4191,#4192),.UNSPECIFIED.,.F.,.F.,(4,1,1,1,4),(0.0081867691994387,0.0129635027572882,0.0177402363151376,0.0225169698729871,0.0272937034308365),.UNSPECIFIED.);
#317=B_SPLINE_CURVE_WITH_KNOTS('',3,(#4199,#4200,#4201,#4202),.UNSPECIFIED.,.F.,.F.,(4,4),(0.00342576907137197,0.00539502987996067),.UNSPECIFIED.);
#318=B_SPLINE_CURVE_WITH_KNOTS('',3,(#4204,#4205,#4206,#4207),.UNSPECIFIED.,.F.,.F.,(4,4),(0.0422961099917955,0.0438179121620319),.UNSPECIFIED.);
#319=B_SPLINE_CURVE_WITH_KNOTS('',3,(#4216,#4217,#4218,#4219),.UNSPECIFIED.,.F.,.F.,(4,4),(2.11038219202008E-17,0.00112208067837524),.UNSPECIFIED.);
#320=B_SPLINE_CURVE_WITH_KNOTS('',3,(#4221,#4222,#4223,#4224),.UNSPECIFIED.,.F.,.F.,(4,4),(0.,0.00150429016499947),.UNSPECIFIED.);
#321=B_SPLINE_CURVE_WITH_KNOTS('',3,(#4327,#4328,#4329,#4330),.UNSPECIFIED.,.F.,.F.,(4,4),(0.,0.0107871154078435),.UNSPECIFIED.);
#322=B_SPLINE_CURVE_WITH_KNOTS('',3,(#4331,#4332,#4333,#4334,#4335),.UNSPECIFIED.,.F.,.F.,(4,1,4),(0.0109815526473903,0.0220772679397456,0.033172983232101),.UNSPECIFIED.);
#323=B_SPLINE_CURVE_WITH_KNOTS('',3,(#4458,#4459,#4460,#4461),.UNSPECIFIED.,.F.,.F.,(4,4),(2.45629221590667E-12,0.0129509427296656),.UNSPECIFIED.);
#324=B_SPLINE_CURVE_WITH_KNOTS('',3,(#4463,#4464,#4465,#4466,#4467,#4468,#4469),.UNSPECIFIED.,.F.,.F.,(4,1,1,1,4),(0.0151335273128476,0.0514073716934907,0.0876812160741339,0.123955060454777,0.16022890483542),.UNSPECIFIED.);
#325=B_SPLINE_CURVE_WITH_KNOTS('',3,(#4602,#4603,#4604,#4605),.UNSPECIFIED.,.F.,.F.,(4,4),(6.93889390390723E-18,0.0341003970457003),.UNSPECIFIED.);
#326=B_SPLINE_CURVE_WITH_KNOTS('',3,(#4608,#4609,#4610,#4611,#4612,#4613,#4614,#4615,#4616,#4617,#4618,#4619,#4620,#4621,#4622),.UNSPECIFIED.,.F.,.F.,(4,1,1,1,1,1,1,1,1,1,1,1,4),(0.,0.0625,0.125,0.15625,0.1875,0.21875,0.25,0.3125,0.375,0.5,0.625,0.75,1.),.UNSPECIFIED.);
#327=B_SPLINE_CURVE_WITH_KNOTS('',3,(#4625,#4626,#4627,#4628,#4629,#4630,#4631,#4632,#4633,#4634,#4635,#4636,#4637,#4638,#4639,#4640,#4641,#4642,#4643,#4644,#4645,#4646),.UNSPECIFIED.,.F.,.F.,(4,1,1,1,1,1,1,1,1,1,1,1,1,1,1,1,1,1,1,4),(-0.000100055736168911,0.000703576876627889,0.00150720948942469,0.00311447471501829,0.00472173994061189,0.00552537255340869,0.00592718885980709,0.00632900516620549,0.00713263777900229,0.00793627039179908,0.00954353561739268,0.0111508008429863,0.0127580660685799,0.0159725965197671,0.0191871269709543,0.0224016574221415,0.0256161878733287,0.0320452487757031,0.0384743096780775,0.0513324314828263),.UNSPECIFIED.);
#328=B_SPLINE_CURVE_WITH_KNOTS('',3,(#4661,#4662,#4663,#4664),.UNSPECIFIED.,.F.,.F.,(4,4),(0.,0.0596432847804166),.UNSPECIFIED.);
#329=B_SPLINE_CURVE_WITH_KNOTS('',3,(#4666,#4667,#4668,#4669),.UNSPECIFIED.,.F.,.F.,(4,4),(0.,0.989518170977662),.UNSPECIFIED.);
#330=B_SPLINE_CURVE_WITH_KNOTS('',3,(#4673,#4674,#4675,#4676,#4677,#4678,#4679,#4680,#4681,#4682,#4683,#4684,#4685,#4686,#4687,#4688,#4689),.UNSPECIFIED.,.F.,.F.,(4,1,1,1,1,1,1,1,1,1,1,1,1,1,4),(3.46944695195361E-18,0.00812625404073261,0.0121893810610989,0.0162525080814652,0.0203156351018315,0.0243787621221978,0.0284418891425641,0.0325050161629304,0.0365681431832968,0.0406312702036631,0.0446943972240294,0.0487575242443957,0.052820651264762,0.0568837782851283,0.0650100323258609),.UNSPECIFIED.);
#331=B_SPLINE_CURVE_WITH_KNOTS('',3,(#4691,#4692,#4693,#4694),.UNSPECIFIED.,.F.,.F.,(4,4),(0.00849888106156869,0.00936480682242638),.UNSPECIFIED.);
#332=B_SPLINE_CURVE_WITH_KNOTS('',3,(#4696,#4697,#4698,#4699,#4700,#4701,#4702),.UNSPECIFIED.,.F.,.F.,(4,1,1,1,4),(0.0081867691994387,0.0129635027572882,0.0177402363151376,0.0225169698729871,0.0272937034308365),.UNSPECIFIED.);
#333=B_SPLINE_CURVE_WITH_KNOTS('',3,(#4704,#4705,#4706,#4707),.UNSPECIFIED.,.F.,.F.,(4,4),(0.,0.0107871154078435),.UNSPECIFIED.);
#334=B_SPLINE_CURVE_WITH_KNOTS('',3,(#4711,#4712,#4713,#4714),.UNSPECIFIED.,.F.,.F.,(4,4),(0.0055714879000685,0.00669356860517391),.UNSPECIFIED.);
#335=B_SPLINE_CURVE_WITH_KNOTS('',3,(#4716,#4717,#4718,#4719,#4720),.UNSPECIFIED.,.F.,.F.,(4,1,4),(0.0109815526473903,0.0220772679397456,0.033172983232101),.UNSPECIFIED.);
#336=B_SPLINE_CURVE_WITH_KNOTS('',3,(#4722,#4723,#4724,#4725),.UNSPECIFIED.,.F.,.F.,(4,4),(2.45629221590667E-12,0.0129509427296656),.UNSPECIFIED.);
#337=B_SPLINE_CURVE_WITH_KNOTS('',3,(#4727,#4728,#4729,#4730,#4731,#4732,#4733),.UNSPECIFIED.,.F.,.F.,(4,1,1,1,4),(0.0726753148059738,0.0788837720991451,0.0850922293923164,0.0913006866854877,0.0975091439786589),.UNSPECIFIED.);
#338=B_SPLINE_CURVE_WITH_KNOTS('',3,(#4735,#4736,#4737,#4738,#4739),.UNSPECIFIED.,.F.,.F.,(4,1,4),(2.71979782254751E-18,0.0124115031932245,0.0248230063864491),.UNSPECIFIED.);
#339=B_SPLINE_CURVE_WITH_KNOTS('',3,(#4872,#4873,#4874,#4875,#4876),.UNSPECIFIED.,.F.,.F.,(4,1,4),(0.,0.5,1.),.QUASI_UNIFORM_KNOTS.);
#340=B_SPLINE_CURVE_WITH_KNOTS('',3,(#4878,#4879,#4880,#4881,#4882),.UNSPECIFIED.,.F.,.F.,(4,1,4),(0.,0.5,1.),.QUASI_UNIFORM_KNOTS.);
#341=B_SPLINE_CURVE_WITH_KNOTS('',3,(#4884,#4885,#4886,#4887,#4888,#4889,#4890,#4891),.UNSPECIFIED.,.F.,.F.,(4,1,1,1,1,4),(-4.09394740330526E-16,0.0129896949030211,0.0259793898060427,0.0389690847090642,0.045463932160575,0.0519587796120857),.UNSPECIFIED.);
#342=B_SPLINE_CURVE_WITH_KNOTS('',3,(#4893,#4894,#4895,#4896),.UNSPECIFIED.,.F.,.F.,(4,4),(0.,1.),.UNSPECIFIED.);
#343=B_SPLINE_CURVE_WITH_KNOTS('',3,(#5017,#5018,#5019,#5020,#5021),.UNSPECIFIED.,.F.,.F.,(4,1,4),(0.,0.0719677241104419,0.143935448220884),.UNSPECIFIED.);
#344=B_SPLINE_CURVE_WITH_KNOTS('',3,(#5023,#5024,#5025,#5026,#5027),.UNSPECIFIED.,.F.,.F.,(4,1,4),(0.412584766545633,0.5,0.59440077632288),.UNSPECIFIED.);
#345=B_SPLINE_CURVE_WITH_KNOTS('',3,(#5038,#5039,#5040,#5041,#5042),.UNSPECIFIED.,.F.,.F.,(4,1,4),(0.412584766545633,0.5,0.59440077632288),.UNSPECIFIED.);
#346=B_SPLINE_CURVE_WITH_KNOTS('',3,(#5247,#5248,#5249,#5250),.UNSPECIFIED.,.F.,.F.,(4,4),(0.,0.00905903868129436),.UNSPECIFIED.);
#347=B_SPLINE_CURVE_WITH_KNOTS('',3,(#5455,#5456,#5457,#5458,#5459),.UNSPECIFIED.,.F.,.F.,(4,1,4),(0.,0.5,1.),.QUASI_UNIFORM_KNOTS.);
#348=B_SPLINE_CURVE_WITH_KNOTS('',3,(#5461,#5462,#5463,#5464),.UNSPECIFIED.,.F.,.F.,(4,4),(0.,1.),.UNSPECIFIED.);
#349=B_SPLINE_CURVE_WITH_KNOTS('',3,(#5466,#5467,#5468,#5469,#5470),.UNSPECIFIED.,.F.,.F.,(4,1,4),(0.18169552700021,0.5,0.81830447299979),.QUASI_UNIFORM_KNOTS.);
#350=B_SPLINE_CURVE_WITH_KNOTS('',3,(#5481,#5482,#5483,#5484),.UNSPECIFIED.,.F.,.F.,(4,4),(0.,0.0543568812754787),.UNSPECIFIED.);
#351=B_SPLINE_CURVE_WITH_KNOTS('',3,(#5725,#5726,#5727,#5728),.UNSPECIFIED.,.F.,.F.,(4,4),(0.,1.),.UNSPECIFIED.);
#352=B_SPLINE_CURVE_WITH_KNOTS('',3,(#5733,#5734,#5735,#5736,#5737,#5738,#5739),.UNSPECIFIED.,.F.,.F.,(4,1,1,1,4),(0.0156529181799395,0.0195675392530047,0.02348216032607,0.0273967813991352,0.0313114024722004),.UNSPECIFIED.);
#353=B_SPLINE_CURVE_WITH_KNOTS('',3,(#5741,#5742,#5743,#5744,#5745,#5746,#5747),.UNSPECIFIED.,.F.,.F.,(4,1,1,1,4),(0.,0.00415793504496209,0.00831587008992418,0.0124738051348863,0.0166317401798484),.UNSPECIFIED.);
#354=B_SPLINE_CURVE_WITH_KNOTS('',3,(#5752,#5753,#5754,#5755,#5756,#5757),.UNSPECIFIED.,.F.,.F.,(4,1,1,4),(0.0166317401798482,0.0225895244556744,0.0255684165935874,0.0285473087315005),.UNSPECIFIED.);
#355=B_SPLINE_CURVE_WITH_KNOTS('',3,(#5759,#5760,#5761,#5762),.UNSPECIFIED.,.F.,.F.,(4,4),(6.05936412051003E-08,0.999999991176344),.UNSPECIFIED.);
#356=B_SPLINE_CURVE_WITH_KNOTS('',3,(#5766,#5767,#5768,#5769),.UNSPECIFIED.,.F.,.F.,(4,4),(0.,1.),.UNSPECIFIED.);
#357=B_SPLINE_CURVE_WITH_KNOTS('',3,(#5774,#5775,#5776,#5777),.UNSPECIFIED.,.F.,.F.,(4,4),(0.,0.999991706534546),.UNSPECIFIED.);
#358=B_SPLINE_CURVE_WITH_KNOTS('',3,(#5780,#5781,#5782,#5783),.UNSPECIFIED.,.F.,.F.,(4,4),(0.0285473089470052,0.0314183784258666),.UNSPECIFIED.);
#359=B_SPLINE_CURVE_WITH_KNOTS('',3,(#5785,#5786,#5787,#5788,#5789,#5790,#5791,#5792,#5793),.UNSPECIFIED.,.F.,.F.,(4,1,1,1,1,1,4),(0.00229529722569739,0.00951944805129407,0.0131315234640924,0.0167435988768907,0.0203556742896891,0.0239677497024874,0.0311919005280841),.UNSPECIFIED.);
#360=B_SPLINE_CURVE_WITH_KNOTS('',3,(#5795,#5796,#5797,#5798),.UNSPECIFIED.,.F.,.F.,(4,4),(0.,0.999999991176485),.UNSPECIFIED.);
#361=B_SPLINE_CURVE_WITH_KNOTS('',3,(#5805,#5806,#5807,#5808),.UNSPECIFIED.,.F.,.F.,(4,4),(0.,1.),.UNSPECIFIED.);
#362=B_SPLINE_CURVE_WITH_KNOTS('',3,(#5811,#5812,#5813,#5814),.UNSPECIFIED.,.F.,.F.,(4,4),(0.0311919006074973,0.0314106238360932),.UNSPECIFIED.);
#363=B_SPLINE_CURVE_WITH_KNOTS('',3,(#5816,#5817,#5818,#5819,#5820,#5821,#5822),.UNSPECIFIED.,.F.,.F.,(4,1,1,1,4),(0.00127713677842075,0.00548169132316997,0.00968624586791919,0.0138908004126684,0.0180953549574176),.UNSPECIFIED.);
#364=B_SPLINE_CURVE_WITH_KNOTS('',3,(#5824,#5825,#5826,#5827),.UNSPECIFIED.,.F.,.F.,(4,4),(1.31821585368283E-07,0.999999991176471),.UNSPECIFIED.);
#365=B_SPLINE_CURVE_WITH_KNOTS('',3,(#5834,#5835,#5836,#5837),.UNSPECIFIED.,.F.,.F.,(4,4),(0.,1.),.UNSPECIFIED.);
#366=B_SPLINE_CURVE_WITH_KNOTS('',3,(#5840,#5841,#5842,#5843,#5844),.UNSPECIFIED.,.F.,.F.,(4,1,4),(0.018095358230653,0.0248524112725474,0.0316094643144418),.UNSPECIFIED.);
#367=B_SPLINE_CURVE_WITH_KNOTS('',3,(#5863,#5864,#5865,#5866,#5867,#5868,#5869,#5870,#5871),.UNSPECIFIED.,.F.,.F.,(4,1,1,1,1,1,4),(0.00466974760162532,0.00801403725593255,0.0113583269102398,0.0180469062188543,0.0213911958731615,0.0247354855274687,0.0314240648360832),.UNSPECIFIED.);
#368=B_SPLINE_CURVE_WITH_KNOTS('',3,(#5873,#5874,#5875,#5876),.UNSPECIFIED.,.F.,.F.,(4,4),(0.,1.),.UNSPECIFIED.);
#369=B_SPLINE_CURVE_WITH_KNOTS('',3,(#5878,#5879,#5880,#5881,#5882,#5883,#5884,#5885,#5886),.UNSPECIFIED.,.F.,.F.,(4,1,1,1,1,1,4),(0.00466974733965963,0.00801403702670866,0.0113583267137577,0.0180469060878557,0.0213911957749048,0.0247354854619538,0.0314240648360518),.UNSPECIFIED.);
#370=B_SPLINE_CURVE_WITH_KNOTS('',3,(#5888,#5889,#5890,#5891,#5892,#5893),.UNSPECIFIED.,.F.,.F.,(4,1,1,4),(0.,0.00391322954499287,0.00782645908998575,0.0156529181799715),.UNSPECIFIED.);
#371=B_SPLINE_CURVE_WITH_KNOTS('',3,(#5894,#5895,#5896,#5897),.UNSPECIFIED.,.F.,.F.,(4,4),(0.,0.999999991176472),.UNSPECIFIED.);
#372=B_SPLINE_CURVE_WITH_KNOTS('',3,(#5977,#5978,#5979,#5980),.UNSPECIFIED.,.F.,.F.,(4,4),(-9.67585400701794E-05,7.08897063326762E-06),.UNSPECIFIED.);
#373=B_SPLINE_CURVE_WITH_KNOTS('',3,(#5982,#5983,#5984,#5985,#5986,#5987,#5988),.UNSPECIFIED.,.F.,.F.,(4,1,1,1,4),(-0.000221156895565671,0.0469022505162089,0.0940256579279834,0.141149065339758,0.188272472751532),.UNSPECIFIED.);
#374=B_SPLINE_CURVE_WITH_KNOTS('',3,(#5990,#5991,#5992,#5993),.UNSPECIFIED.,.F.,.F.,(4,4),(0.,5.92111480372189E-05),.UNSPECIFIED.);
#375=B_SPLINE_CURVE_WITH_KNOTS('',3,(#5995,#5996,#5997,#5998),.UNSPECIFIED.,.F.,.F.,(4,4),(-0.000207623664137052,0.0215281164155253),.UNSPECIFIED.);
#376=B_SPLINE_CURVE_WITH_KNOTS('',3,(#6000,#6001,#6002,#6003),.UNSPECIFIED.,.F.,.F.,(4,4),(0.,1.),.UNSPECIFIED.);
#377=B_SPLINE_CURVE_WITH_KNOTS('',3,(#6005,#6006,#6007,#6008),.UNSPECIFIED.,.F.,.F.,(4,4),(-0.000211907845403032,0.0091978067203846),.UNSPECIFIED.);
#378=B_SPLINE_CURVE_WITH_KNOTS('',3,(#6010,#6011,#6012,#6013),.UNSPECIFIED.,.F.,.F.,(4,4),(-5.88288565836244E-05,0.188975227766526),.UNSPECIFIED.);
#379=B_SPLINE_CURVE_WITH_KNOTS('',3,(#6015,#6016,#6017,#6018),.UNSPECIFIED.,.F.,.F.,(4,4),(-5.88288565832457E-05,2.1926966908638E-05),.UNSPECIFIED.);
#380=B_SPLINE_CURVE_WITH_KNOTS('',3,(#6181,#6182,#6183,#6184),.UNSPECIFIED.,.F.,.F.,(4,4),(0.758793747860467,0.948426549281481),.UNSPECIFIED.);
#381=B_SPLINE_CURVE_WITH_KNOTS('',3,(#6186,#6187,#6188,#6189,#6190,#6191,#6192,#6193),.UNSPECIFIED.,.F.,.F.,(4,1,1,1,1,4),(0.00919269709674357,0.0141192541962287,0.0190458112957138,0.0288989254946839,0.0387520396936541,0.0486051538926243),.UNSPECIFIED.);
#382=B_SPLINE_CURVE_WITH_KNOTS('',3,(#6434,#6435,#6436,#6437,#6438,#6439,#6440,#6441,#6442,#6443),.UNSPECIFIED.,.F.,.F.,(4,1,1,1,1,1,1,4),(-0.000446737673637786,0.0467528007696865,0.0703525699913486,0.0939523392130108,0.117552108434673,0.141151877656335,0.164751646877997,0.188351416099659),.UNSPECIFIED.);
#383=B_SPLINE_CURVE_WITH_KNOTS('',3,(#6445,#6446,#6447,#6448),.UNSPECIFIED.,.F.,.F.,(4,4),(0.,5.01426925377289E-05),.UNSPECIFIED.);
#384=B_SPLINE_CURVE_WITH_KNOTS('',3,(#6450,#6451,#6452,#6453),.UNSPECIFIED.,.F.,.F.,(4,4),(-5.05426858598971E-05,0.00202283128332286),.UNSPECIFIED.);
#385=B_SPLINE_CURVE_WITH_KNOTS('',3,(#6455,#6456,#6457,#6458,#6459),.UNSPECIFIED.,.F.,.F.,(4,1,4),(-5.05426858322488E-05,0.00562028965412136,0.011291121994075),.UNSPECIFIED.);
#386=B_SPLINE_CURVE_WITH_KNOTS('',3,(#6526,#6527,#6528,#6529,#6530),.UNSPECIFIED.,.F.,.F.,(4,1,4),(-4.86926341197856E-05,0.0943921597235812,0.188833012081282),.UNSPECIFIED.);
#387=B_SPLINE_CURVE_WITH_KNOTS('',3,(#6533,#6534,#6535,#6536),.UNSPECIFIED.,.F.,.F.,(4,4),(-0.000110226558045973,0.0162801519596331),.UNSPECIFIED.);
#388=B_SPLINE_CURVE_WITH_KNOTS('',3,(#6538,#6539,#6540,#6541),.UNSPECIFIED.,.F.,.F.,(4,4),(-0.000110226558045966,0.0302640476173267),.UNSPECIFIED.);
#389=B_SPLINE_CURVE_WITH_KNOTS('',3,(#6542,#6543,#6544,#6545),.UNSPECIFIED.,.F.,.F.,(4,4),(-4.86926341197884E-05,9.08114709359849E-05),.UNSPECIFIED.);
#390=B_SPLINE_CURVE_WITH_KNOTS('',3,(#6621,#6622,#6623,#6624),.UNSPECIFIED.,.F.,.F.,(4,4),(0.,6.32890942725917E-05),.UNSPECIFIED.);
#391=B_SPLINE_CURVE_WITH_KNOTS('',3,(#6626,#6627,#6628,#6629),.UNSPECIFIED.,.F.,.F.,(4,4),(0.0390781398128323,0.0731217971537047),.UNSPECIFIED.);
#392=B_SPLINE_CURVE_WITH_KNOTS('',3,(#6631,#6632,#6633,#6634),.UNSPECIFIED.,.F.,.F.,(4,4),(0.,1.51000377178362E-05),.UNSPECIFIED.);
#393=B_SPLINE_CURVE_WITH_KNOTS('',3,(#6667,#6668,#6669,#6670,#6671,#6672,#6673),.UNSPECIFIED.,.F.,.F.,(4,1,1,1,4),(0.,0.00996583922864334,0.0199316784572867,0.02989751768593,0.0398633569145734),.UNSPECIFIED.);
#394=B_SPLINE_CURVE_WITH_KNOTS('',3,(#6688,#6689,#6690,#6691,#6692,#6693),.UNSPECIFIED.,.F.,.F.,(4,1,1,4),(0.,0.00670655062483653,0.0100598259372548,0.0134131012496731),.UNSPECIFIED.);
#395=B_SPLINE_CURVE_WITH_KNOTS('',3,(#6711,#6712,#6713,#6714),.UNSPECIFIED.,.F.,.F.,(4,4),(0.,0.0169385811610118),.UNSPECIFIED.);
#396=B_SPLINE_CURVE_WITH_KNOTS('',3,(#6720,#6721,#6722,#6723,#6724),.UNSPECIFIED.,.F.,.F.,(4,1,4),(-0.0327022184094381,-0.0151218602057362,0.00245849799796568),.UNSPECIFIED.);
#397=B_SPLINE_CURVE_WITH_KNOTS('',3,(#6730,#6731,#6732,#6733),.UNSPECIFIED.,.F.,.F.,(4,4),(0.,6.26969316436909E-05),.UNSPECIFIED.);
#398=B_SPLINE_CURVE_WITH_KNOTS('',3,(#6738,#6739,#6740,#6741,#6742,#6743),.UNSPECIFIED.,.F.,.F.,(4,1,1,4),(0.,0.0087833466779628,0.0175666933559256,0.0351333867118512),.UNSPECIFIED.);
#399=B_SPLINE_CURVE_WITH_KNOTS('',3,(#6746,#6747,#6748,#6749),.UNSPECIFIED.,.F.,.F.,(4,4),(1.75541673428835E-16,0.000164395945259983),.UNSPECIFIED.);
#400=B_SPLINE_CURVE_WITH_KNOTS('',3,(#6753,#6754,#6755,#6756),.UNSPECIFIED.,.F.,.F.,(4,4),(2.78097328878398E-17,0.0169697124790829),.UNSPECIFIED.);
#401=B_SPLINE_CURVE_WITH_KNOTS('',3,(#6757,#6758,#6759,#6760),.UNSPECIFIED.,.F.,.F.,(4,4),(0.,0.000153567263128223),.UNSPECIFIED.);
#402=B_SPLINE_CURVE_WITH_KNOTS('',3,(#6762,#6763,#6764,#6765,#6766,#6767,#6768,#6769,#6770,#6771,#6772,#6773,#6774,#6775,#6776,#6777,#6778,#6779,#6780,#6781,#6782,#6783,#6784,#6785,#6786,#6787,#6788,#6789,#6790,#6791,#6792,#6793,#6794,#6795,#6796,#6797,#6798,#6799,#6800,#6801,#6802,#6803,#6804,#6805,#6806,#6807,#6808,#6809,#6810,#6811,#6812,#6813,#6814,#6815,#6816),.UNSPECIFIED.,.T.,.F.,(1,1,1,1,1,1,1,1,1,1,1,1,1,1,1,1,1,1,1,1,1,1,1,1,1,1,1,1,1,1,1,1,1,1,1,1,1,1,1,1,1,1,1,1,1,1,1,1,1,1,1,1,1,1,1,1,1,1,1),(-0.0283006438180021,-0.0153615396446295,-0.00587809336641898,0.,0.0014614510847586,0.00260431949567567,0.00531944554466766,0.00739643654358757,0.0100520127102056,0.0132409455349294,0.0170169877026498,0.0261463826918254,0.0373077558993598,0.0650964400497281,0.0990720548387219,0.137878810263734,0.180149022480583,0.224511761399267,0.269597194132998,0.314040243713851,0.356485466511668,0.395595674874941,0.430070350001331,0.445202002944306,0.458782487383874,0.470716506198002,0.48091608558877,0.489309781696058,0.495865973998072,0.500663543581672,0.504135120207004,0.505777721226974,0.507604862253949,0.50981891969052,0.512486433730001,0.515715844558961,0.51953282806919,0.528922840700787,0.554298168712252,0.587333306034346,0.626491410575251,0.670179209921375,0.716782466880211,0.76467773776775,0.812237404860996,0.835392704396696,0.85783288247174,0.879455851591013,0.899836053938192,0.919092474069036,0.93662389857792,0.955631221164133,0.971699356181998,0.98463846035537,0.994121906633581,1.,1.00146145108476,1.00260431949568,1.00531944554467),.UNSPECIFIED.);
#403=B_SPLINE_CURVE_WITH_KNOTS('',3,(#6822,#6823,#6824,#6825,#6826,#6827,#6828,#6829,#6830,#6831,#6832,#6833,#6834,#6835,#6836,#6837,#6838,#6839,#6840,#6841,#6842,#6843,#6844,#6845,#6846,#6847,#6848,#6849,#6850,#6851,#6852,#6853,#6854,#6855,#6856),.UNSPECIFIED.,.F.,.F.,(4,1,1,1,1,1,1,1,1,1,1,1,1,1,1,1,1,1,1,1,1,1,1,1,1,1,1,1,1,1,1,1,4),(0.0301247965140992,0.0344436293324621,0.0387624621508249,0.0430812949691878,0.0474001277875506,0.0517189606059135,0.0538783770150949,0.0560377934242763,0.0581972098334577,0.0592769180380484,0.0603566262426392,0.0614363344472299,0.0625160426518206,0.0630558967541159,0.0635957508564113,0.0641356049587066,0.064675459061002,0.0652153131632974,0.0657551672655927,0.0662950213678881,0.0668348754701834,0.0679145836747741,0.0689942918793648,0.0700740000839556,0.0711537082885463,0.0733131246977277,0.0754725411069091,0.0776319575160905,0.0819507903344534,0.0862696231528162,0.0905884559711791,0.0949072887895419,0.0992261216079048),.UNSPECIFIED.);
#404=B_SPLINE_CURVE_WITH_KNOTS('',3,(#6861,#6862,#6863,#6864,#6865,#6866,#6867,#6868,#6869,#6870,#6871,#6872,#6873,#6874,#6875,#6876,#6877,#6878,#6879,#6880,#6881,#6882,#6883,#6884,#6885,#6886,#6887,#6888,#6889,#6890,#6891,#6892),.UNSPECIFIED.,.F.,.F.,(4,1,1,1,1,1,1,1,1,1,1,1,1,1,1,1,1,1,1,1,1,1,1,1,1,1,1,1,1,4),(5.68237795503496E-17,0.00365952648922585,0.00731905297845164,0.0109785794676774,0.0146381059569032,0.018297632446129,0.0201273956907419,0.0219571589353548,0.0237869221799677,0.0256166854245806,0.026531567046887,0.0274464486691935,0.0283613302914999,0.0288187711026532,0.0292762119138064,0.0297336527249596,0.0301910935361128,0.030648534347266,0.0311059751584193,0.0320208567807257,0.0329357384030322,0.0347655016476451,0.036595264892258,0.0384250281368708,0.0402547913814837,0.0439143178707095,0.0475738443599353,0.0512333708491611,0.0548928973383869,0.0585524238276127),.UNSPECIFIED.);
#405=B_SPLINE_CURVE_WITH_KNOTS('',3,(#6894,#6895,#6896,#6897),.UNSPECIFIED.,.F.,.F.,(4,4),(0.059267351276434,0.186267701733563),.UNSPECIFIED.);
#406=B_SPLINE_CURVE_WITH_KNOTS('',3,(#6898,#6899,#6900,#6901),.UNSPECIFIED.,.F.,.F.,(4,4),(0.0420923994840759,0.169100959281557),.UNSPECIFIED.);
#407=B_SPLINE_CURVE_WITH_KNOTS('',3,(#6977,#6978,#6979,#6980,#6981,#6982,#6983,#6984,#6985,#6986,#6987,#6988,#6989,#6990,#6991,#6992,#6993,#6994,#6995,#6996,#6997,#6998,#6999,#7000,#7001,#7002,#7003,#7004,#7005,#7006,#7007,#7008,#7009,#7010,#7011,#7012,#7013),.UNSPECIFIED.,.F.,.F.,(4,1,1,1,1,1,1,1,1,1,1,1,1,1,1,1,1,1,1,1,1,1,1,1,1,1,1,1,1,1,1,1,1,1,4),(0.192512555475379,0.196682771991399,0.198767880249408,0.200852988507418,0.202938096765428,0.203980650894433,0.205023205023438,0.206065759152443,0.206587036216946,0.207108313281448,0.20762959034595,0.208150867410453,0.208672144474955,0.209193421539458,0.210235975668463,0.211278529797468,0.212321083926473,0.213363638055478,0.215448746313488,0.217533854571497,0.219618962829507,0.221704071087517,0.225874287603537,0.230044504119557,0.234214720635577,0.238384937151596,0.242555153667616,0.250895586699656,0.259236019731695,0.267576452763735,0.275916885795774,0.284257318827814,0.292597751859854,0.309278617923933,0.325959483988012),.UNSPECIFIED.);
#408=B_SPLINE_CURVE_WITH_KNOTS('',3,(#7145,#7146,#7147,#7148,#7149,#7150,#7151,#7152,#7153),.UNSPECIFIED.,.F.,.F.,(4,1,1,1,1,1,4),(0.212890496050229,0.227833370213745,0.24277624437726,0.272661992704291,0.302547741031321,0.317490615194837,0.332433489358352),.UNSPECIFIED.);
#409=B_SPLINE_CURVE_WITH_KNOTS('',3,(#7155,#7156,#7157,#7158,#7159,#7160,#7161),.UNSPECIFIED.,.F.,.F.,(4,1,1,1,4),(0.0145483561307589,0.0200894574567207,0.0256305587826826,0.0311716601086444,0.0367127614346062),.UNSPECIFIED.);
#410=B_SPLINE_CURVE_WITH_KNOTS('',3,(#7230,#7231,#7232,#7233,#7234,#7235,#7236,#7237,#7238,#7239,#7240,#7241,#7242,#7243,#7244),.UNSPECIFIED.,.F.,.F.,(4,1,1,1,1,1,1,1,1,1,1,1,4),(0.00535907708258345,0.00986635522213865,0.0143736333616938,0.018880911501249,0.0233881896408042,0.0324027459199146,0.0369100240594698,0.041417302199025,0.0504318584781354,0.0594464147572458,0.063953692896801,0.0684609710363562,0.0774755273154666),.UNSPECIFIED.);
#411=B_SPLINE_CURVE_WITH_KNOTS('',3,(#7246,#7247,#7248,#7249),.UNSPECIFIED.,.F.,.F.,(4,4),(0.0710216196504051,0.0727299751345907),.UNSPECIFIED.);
#412=B_SPLINE_CURVE_WITH_KNOTS('',3,(#7251,#7252,#7253,#7254),.UNSPECIFIED.,.F.,.F.,(4,4),(0.81830447299979,1.),.PIECEWISE_BEZIER_KNOTS.);
#413=B_SPLINE_CURVE_WITH_KNOTS('',3,(#7256,#7257,#7258,#7259),.UNSPECIFIED.,.F.,.F.,(4,4),(0.59440077632288,1.),.PIECEWISE_BEZIER_KNOTS.);
#414=B_SPLINE_CURVE_WITH_KNOTS('',3,(#7269,#7270,#7271,#7272),.UNSPECIFIED.,.F.,.F.,(4,4),(0.59440077632288,1.),.PIECEWISE_BEZIER_KNOTS.);
#415=B_SPLINE_CURVE_WITH_KNOTS('',3,(#7274,#7275,#7276,#7277),.UNSPECIFIED.,.F.,.F.,(4,4),(7.71692925769803E-10,0.0106288037510162),.UNSPECIFIED.);
#416=B_SPLINE_CURVE_WITH_KNOTS('',3,(#7402,#7403,#7404,#7405),.UNSPECIFIED.,.F.,.F.,(4,4),(0.,0.012511262730228),.UNSPECIFIED.);
#417=B_SPLINE_CURVE_WITH_KNOTS('',3,(#7407,#7408,#7409,#7410),.UNSPECIFIED.,.F.,.F.,(4,4),(0.0698101711376659,0.0936578629457731),.UNSPECIFIED.);
#418=B_SPLINE_CURVE_WITH_KNOTS('',3,(#7411,#7412,#7413,#7414,#7415,#7416,#7417),.UNSPECIFIED.,.F.,.F.,(4,1,1,1,4),(0.130378867555616,0.132757297579699,0.135135727603783,0.137514157627866,0.139892587651949),.UNSPECIFIED.);
#419=B_SPLINE_CURVE_WITH_KNOTS('',3,(#7430,#7431,#7432,#7433,#7434),.UNSPECIFIED.,.F.,.F.,(4,1,4),(2.77555756156289E-17,0.0341292985137527,0.0682585970275054),.UNSPECIFIED.);
#420=B_SPLINE_CURVE_WITH_KNOTS('',3,(#7505,#7506,#7507,#7508),.UNSPECIFIED.,.F.,.F.,(4,4),(0.0422961099917955,0.0438179121620319),.UNSPECIFIED.);
#421=B_SPLINE_CURVE_WITH_KNOTS('',3,(#7510,#7511,#7512,#7513),.UNSPECIFIED.,.F.,.F.,(4,4),(0.00342576907137197,0.00539502987996067),.UNSPECIFIED.);
#422=B_SPLINE_CURVE_WITH_KNOTS('',3,(#7522,#7523,#7524,#7525),.UNSPECIFIED.,.F.,.F.,(4,4),(0.,0.00150429016499919),.UNSPECIFIED.);
#423=B_SPLINE_CURVE_WITH_KNOTS('',3,(#7749,#7750,#7751,#7752,#7753,#7754,#7755),.UNSPECIFIED.,.F.,.F.,(4,1,1,1,4),(0.0151335278159779,0.0514073720709431,0.0876812163259084,0.123955060580874,0.160228904835839),.UNSPECIFIED.);
#424=B_SPLINE_CURVE_WITH_KNOTS('',3,(#7888,#7889,#7890,#7891,#7892,#7893,#7894,#7895,#7896,#7897,#7898,#7899,#7900,#7901,#7902,#7903,#7904,#7905,#7906,#7907,#7908,#7909),.UNSPECIFIED.,.F.,.F.,(4,1,1,1,1,1,1,1,1,1,1,1,1,1,1,1,1,1,1,4),(-0.00010005573617917,0.000703576876617379,0.00150720948941393,0.00311447471500703,0.00472173994060013,0.00552537255339667,0.00592718885979495,0.00632900516619322,0.00713263777898977,0.00793627039178632,0.00954353561737942,0.0111508008429725,0.0127580660685656,0.0159725965197518,0.019187126970938,0.0224016574221242,0.0256161878733104,0.0320452487756828,0.0384743096780552,0.0513324314828),.UNSPECIFIED.);
#425=B_SPLINE_CURVE_WITH_KNOTS('',3,(#7912,#7913,#7914,#7915,#7916,#7917,#7918,#7919,#7920,#7921,#7922,#7923,#7924,#7925,#7926),.UNSPECIFIED.,.F.,.F.,(4,1,1,1,1,1,1,1,1,1,1,1,4),(0.,0.25,0.375,0.5,0.625,0.6875,0.75,0.78125,0.8125,0.84375,0.875,0.9375,1.),.UNSPECIFIED.);
#426=B_SPLINE_CURVE_WITH_KNOTS('',3,(#8058,#8059,#8060,#8061,#8062),.UNSPECIFIED.,.F.,.F.,(4,1,4),(0.412584766545633,0.5,0.59440077632288),.UNSPECIFIED.);
#427=B_SPLINE_CURVE_WITH_KNOTS('',3,(#8071,#8072,#8073,#8074,#8075),.UNSPECIFIED.,.F.,.F.,(4,1,4),(0.412584766545633,0.5,0.59440077632288),.UNSPECIFIED.);
#428=B_SPLINE_CURVE_WITH_KNOTS('',3,(#8484,#8485,#8486,#8487,#8488),.UNSPECIFIED.,.F.,.F.,(4,1,4),(0.,0.5,1.),.QUASI_UNIFORM_KNOTS.);
#429=B_SPLINE_CURVE_WITH_KNOTS('',3,(#8489,#8490,#8491,#8492,#8493),.UNSPECIFIED.,.F.,.F.,(4,1,4),(0.18169552700021,0.5,0.81830447299979),.QUASI_UNIFORM_KNOTS.);
#430=ORIENTED_EDGE('',*,*,#1030,.F.);
#431=ORIENTED_EDGE('',*,*,#1031,.T.);
#432=ORIENTED_EDGE('',*,*,#1032,.T.);
#433=ORIENTED_EDGE('',*,*,#1033,.F.);
#434=ORIENTED_EDGE('',*,*,#1034,.T.);
#435=ORIENTED_EDGE('',*,*,#1035,.F.);
#436=ORIENTED_EDGE('',*,*,#1036,.F.);
#437=ORIENTED_EDGE('',*,*,#1037,.T.);
#438=ORIENTED_EDGE('',*,*,#1038,.T.);
#439=ORIENTED_EDGE('',*,*,#1039,.T.);
#440=ORIENTED_EDGE('',*,*,#1037,.F.);
#441=ORIENTED_EDGE('',*,*,#1040,.F.);
#442=ORIENTED_EDGE('',*,*,#1041,.T.);
#443=ORIENTED_EDGE('',*,*,#1042,.T.);
#444=ORIENTED_EDGE('',*,*,#1041,.F.);
#445=ORIENTED_EDGE('',*,*,#1043,.F.);
#446=ORIENTED_EDGE('',*,*,#1044,.T.);
#447=ORIENTED_EDGE('',*,*,#1045,.T.);
#448=ORIENTED_EDGE('',*,*,#1046,.T.);
#449=ORIENTED_EDGE('',*,*,#1044,.F.);
#450=ORIENTED_EDGE('',*,*,#1047,.F.);
#451=ORIENTED_EDGE('',*,*,#1048,.T.);
#452=ORIENTED_EDGE('',*,*,#1049,.T.);
#453=ORIENTED_EDGE('',*,*,#1048,.F.);
#454=ORIENTED_EDGE('',*,*,#1050,.F.);
#455=ORIENTED_EDGE('',*,*,#1051,.T.);
#456=ORIENTED_EDGE('',*,*,#1052,.T.);
#457=ORIENTED_EDGE('',*,*,#1053,.T.);
#458=ORIENTED_EDGE('',*,*,#1051,.F.);
#459=ORIENTED_EDGE('',*,*,#1054,.F.);
#460=ORIENTED_EDGE('',*,*,#1055,.T.);
#461=ORIENTED_EDGE('',*,*,#1056,.T.);
#462=ORIENTED_EDGE('',*,*,#1055,.F.);
#463=ORIENTED_EDGE('',*,*,#1057,.F.);
#464=ORIENTED_EDGE('',*,*,#1058,.T.);
#465=ORIENTED_EDGE('',*,*,#1059,.T.);
#466=ORIENTED_EDGE('',*,*,#1058,.F.);
#467=ORIENTED_EDGE('',*,*,#1060,.F.);
#468=ORIENTED_EDGE('',*,*,#1061,.T.);
#469=ORIENTED_EDGE('',*,*,#1030,.T.);
#470=ORIENTED_EDGE('',*,*,#1061,.F.);
#471=ORIENTED_EDGE('',*,*,#1062,.F.);
#472=ORIENTED_EDGE('',*,*,#1035,.T.);
#473=ORIENTED_EDGE('',*,*,#1046,.F.);
#474=ORIENTED_EDGE('',*,*,#1063,.F.);
#475=ORIENTED_EDGE('',*,*,#1064,.F.);
#476=ORIENTED_EDGE('',*,*,#1065,.F.);
#477=ORIENTED_EDGE('',*,*,#1066,.F.);
#478=ORIENTED_EDGE('',*,*,#1067,.F.);
#479=ORIENTED_EDGE('',*,*,#1068,.F.);
#480=ORIENTED_EDGE('',*,*,#1069,.T.);
#481=ORIENTED_EDGE('',*,*,#1070,.T.);
#482=ORIENTED_EDGE('',*,*,#1038,.F.);
#483=ORIENTED_EDGE('',*,*,#1042,.F.);
#484=ORIENTED_EDGE('',*,*,#1071,.T.);
#485=ORIENTED_EDGE('',*,*,#1031,.F.);
#486=ORIENTED_EDGE('',*,*,#1034,.F.);
#487=ORIENTED_EDGE('',*,*,#1039,.F.);
#488=ORIENTED_EDGE('',*,*,#1070,.F.);
#489=ORIENTED_EDGE('',*,*,#1069,.F.);
#490=ORIENTED_EDGE('',*,*,#1072,.T.);
#491=ORIENTED_EDGE('',*,*,#1073,.T.);
#492=ORIENTED_EDGE('',*,*,#1059,.F.);
#493=ORIENTED_EDGE('',*,*,#1032,.F.);
#494=ORIENTED_EDGE('',*,*,#1071,.F.);
#495=ORIENTED_EDGE('',*,*,#1074,.F.);
#496=ORIENTED_EDGE('',*,*,#1075,.F.);
#497=ORIENTED_EDGE('',*,*,#1076,.F.);
#498=ORIENTED_EDGE('',*,*,#1077,.T.);
#499=ORIENTED_EDGE('',*,*,#1078,.T.);
#500=ORIENTED_EDGE('',*,*,#1052,.F.);
#501=ORIENTED_EDGE('',*,*,#1056,.F.);
#502=ORIENTED_EDGE('',*,*,#1073,.F.);
#503=ORIENTED_EDGE('',*,*,#1079,.T.);
#504=ORIENTED_EDGE('',*,*,#1080,.T.);
#505=ORIENTED_EDGE('',*,*,#1064,.T.);
#506=ORIENTED_EDGE('',*,*,#1063,.T.);
#507=ORIENTED_EDGE('',*,*,#1045,.F.);
#508=ORIENTED_EDGE('',*,*,#1049,.F.);
#509=ORIENTED_EDGE('',*,*,#1053,.F.);
#510=ORIENTED_EDGE('',*,*,#1078,.F.);
#511=ORIENTED_EDGE('',*,*,#1077,.F.);
#512=ORIENTED_EDGE('',*,*,#1081,.F.);
#513=ORIENTED_EDGE('',*,*,#1082,.T.);
#514=ORIENTED_EDGE('',*,*,#1083,.T.);
#515=ORIENTED_EDGE('',*,*,#1033,.T.);
#516=ORIENTED_EDGE('',*,*,#1084,.F.);
#517=ORIENTED_EDGE('',*,*,#1062,.T.);
#518=ORIENTED_EDGE('',*,*,#1060,.T.);
#519=ORIENTED_EDGE('',*,*,#1057,.T.);
#520=ORIENTED_EDGE('',*,*,#1054,.T.);
#521=ORIENTED_EDGE('',*,*,#1050,.T.);
#522=ORIENTED_EDGE('',*,*,#1047,.T.);
#523=ORIENTED_EDGE('',*,*,#1043,.T.);
#524=ORIENTED_EDGE('',*,*,#1040,.T.);
#525=ORIENTED_EDGE('',*,*,#1036,.T.);
#526=ORIENTED_EDGE('',*,*,#1085,.F.);
#527=ORIENTED_EDGE('',*,*,#1086,.T.);
#528=ORIENTED_EDGE('',*,*,#1087,.F.);
#529=ORIENTED_EDGE('',*,*,#1082,.F.);
#530=ORIENTED_EDGE('',*,*,#1088,.T.);
#531=ORIENTED_EDGE('',*,*,#1089,.F.);
#532=ORIENTED_EDGE('',*,*,#1090,.F.);
#533=ORIENTED_EDGE('',*,*,#1067,.T.);
#534=ORIENTED_EDGE('',*,*,#1066,.T.);
#535=ORIENTED_EDGE('',*,*,#1065,.T.);
#536=ORIENTED_EDGE('',*,*,#1083,.F.);
#537=ORIENTED_EDGE('',*,*,#1087,.T.);
#538=ORIENTED_EDGE('',*,*,#1091,.T.);
#539=ORIENTED_EDGE('',*,*,#1092,.F.);
#540=ORIENTED_EDGE('',*,*,#1072,.F.);
#541=ORIENTED_EDGE('',*,*,#1068,.T.);
#542=ORIENTED_EDGE('',*,*,#1090,.T.);
#543=ORIENTED_EDGE('',*,*,#1093,.F.);
#544=ORIENTED_EDGE('',*,*,#1094,.F.);
#545=ORIENTED_EDGE('',*,*,#1075,.T.);
#546=ORIENTED_EDGE('',*,*,#1074,.T.);
#547=ORIENTED_EDGE('',*,*,#1092,.T.);
#548=ORIENTED_EDGE('',*,*,#1095,.T.);
#549=ORIENTED_EDGE('',*,*,#1088,.F.);
#550=ORIENTED_EDGE('',*,*,#1081,.T.);
#551=ORIENTED_EDGE('',*,*,#1080,.F.);
#552=ORIENTED_EDGE('',*,*,#1079,.F.);
#553=ORIENTED_EDGE('',*,*,#1076,.T.);
#554=ORIENTED_EDGE('',*,*,#1094,.T.);
#555=ORIENTED_EDGE('',*,*,#1096,.F.);
#556=ORIENTED_EDGE('',*,*,#1097,.F.);
#557=ORIENTED_EDGE('',*,*,#1098,.T.);
#558=ORIENTED_EDGE('',*,*,#1099,.T.);
#559=ORIENTED_EDGE('',*,*,#1100,.T.);
#560=ORIENTED_EDGE('',*,*,#1101,.T.);
#561=ORIENTED_EDGE('',*,*,#1102,.F.);
#562=ORIENTED_EDGE('',*,*,#1103,.F.);
#563=ORIENTED_EDGE('',*,*,#1104,.T.);
#564=ORIENTED_EDGE('',*,*,#1102,.T.);
#565=ORIENTED_EDGE('',*,*,#1105,.F.);
#566=ORIENTED_EDGE('',*,*,#1106,.F.);
#567=ORIENTED_EDGE('',*,*,#1107,.F.);
#568=ORIENTED_EDGE('',*,*,#1108,.T.);
#569=ORIENTED_EDGE('',*,*,#1100,.F.);
#570=ORIENTED_EDGE('',*,*,#1109,.F.);
#571=ORIENTED_EDGE('',*,*,#1110,.T.);
#572=ORIENTED_EDGE('',*,*,#1111,.T.);
#573=ORIENTED_EDGE('',*,*,#1112,.T.);
#574=ORIENTED_EDGE('',*,*,#1105,.T.);
#575=ORIENTED_EDGE('',*,*,#1101,.F.);
#576=ORIENTED_EDGE('',*,*,#1108,.F.);
#577=ORIENTED_EDGE('',*,*,#1113,.T.);
#578=ORIENTED_EDGE('',*,*,#1106,.T.);
#579=ORIENTED_EDGE('',*,*,#1112,.F.);
#580=ORIENTED_EDGE('',*,*,#1114,.T.);
#581=ORIENTED_EDGE('',*,*,#1110,.F.);
#582=ORIENTED_EDGE('',*,*,#1115,.T.);
#583=ORIENTED_EDGE('',*,*,#1084,.T.);
#584=ORIENTED_EDGE('',*,*,#1116,.F.);
#585=ORIENTED_EDGE('',*,*,#1117,.F.);
#586=ORIENTED_EDGE('',*,*,#1118,.T.);
#587=ORIENTED_EDGE('',*,*,#1119,.T.);
#588=ORIENTED_EDGE('',*,*,#1118,.F.);
#589=ORIENTED_EDGE('',*,*,#1120,.T.);
#590=ORIENTED_EDGE('',*,*,#1116,.T.);
#591=ORIENTED_EDGE('',*,*,#1121,.T.);
#592=ORIENTED_EDGE('',*,*,#1122,.F.);
#593=ORIENTED_EDGE('',*,*,#1123,.T.);
#594=ORIENTED_EDGE('',*,*,#1124,.T.);
#595=ORIENTED_EDGE('',*,*,#1125,.T.);
#596=ORIENTED_EDGE('',*,*,#1085,.T.);
#597=ORIENTED_EDGE('',*,*,#1126,.F.);
#598=ORIENTED_EDGE('',*,*,#1127,.F.);
#599=ORIENTED_EDGE('',*,*,#1128,.F.);
#600=ORIENTED_EDGE('',*,*,#1125,.F.);
#601=ORIENTED_EDGE('',*,*,#1129,.F.);
#602=ORIENTED_EDGE('',*,*,#1130,.T.);
#603=ORIENTED_EDGE('',*,*,#1131,.T.);
#604=ORIENTED_EDGE('',*,*,#1122,.T.);
#605=ORIENTED_EDGE('',*,*,#1128,.T.);
#606=ORIENTED_EDGE('',*,*,#1132,.F.);
#607=ORIENTED_EDGE('',*,*,#1098,.F.);
#608=ORIENTED_EDGE('',*,*,#1133,.F.);
#609=ORIENTED_EDGE('',*,*,#1134,.T.);
#610=ORIENTED_EDGE('',*,*,#1097,.T.);
#611=ORIENTED_EDGE('',*,*,#1135,.F.);
#612=ORIENTED_EDGE('',*,*,#1134,.F.);
#613=ORIENTED_EDGE('',*,*,#1136,.T.);
#614=ORIENTED_EDGE('',*,*,#1137,.T.);
#615=ORIENTED_EDGE('',*,*,#1130,.F.);
#616=ORIENTED_EDGE('',*,*,#1095,.F.);
#617=ORIENTED_EDGE('',*,*,#1093,.T.);
#618=ORIENTED_EDGE('',*,*,#1091,.F.);
#619=ORIENTED_EDGE('',*,*,#1089,.T.);
#620=ORIENTED_EDGE('',*,*,#1086,.F.);
#621=ORIENTED_EDGE('',*,*,#1135,.T.);
#622=ORIENTED_EDGE('',*,*,#1096,.T.);
#623=ORIENTED_EDGE('',*,*,#1138,.F.);
#624=ORIENTED_EDGE('',*,*,#1139,.T.);
#625=ORIENTED_EDGE('',*,*,#1140,.F.);
#626=ORIENTED_EDGE('',*,*,#1138,.T.);
#627=ORIENTED_EDGE('',*,*,#1099,.F.);
#628=ORIENTED_EDGE('',*,*,#1141,.F.);
#629=ORIENTED_EDGE('',*,*,#1142,.T.);
#630=ORIENTED_EDGE('',*,*,#1143,.T.);
#631=ORIENTED_EDGE('',*,*,#1144,.T.);
#632=ORIENTED_EDGE('',*,*,#1145,.T.);
#633=ORIENTED_EDGE('',*,*,#1120,.F.);
#634=ORIENTED_EDGE('',*,*,#1119,.F.);
#635=ORIENTED_EDGE('',*,*,#1121,.F.);
#636=ORIENTED_EDGE('',*,*,#1117,.T.);
#637=ORIENTED_EDGE('',*,*,#1131,.F.);
#638=ORIENTED_EDGE('',*,*,#1137,.F.);
#639=ORIENTED_EDGE('',*,*,#1146,.T.);
#640=ORIENTED_EDGE('',*,*,#1147,.F.);
#641=ORIENTED_EDGE('',*,*,#1148,.F.);
#642=ORIENTED_EDGE('',*,*,#1149,.F.);
#643=ORIENTED_EDGE('',*,*,#1123,.F.);
#644=ORIENTED_EDGE('',*,*,#1115,.F.);
#645=ORIENTED_EDGE('',*,*,#1114,.F.);
#646=ORIENTED_EDGE('',*,*,#1111,.F.);
#647=ORIENTED_EDGE('',*,*,#1107,.T.);
#648=ORIENTED_EDGE('',*,*,#1104,.F.);
#649=ORIENTED_EDGE('',*,*,#1113,.F.);
#650=ORIENTED_EDGE('',*,*,#1109,.T.);
#651=ORIENTED_EDGE('',*,*,#1103,.T.);
#652=ORIENTED_EDGE('',*,*,#1150,.F.);
#653=ORIENTED_EDGE('',*,*,#1151,.F.);
#654=ORIENTED_EDGE('',*,*,#1148,.T.);
#655=ORIENTED_EDGE('',*,*,#1152,.T.);
#656=ORIENTED_EDGE('',*,*,#1124,.F.);
#657=ORIENTED_EDGE('',*,*,#1149,.T.);
#658=ORIENTED_EDGE('',*,*,#1151,.T.);
#659=ORIENTED_EDGE('',*,*,#1153,.T.);
#660=ORIENTED_EDGE('',*,*,#1154,.T.);
#661=ORIENTED_EDGE('',*,*,#1129,.T.);
#662=ORIENTED_EDGE('',*,*,#1155,.F.);
#663=ORIENTED_EDGE('',*,*,#1156,.F.);
#664=ORIENTED_EDGE('',*,*,#1157,.F.);
#665=ORIENTED_EDGE('',*,*,#1158,.F.);
#666=ORIENTED_EDGE('',*,*,#1159,.F.);
#667=ORIENTED_EDGE('',*,*,#1156,.T.);
#668=ORIENTED_EDGE('',*,*,#1154,.F.);
#669=ORIENTED_EDGE('',*,*,#1160,.T.);
#670=ORIENTED_EDGE('',*,*,#1157,.T.);
#671=ORIENTED_EDGE('',*,*,#1159,.T.);
#672=ORIENTED_EDGE('',*,*,#1161,.T.);
#673=ORIENTED_EDGE('',*,*,#1162,.T.);
#674=ORIENTED_EDGE('',*,*,#1126,.T.);
#675=ORIENTED_EDGE('',*,*,#1144,.F.);
#676=ORIENTED_EDGE('',*,*,#1141,.T.);
#677=ORIENTED_EDGE('',*,*,#1132,.T.);
#678=ORIENTED_EDGE('',*,*,#1127,.T.);
#679=ORIENTED_EDGE('',*,*,#1162,.F.);
#680=ORIENTED_EDGE('',*,*,#1163,.T.);
#681=ORIENTED_EDGE('',*,*,#1164,.T.);
#682=ORIENTED_EDGE('',*,*,#1165,.F.);
#683=ORIENTED_EDGE('',*,*,#1166,.T.);
#684=ORIENTED_EDGE('',*,*,#1167,.F.);
#685=ORIENTED_EDGE('',*,*,#1168,.F.);
#686=ORIENTED_EDGE('',*,*,#1169,.F.);
#687=ORIENTED_EDGE('',*,*,#1170,.T.);
#688=ORIENTED_EDGE('',*,*,#1171,.T.);
#689=ORIENTED_EDGE('',*,*,#1166,.F.);
#690=ORIENTED_EDGE('',*,*,#1172,.T.);
#691=ORIENTED_EDGE('',*,*,#1173,.F.);
#692=ORIENTED_EDGE('',*,*,#1174,.T.);
#693=ORIENTED_EDGE('',*,*,#1175,.T.);
#694=ORIENTED_EDGE('',*,*,#1176,.F.);
#695=ORIENTED_EDGE('',*,*,#1177,.F.);
#696=ORIENTED_EDGE('',*,*,#1178,.T.);
#697=ORIENTED_EDGE('',*,*,#1179,.T.);
#698=ORIENTED_EDGE('',*,*,#1180,.F.);
#699=ORIENTED_EDGE('',*,*,#1181,.T.);
#700=ORIENTED_EDGE('',*,*,#1163,.F.);
#701=ORIENTED_EDGE('',*,*,#1161,.F.);
#702=ORIENTED_EDGE('',*,*,#1158,.T.);
#703=ORIENTED_EDGE('',*,*,#1155,.T.);
#704=ORIENTED_EDGE('',*,*,#1160,.F.);
#705=ORIENTED_EDGE('',*,*,#1153,.F.);
#706=ORIENTED_EDGE('',*,*,#1150,.T.);
#707=ORIENTED_EDGE('',*,*,#1182,.F.);
#708=ORIENTED_EDGE('',*,*,#1183,.T.);
#709=ORIENTED_EDGE('',*,*,#1184,.F.);
#710=ORIENTED_EDGE('',*,*,#1185,.T.);
#711=ORIENTED_EDGE('',*,*,#1172,.F.);
#712=ORIENTED_EDGE('',*,*,#1152,.F.);
#713=ORIENTED_EDGE('',*,*,#1147,.T.);
#714=ORIENTED_EDGE('',*,*,#1181,.F.);
#715=ORIENTED_EDGE('',*,*,#1186,.T.);
#716=ORIENTED_EDGE('',*,*,#1187,.F.);
#717=ORIENTED_EDGE('',*,*,#1145,.F.);
#718=ORIENTED_EDGE('',*,*,#1164,.F.);
#719=ORIENTED_EDGE('',*,*,#1143,.F.);
#720=ORIENTED_EDGE('',*,*,#1187,.T.);
#721=ORIENTED_EDGE('',*,*,#1188,.T.);
#722=ORIENTED_EDGE('',*,*,#1189,.T.);
#723=ORIENTED_EDGE('',*,*,#1142,.F.);
#724=ORIENTED_EDGE('',*,*,#1189,.F.);
#725=ORIENTED_EDGE('',*,*,#1190,.T.);
#726=ORIENTED_EDGE('',*,*,#1168,.T.);
#727=ORIENTED_EDGE('',*,*,#1139,.F.);
#728=ORIENTED_EDGE('',*,*,#1191,.T.);
#729=ORIENTED_EDGE('',*,*,#1192,.T.);
#730=ORIENTED_EDGE('',*,*,#1193,.T.);
#731=ORIENTED_EDGE('',*,*,#1140,.T.);
#732=ORIENTED_EDGE('',*,*,#1167,.T.);
#733=ORIENTED_EDGE('',*,*,#1171,.F.);
#734=ORIENTED_EDGE('',*,*,#1194,.T.);
#735=ORIENTED_EDGE('',*,*,#1191,.F.);
#736=ORIENTED_EDGE('',*,*,#1136,.F.);
#737=ORIENTED_EDGE('',*,*,#1133,.T.);
#738=ORIENTED_EDGE('',*,*,#1193,.F.);
#739=ORIENTED_EDGE('',*,*,#1195,.T.);
#740=ORIENTED_EDGE('',*,*,#1182,.T.);
#741=ORIENTED_EDGE('',*,*,#1146,.F.);
#742=ORIENTED_EDGE('',*,*,#1196,.T.);
#743=ORIENTED_EDGE('',*,*,#1197,.F.);
#744=ORIENTED_EDGE('',*,*,#1198,.F.);
#745=ORIENTED_EDGE('',*,*,#1199,.T.);
#746=ORIENTED_EDGE('',*,*,#1200,.F.);
#747=ORIENTED_EDGE('',*,*,#1201,.F.);
#748=ORIENTED_EDGE('',*,*,#1202,.T.);
#749=ORIENTED_EDGE('',*,*,#1203,.T.);
#750=ORIENTED_EDGE('',*,*,#1204,.F.);
#751=ORIENTED_EDGE('',*,*,#1205,.F.);
#752=ORIENTED_EDGE('',*,*,#1206,.T.);
#753=ORIENTED_EDGE('',*,*,#1201,.T.);
#754=ORIENTED_EDGE('',*,*,#1207,.F.);
#755=ORIENTED_EDGE('',*,*,#1208,.F.);
#756=ORIENTED_EDGE('',*,*,#1209,.F.);
#757=ORIENTED_EDGE('',*,*,#1210,.T.);
#758=ORIENTED_EDGE('',*,*,#1205,.T.);
#759=ORIENTED_EDGE('',*,*,#1211,.F.);
#760=ORIENTED_EDGE('',*,*,#1212,.F.);
#761=ORIENTED_EDGE('',*,*,#1213,.T.);
#762=ORIENTED_EDGE('',*,*,#1209,.T.);
#763=ORIENTED_EDGE('',*,*,#1214,.F.);
#764=ORIENTED_EDGE('',*,*,#1215,.F.);
#765=ORIENTED_EDGE('',*,*,#1216,.F.);
#766=ORIENTED_EDGE('',*,*,#1217,.T.);
#767=ORIENTED_EDGE('',*,*,#1212,.T.);
#768=ORIENTED_EDGE('',*,*,#1218,.F.);
#769=ORIENTED_EDGE('',*,*,#1219,.F.);
#770=ORIENTED_EDGE('',*,*,#1220,.T.);
#771=ORIENTED_EDGE('',*,*,#1216,.T.);
#772=ORIENTED_EDGE('',*,*,#1221,.F.);
#773=ORIENTED_EDGE('',*,*,#1222,.F.);
#774=ORIENTED_EDGE('',*,*,#1223,.F.);
#775=ORIENTED_EDGE('',*,*,#1224,.T.);
#776=ORIENTED_EDGE('',*,*,#1219,.T.);
#777=ORIENTED_EDGE('',*,*,#1225,.F.);
#778=ORIENTED_EDGE('',*,*,#1226,.F.);
#779=ORIENTED_EDGE('',*,*,#1227,.T.);
#780=ORIENTED_EDGE('',*,*,#1223,.T.);
#781=ORIENTED_EDGE('',*,*,#1196,.F.);
#782=ORIENTED_EDGE('',*,*,#1203,.F.);
#783=ORIENTED_EDGE('',*,*,#1228,.T.);
#784=ORIENTED_EDGE('',*,*,#1226,.T.);
#785=ORIENTED_EDGE('',*,*,#1214,.T.);
#786=ORIENTED_EDGE('',*,*,#1208,.T.);
#787=ORIENTED_EDGE('',*,*,#1204,.T.);
#788=ORIENTED_EDGE('',*,*,#1229,.F.);
#789=ORIENTED_EDGE('',*,*,#1230,.F.);
#790=ORIENTED_EDGE('',*,*,#1231,.T.);
#791=ORIENTED_EDGE('',*,*,#1232,.T.);
#792=ORIENTED_EDGE('',*,*,#1233,.T.);
#793=ORIENTED_EDGE('',*,*,#1234,.T.);
#794=ORIENTED_EDGE('',*,*,#1235,.T.);
#795=ORIENTED_EDGE('',*,*,#1236,.T.);
#796=ORIENTED_EDGE('',*,*,#1237,.F.);
#797=ORIENTED_EDGE('',*,*,#1238,.F.);
#798=ORIENTED_EDGE('',*,*,#1230,.T.);
#799=ORIENTED_EDGE('',*,*,#1229,.T.);
#800=ORIENTED_EDGE('',*,*,#1207,.T.);
#801=ORIENTED_EDGE('',*,*,#1200,.T.);
#802=ORIENTED_EDGE('',*,*,#1198,.T.);
#803=ORIENTED_EDGE('',*,*,#1239,.F.);
#804=ORIENTED_EDGE('',*,*,#1240,.T.);
#805=ORIENTED_EDGE('',*,*,#1241,.T.);
#806=ORIENTED_EDGE('',*,*,#1242,.T.);
#807=ORIENTED_EDGE('',*,*,#1237,.T.);
#808=ORIENTED_EDGE('',*,*,#1197,.T.);
#809=ORIENTED_EDGE('',*,*,#1225,.T.);
#810=ORIENTED_EDGE('',*,*,#1243,.F.);
#811=ORIENTED_EDGE('',*,*,#1244,.F.);
#812=ORIENTED_EDGE('',*,*,#1245,.F.);
#813=ORIENTED_EDGE('',*,*,#1239,.T.);
#814=ORIENTED_EDGE('',*,*,#1222,.T.);
#815=ORIENTED_EDGE('',*,*,#1218,.T.);
#816=ORIENTED_EDGE('',*,*,#1246,.F.);
#817=ORIENTED_EDGE('',*,*,#1235,.F.);
#818=ORIENTED_EDGE('',*,*,#1247,.F.);
#819=ORIENTED_EDGE('',*,*,#1248,.F.);
#820=ORIENTED_EDGE('',*,*,#1249,.T.);
#821=ORIENTED_EDGE('',*,*,#1243,.T.);
#822=ORIENTED_EDGE('',*,*,#1246,.T.);
#823=ORIENTED_EDGE('',*,*,#1221,.T.);
#824=ORIENTED_EDGE('',*,*,#1215,.T.);
#825=ORIENTED_EDGE('',*,*,#1211,.T.);
#826=ORIENTED_EDGE('',*,*,#1236,.F.);
#827=ORIENTED_EDGE('',*,*,#1199,.F.);
#828=ORIENTED_EDGE('',*,*,#1250,.T.);
#829=ORIENTED_EDGE('',*,*,#1228,.F.);
#830=ORIENTED_EDGE('',*,*,#1202,.F.);
#831=ORIENTED_EDGE('',*,*,#1206,.F.);
#832=ORIENTED_EDGE('',*,*,#1210,.F.);
#833=ORIENTED_EDGE('',*,*,#1213,.F.);
#834=ORIENTED_EDGE('',*,*,#1217,.F.);
#835=ORIENTED_EDGE('',*,*,#1220,.F.);
#836=ORIENTED_EDGE('',*,*,#1224,.F.);
#837=ORIENTED_EDGE('',*,*,#1227,.F.);
#838=ORIENTED_EDGE('',*,*,#1251,.T.);
#839=ORIENTED_EDGE('',*,*,#1252,.F.);
#840=ORIENTED_EDGE('',*,*,#1253,.F.);
#841=ORIENTED_EDGE('',*,*,#1248,.T.);
#842=ORIENTED_EDGE('',*,*,#1254,.T.);
#843=ORIENTED_EDGE('',*,*,#1255,.T.);
#844=ORIENTED_EDGE('',*,*,#1254,.F.);
#845=ORIENTED_EDGE('',*,*,#1247,.T.);
#846=ORIENTED_EDGE('',*,*,#1234,.F.);
#847=ORIENTED_EDGE('',*,*,#1233,.F.);
#848=ORIENTED_EDGE('',*,*,#1232,.F.);
#849=ORIENTED_EDGE('',*,*,#1256,.T.);
#850=ORIENTED_EDGE('',*,*,#1257,.F.);
#851=ORIENTED_EDGE('',*,*,#1256,.F.);
#852=ORIENTED_EDGE('',*,*,#1231,.F.);
#853=ORIENTED_EDGE('',*,*,#1238,.T.);
#854=ORIENTED_EDGE('',*,*,#1258,.T.);
#855=ORIENTED_EDGE('',*,*,#1259,.T.);
#856=ORIENTED_EDGE('',*,*,#1258,.F.);
#857=ORIENTED_EDGE('',*,*,#1242,.F.);
#858=ORIENTED_EDGE('',*,*,#1241,.F.);
#859=ORIENTED_EDGE('',*,*,#1260,.T.);
#860=ORIENTED_EDGE('',*,*,#1261,.F.);
#861=ORIENTED_EDGE('',*,*,#1260,.F.);
#862=ORIENTED_EDGE('',*,*,#1240,.F.);
#863=ORIENTED_EDGE('',*,*,#1245,.T.);
#864=ORIENTED_EDGE('',*,*,#1244,.T.);
#865=ORIENTED_EDGE('',*,*,#1249,.F.);
#866=ORIENTED_EDGE('',*,*,#1253,.T.);
#867=ORIENTED_EDGE('',*,*,#1262,.T.);
#868=ORIENTED_EDGE('',*,*,#1263,.F.);
#869=ORIENTED_EDGE('',*,*,#1264,.F.);
#870=ORIENTED_EDGE('',*,*,#1265,.T.);
#871=ORIENTED_EDGE('',*,*,#1266,.F.);
#872=ORIENTED_EDGE('',*,*,#1267,.T.);
#873=ORIENTED_EDGE('',*,*,#1268,.T.);
#874=ORIENTED_EDGE('',*,*,#1269,.F.);
#875=ORIENTED_EDGE('',*,*,#1270,.F.);
#876=ORIENTED_EDGE('',*,*,#1271,.T.);
#877=ORIENTED_EDGE('',*,*,#1272,.T.);
#878=ORIENTED_EDGE('',*,*,#1268,.F.);
#879=ORIENTED_EDGE('',*,*,#1273,.T.);
#880=ORIENTED_EDGE('',*,*,#1274,.F.);
#881=ORIENTED_EDGE('',*,*,#1275,.T.);
#882=ORIENTED_EDGE('',*,*,#1266,.T.);
#883=ORIENTED_EDGE('',*,*,#1276,.F.);
#884=ORIENTED_EDGE('',*,*,#1277,.F.);
#885=ORIENTED_EDGE('',*,*,#1276,.T.);
#886=ORIENTED_EDGE('',*,*,#1269,.T.);
#887=ORIENTED_EDGE('',*,*,#1272,.F.);
#888=ORIENTED_EDGE('',*,*,#1278,.F.);
#889=ORIENTED_EDGE('',*,*,#1279,.F.);
#890=ORIENTED_EDGE('',*,*,#1274,.T.);
#891=ORIENTED_EDGE('',*,*,#1280,.F.);
#892=ORIENTED_EDGE('',*,*,#1278,.T.);
#893=ORIENTED_EDGE('',*,*,#1271,.F.);
#894=ORIENTED_EDGE('',*,*,#1281,.F.);
#895=ORIENTED_EDGE('',*,*,#1250,.F.);
#896=ORIENTED_EDGE('',*,*,#1282,.T.);
#897=ORIENTED_EDGE('',*,*,#1283,.T.);
#898=ORIENTED_EDGE('',*,*,#1284,.F.);
#899=ORIENTED_EDGE('',*,*,#1285,.F.);
#900=ORIENTED_EDGE('',*,*,#1284,.T.);
#901=ORIENTED_EDGE('',*,*,#1286,.F.);
#902=ORIENTED_EDGE('',*,*,#1282,.F.);
#903=ORIENTED_EDGE('',*,*,#1287,.F.);
#904=ORIENTED_EDGE('',*,*,#1288,.T.);
#905=ORIENTED_EDGE('',*,*,#1289,.F.);
#906=ORIENTED_EDGE('',*,*,#1290,.F.);
#907=ORIENTED_EDGE('',*,*,#1291,.F.);
#908=ORIENTED_EDGE('',*,*,#1251,.F.);
#909=ORIENTED_EDGE('',*,*,#1292,.T.);
#910=ORIENTED_EDGE('',*,*,#1293,.T.);
#911=ORIENTED_EDGE('',*,*,#1289,.T.);
#912=ORIENTED_EDGE('',*,*,#1294,.T.);
#913=ORIENTED_EDGE('',*,*,#1295,.T.);
#914=ORIENTED_EDGE('',*,*,#1296,.F.);
#915=ORIENTED_EDGE('',*,*,#1264,.T.);
#916=ORIENTED_EDGE('',*,*,#1297,.T.);
#917=ORIENTED_EDGE('',*,*,#1294,.F.);
#918=ORIENTED_EDGE('',*,*,#1288,.F.);
#919=ORIENTED_EDGE('',*,*,#1298,.F.);
#920=ORIENTED_EDGE('',*,*,#1299,.T.);
#921=ORIENTED_EDGE('',*,*,#1300,.T.);
#922=ORIENTED_EDGE('',*,*,#1265,.F.);
#923=ORIENTED_EDGE('',*,*,#1301,.F.);
#924=ORIENTED_EDGE('',*,*,#1301,.T.);
#925=ORIENTED_EDGE('',*,*,#1296,.T.);
#926=ORIENTED_EDGE('',*,*,#1302,.F.);
#927=ORIENTED_EDGE('',*,*,#1303,.F.);
#928=ORIENTED_EDGE('',*,*,#1261,.T.);
#929=ORIENTED_EDGE('',*,*,#1252,.T.);
#930=ORIENTED_EDGE('',*,*,#1255,.F.);
#931=ORIENTED_EDGE('',*,*,#1257,.T.);
#932=ORIENTED_EDGE('',*,*,#1259,.F.);
#933=ORIENTED_EDGE('',*,*,#1300,.F.);
#934=ORIENTED_EDGE('',*,*,#1304,.T.);
#935=ORIENTED_EDGE('',*,*,#1305,.F.);
#936=ORIENTED_EDGE('',*,*,#1306,.T.);
#937=ORIENTED_EDGE('',*,*,#1262,.F.);
#938=ORIENTED_EDGE('',*,*,#1306,.F.);
#939=ORIENTED_EDGE('',*,*,#1307,.F.);
#940=ORIENTED_EDGE('',*,*,#1308,.T.);
#941=ORIENTED_EDGE('',*,*,#1263,.T.);
#942=ORIENTED_EDGE('',*,*,#1309,.F.);
#943=ORIENTED_EDGE('',*,*,#1310,.F.);
#944=ORIENTED_EDGE('',*,*,#1311,.F.);
#945=ORIENTED_EDGE('',*,*,#1287,.T.);
#946=ORIENTED_EDGE('',*,*,#1283,.F.);
#947=ORIENTED_EDGE('',*,*,#1286,.T.);
#948=ORIENTED_EDGE('',*,*,#1285,.T.);
#949=ORIENTED_EDGE('',*,*,#1298,.T.);
#950=ORIENTED_EDGE('',*,*,#1291,.T.);
#951=ORIENTED_EDGE('',*,*,#1312,.T.);
#952=ORIENTED_EDGE('',*,*,#1313,.T.);
#953=ORIENTED_EDGE('',*,*,#1184,.T.);
#954=ORIENTED_EDGE('',*,*,#1314,.F.);
#955=ORIENTED_EDGE('',*,*,#1302,.T.);
#956=ORIENTED_EDGE('',*,*,#1281,.T.);
#957=ORIENTED_EDGE('',*,*,#1280,.T.);
#958=ORIENTED_EDGE('',*,*,#1273,.F.);
#959=ORIENTED_EDGE('',*,*,#1277,.T.);
#960=ORIENTED_EDGE('',*,*,#1270,.T.);
#961=ORIENTED_EDGE('',*,*,#1267,.F.);
#962=ORIENTED_EDGE('',*,*,#1275,.F.);
#963=ORIENTED_EDGE('',*,*,#1279,.T.);
#964=ORIENTED_EDGE('',*,*,#1173,.T.);
#965=ORIENTED_EDGE('',*,*,#1185,.F.);
#966=ORIENTED_EDGE('',*,*,#1313,.F.);
#967=ORIENTED_EDGE('',*,*,#1315,.T.);
#968=ORIENTED_EDGE('',*,*,#1290,.T.);
#969=ORIENTED_EDGE('',*,*,#1293,.F.);
#970=ORIENTED_EDGE('',*,*,#1316,.F.);
#971=ORIENTED_EDGE('',*,*,#1174,.F.);
#972=ORIENTED_EDGE('',*,*,#1315,.F.);
#973=ORIENTED_EDGE('',*,*,#1312,.F.);
#974=ORIENTED_EDGE('',*,*,#1176,.T.);
#975=ORIENTED_EDGE('',*,*,#1317,.T.);
#976=ORIENTED_EDGE('',*,*,#1318,.T.);
#977=ORIENTED_EDGE('',*,*,#1177,.T.);
#978=ORIENTED_EDGE('',*,*,#1318,.F.);
#979=ORIENTED_EDGE('',*,*,#1319,.T.);
#980=ORIENTED_EDGE('',*,*,#1316,.T.);
#981=ORIENTED_EDGE('',*,*,#1292,.F.);
#982=ORIENTED_EDGE('',*,*,#1320,.F.);
#983=ORIENTED_EDGE('',*,*,#1178,.F.);
#984=ORIENTED_EDGE('',*,*,#1319,.F.);
#985=ORIENTED_EDGE('',*,*,#1317,.F.);
#986=ORIENTED_EDGE('',*,*,#1175,.F.);
#987=ORIENTED_EDGE('',*,*,#1311,.T.);
#988=ORIENTED_EDGE('',*,*,#1321,.F.);
#989=ORIENTED_EDGE('',*,*,#1179,.F.);
#990=ORIENTED_EDGE('',*,*,#1320,.T.);
#991=ORIENTED_EDGE('',*,*,#1295,.F.);
#992=ORIENTED_EDGE('',*,*,#1297,.F.);
#993=ORIENTED_EDGE('',*,*,#1308,.F.);
#994=ORIENTED_EDGE('',*,*,#1165,.T.);
#995=ORIENTED_EDGE('',*,*,#1322,.T.);
#996=ORIENTED_EDGE('',*,*,#1323,.T.);
#997=ORIENTED_EDGE('',*,*,#1324,.F.);
#998=ORIENTED_EDGE('',*,*,#1169,.T.);
#999=ORIENTED_EDGE('',*,*,#1324,.T.);
#1000=ORIENTED_EDGE('',*,*,#1325,.F.);
#1001=ORIENTED_EDGE('',*,*,#1170,.F.);
#1002=ORIENTED_EDGE('',*,*,#1180,.T.);
#1003=ORIENTED_EDGE('',*,*,#1321,.T.);
#1004=ORIENTED_EDGE('',*,*,#1310,.T.);
#1005=ORIENTED_EDGE('',*,*,#1326,.T.);
#1006=ORIENTED_EDGE('',*,*,#1186,.F.);
#1007=ORIENTED_EDGE('',*,*,#1309,.T.);
#1008=ORIENTED_EDGE('',*,*,#1307,.T.);
#1009=ORIENTED_EDGE('',*,*,#1327,.F.);
#1010=ORIENTED_EDGE('',*,*,#1188,.F.);
#1011=ORIENTED_EDGE('',*,*,#1326,.F.);
#1012=ORIENTED_EDGE('',*,*,#1327,.T.);
#1013=ORIENTED_EDGE('',*,*,#1305,.T.);
#1014=ORIENTED_EDGE('',*,*,#1322,.F.);
#1015=ORIENTED_EDGE('',*,*,#1190,.F.);
#1016=ORIENTED_EDGE('',*,*,#1328,.F.);
#1017=ORIENTED_EDGE('',*,*,#1323,.F.);
#1018=ORIENTED_EDGE('',*,*,#1304,.F.);
#1019=ORIENTED_EDGE('',*,*,#1329,.F.);
#1020=ORIENTED_EDGE('',*,*,#1192,.F.);
#1021=ORIENTED_EDGE('',*,*,#1325,.T.);
#1022=ORIENTED_EDGE('',*,*,#1328,.T.);
#1023=ORIENTED_EDGE('',*,*,#1194,.F.);
#1024=ORIENTED_EDGE('',*,*,#1303,.T.);
#1025=ORIENTED_EDGE('',*,*,#1314,.T.);
#1026=ORIENTED_EDGE('',*,*,#1183,.F.);
#1027=ORIENTED_EDGE('',*,*,#1195,.F.);
#1028=ORIENTED_EDGE('',*,*,#1329,.T.);
#1029=ORIENTED_EDGE('',*,*,#1299,.F.);
#1030=EDGE_CURVE('',#1330,#1331,#1528,.T.);
#1031=EDGE_CURVE('',#1330,#1332,#255,.T.);
#1032=EDGE_CURVE('',#1332,#1331,#256,.T.);
#1033=EDGE_CURVE('',#1333,#1333,#1529,.T.);
#1034=EDGE_CURVE('',#1334,#1330,#257,.T.);
#1035=EDGE_CURVE('',#1335,#1330,#65,.T.);
#1036=EDGE_CURVE('',#1336,#1335,#1530,.T.);
#1037=EDGE_CURVE('',#1336,#1334,#66,.T.);
#1038=EDGE_CURVE('',#1337,#1338,#1531,.T.);
#1039=EDGE_CURVE('',#1338,#1334,#258,.T.);
#1040=EDGE_CURVE('',#1339,#1336,#1532,.T.);
#1041=EDGE_CURVE('',#1339,#1337,#67,.T.);
#1042=EDGE_CURVE('',#1340,#1337,#259,.T.);
#1043=EDGE_CURVE('',#1341,#1339,#1533,.T.);
#1044=EDGE_CURVE('',#1341,#1340,#68,.T.);
#1045=EDGE_CURVE('',#1342,#1343,#1534,.T.);
#1046=EDGE_CURVE('',#1343,#1340,#260,.T.);
#1047=EDGE_CURVE('',#1344,#1341,#1535,.T.);
#1048=EDGE_CURVE('',#1344,#1342,#69,.T.);
#1049=EDGE_CURVE('',#1345,#1342,#261,.T.);
#1050=EDGE_CURVE('',#1346,#1344,#1536,.T.);
#1051=EDGE_CURVE('',#1346,#1345,#70,.T.);
#1052=EDGE_CURVE('',#1347,#1348,#1537,.T.);
#1053=EDGE_CURVE('',#1348,#1345,#262,.T.);
#1054=EDGE_CURVE('',#1349,#1346,#1538,.T.);
#1055=EDGE_CURVE('',#1349,#1347,#71,.T.);
#1056=EDGE_CURVE('',#1350,#1347,#263,.T.);
#1057=EDGE_CURVE('',#1351,#1349,#264,.T.);
#1058=EDGE_CURVE('',#1351,#1350,#72,.T.);
#1059=EDGE_CURVE('',#1331,#1350,#265,.T.);
#1060=EDGE_CURVE('',#1352,#1351,#1539,.T.);
#1061=EDGE_CURVE('',#1352,#1331,#73,.T.);
#1062=EDGE_CURVE('',#1335,#1352,#1540,.T.);
#1063=EDGE_CURVE('',#1353,#1343,#266,.T.);
#1064=EDGE_CURVE('',#1354,#1353,#267,.F.);
#1065=EDGE_CURVE('',#1355,#1354,#268,.T.);
#1066=EDGE_CURVE('',#1356,#1355,#269,.F.);
#1067=EDGE_CURVE('',#1357,#1356,#270,.F.);
#1068=EDGE_CURVE('',#1358,#1357,#271,.T.);
#1069=EDGE_CURVE('',#1358,#1359,#272,.F.);
#1070=EDGE_CURVE('',#1359,#1338,#273,.T.);
#1071=EDGE_CURVE('',#1360,#1332,#274,.T.);
#1072=EDGE_CURVE('',#1358,#1360,#275,.T.);
#1073=EDGE_CURVE('',#1361,#1350,#276,.F.);
#1074=EDGE_CURVE('',#1362,#1360,#277,.T.);
#1075=EDGE_CURVE('',#1363,#1362,#278,.F.);
#1076=EDGE_CURVE('',#1361,#1363,#279,.T.);
#1077=EDGE_CURVE('',#1364,#1365,#280,.F.);
#1078=EDGE_CURVE('',#1365,#1348,#281,.T.);
#1079=EDGE_CURVE('',#1361,#1366,#282,.F.);
#1080=EDGE_CURVE('',#1366,#1364,#283,.T.);
#1081=EDGE_CURVE('',#1367,#1364,#284,.T.);
#1082=EDGE_CURVE('',#1367,#1368,#285,.T.);
#1083=EDGE_CURVE('',#1368,#1354,#286,.T.);
#1084=EDGE_CURVE('',#1369,#1369,#1541,.T.);
#1085=EDGE_CURVE('',#1370,#1370,#1542,.F.);
#1086=EDGE_CURVE('',#1371,#1372,#74,.T.);
#1087=EDGE_CURVE('',#1368,#1372,#75,.T.);
#1088=EDGE_CURVE('',#1367,#1371,#76,.T.);
#1089=EDGE_CURVE('',#1373,#1372,#77,.T.);
#1090=EDGE_CURVE('',#1357,#1373,#78,.T.);
#1091=EDGE_CURVE('',#1373,#1374,#287,.T.);
#1092=EDGE_CURVE('',#1360,#1374,#79,.T.);
#1093=EDGE_CURVE('',#1375,#1374,#288,.T.);
#1094=EDGE_CURVE('',#1363,#1375,#80,.T.);
#1095=EDGE_CURVE('',#1375,#1371,#81,.T.);
#1096=EDGE_CURVE('',#1376,#1377,#82,.T.);
#1097=EDGE_CURVE('',#1378,#1376,#83,.T.);
#1098=EDGE_CURVE('',#1378,#1379,#84,.T.);
#1099=EDGE_CURVE('',#1379,#1377,#85,.T.);
#1100=EDGE_CURVE('',#1380,#1381,#86,.T.);
#1101=EDGE_CURVE('',#1381,#1382,#87,.T.);
#1102=EDGE_CURVE('',#1383,#1382,#88,.T.);
#1103=EDGE_CURVE('',#1380,#1383,#289,.T.);
#1104=EDGE_CURVE('',#1384,#1383,#290,.T.);
#1105=EDGE_CURVE('',#1385,#1382,#89,.T.);
#1106=EDGE_CURVE('',#1384,#1385,#90,.T.);
#1107=EDGE_CURVE('',#1386,#1387,#291,.T.);
#1108=EDGE_CURVE('',#1386,#1381,#91,.T.);
#1109=EDGE_CURVE('',#1388,#1380,#292,.T.);
#1110=EDGE_CURVE('',#1388,#1387,#92,.T.);
#1111=EDGE_CURVE('',#1386,#1389,#293,.T.);
#1112=EDGE_CURVE('',#1389,#1385,#93,.T.);
#1113=EDGE_CURVE('',#1388,#1384,#294,.T.);
#1114=EDGE_CURVE('',#1389,#1387,#295,.T.);
#1115=EDGE_CURVE('',#1390,#1390,#296,.T.);
#1116=EDGE_CURVE('',#1391,#1392,#94,.T.);
#1117=EDGE_CURVE('',#1392,#1391,#297,.T.);
#1118=EDGE_CURVE('',#1393,#1394,#95,.T.);
#1119=EDGE_CURVE('',#1394,#1393,#298,.T.);
#1120=EDGE_CURVE('',#1393,#1391,#299,.T.);
#1121=EDGE_CURVE('',#1392,#1394,#300,.T.);
#1122=EDGE_CURVE('',#1395,#1396,#96,.T.);
#1123=EDGE_CURVE('',#1395,#1397,#301,.T.);
#1124=EDGE_CURVE('',#1397,#1398,#97,.T.);
#1125=EDGE_CURVE('',#1398,#1396,#1543,.F.);
#1126=EDGE_CURVE('',#1399,#1400,#1544,.F.);
#1127=EDGE_CURVE('',#1401,#1399,#1545,.F.);
#1128=EDGE_CURVE('',#1396,#1401,#1546,.F.);
#1129=EDGE_CURVE('',#1400,#1398,#1547,.F.);
#1130=EDGE_CURVE('',#1378,#1402,#98,.T.);
#1131=EDGE_CURVE('',#1402,#1395,#302,.F.);
#1132=EDGE_CURVE('',#1379,#1401,#99,.T.);
#1133=EDGE_CURVE('',#1403,#1404,#303,.T.);
#1134=EDGE_CURVE('',#1403,#1378,#100,.T.);
#1135=EDGE_CURVE('',#1404,#1376,#101,.T.);
#1136=EDGE_CURVE('',#1403,#1405,#304,.F.);
#1137=EDGE_CURVE('',#1405,#1402,#305,.T.);
#1138=EDGE_CURVE('',#1406,#1377,#102,.T.);
#1139=EDGE_CURVE('',#1406,#1407,#306,.T.);
#1140=EDGE_CURVE('',#1404,#1407,#307,.T.);
#1141=EDGE_CURVE('',#1408,#1379,#103,.T.);
#1142=EDGE_CURVE('',#1408,#1406,#104,.T.);
#1143=EDGE_CURVE('',#1409,#1408,#105,.T.);
#1144=EDGE_CURVE('',#1408,#1410,#308,.T.);
#1145=EDGE_CURVE('',#1410,#1409,#309,.F.);
#1146=EDGE_CURVE('',#1405,#1411,#310,.F.);
#1147=EDGE_CURVE('',#1412,#1411,#311,.F.);
#1148=EDGE_CURVE('',#1413,#1412,#312,.T.);
#1149=EDGE_CURVE('',#1397,#1413,#313,.T.);
#1150=EDGE_CURVE('',#1414,#1415,#314,.T.);
#1151=EDGE_CURVE('',#1413,#1414,#315,.T.);
#1152=EDGE_CURVE('',#1412,#1415,#106,.T.);
#1153=EDGE_CURVE('',#1414,#1416,#316,.T.);
#1154=EDGE_CURVE('',#1416,#1400,#107,.T.);
#1155=EDGE_CURVE('',#1417,#1418,#12,.F.);
#1156=EDGE_CURVE('',#1419,#1417,#317,.T.);
#1157=EDGE_CURVE('',#1418,#1419,#318,.T.);
#1158=EDGE_CURVE('',#1420,#1417,#319,.T.);
#1159=EDGE_CURVE('',#1419,#1420,#320,.T.);
#1160=EDGE_CURVE('',#1416,#1418,#321,.T.);
#1161=EDGE_CURVE('',#1420,#1421,#322,.T.);
#1162=EDGE_CURVE('',#1421,#1399,#108,.T.);
#1163=EDGE_CURVE('',#1421,#1422,#323,.T.);
#1164=EDGE_CURVE('',#1422,#1410,#324,.F.);
#1165=EDGE_CURVE('',#1423,#1424,#325,.T.);
#1166=EDGE_CURVE('',#1423,#1425,#326,.T.);
#1167=EDGE_CURVE('',#1407,#1425,#109,.T.);
#1168=EDGE_CURVE('',#1424,#1407,#327,.T.);
#1169=EDGE_CURVE('',#1426,#1423,#328,.T.);
#1170=EDGE_CURVE('',#1426,#1427,#329,.T.);
#1171=EDGE_CURVE('',#1427,#1425,#110,.T.);
#1172=EDGE_CURVE('',#1415,#1428,#330,.T.);
#1173=EDGE_CURVE('',#1429,#1428,#331,.F.);
#1174=EDGE_CURVE('',#1429,#1430,#332,.T.);
#1175=EDGE_CURVE('',#1430,#1431,#333,.T.);
#1176=EDGE_CURVE('',#1432,#1431,#13,.T.);
#1177=EDGE_CURVE('',#1433,#1432,#334,.T.);
#1178=EDGE_CURVE('',#1433,#1434,#335,.T.);
#1179=EDGE_CURVE('',#1434,#1435,#336,.T.);
#1180=EDGE_CURVE('',#1436,#1435,#337,.T.);
#1181=EDGE_CURVE('',#1436,#1422,#338,.T.);
#1182=EDGE_CURVE('',#1437,#1411,#339,.F.);
#1183=EDGE_CURVE('',#1437,#1438,#340,.F.);
#1184=EDGE_CURVE('',#1439,#1438,#341,.T.);
#1185=EDGE_CURVE('',#1439,#1428,#342,.T.);
#1186=EDGE_CURVE('',#1436,#1440,#343,.T.);
#1187=EDGE_CURVE('',#1409,#1440,#344,.F.);
#1188=EDGE_CURVE('',#1440,#1441,#111,.T.);
#1189=EDGE_CURVE('',#1441,#1406,#345,.T.);
#1190=EDGE_CURVE('',#1441,#1424,#346,.T.);
#1191=EDGE_CURVE('',#1425,#1442,#347,.T.);
#1192=EDGE_CURVE('',#1442,#1443,#348,.T.);
#1193=EDGE_CURVE('',#1443,#1404,#349,.F.);
#1194=EDGE_CURVE('',#1427,#1442,#350,.F.);
#1195=EDGE_CURVE('',#1443,#1437,#351,.T.);
#1196=EDGE_CURVE('',#1444,#1445,#1548,.T.);
#1197=EDGE_CURVE('',#1446,#1445,#352,.F.);
#1198=EDGE_CURVE('',#1444,#1446,#353,.F.);
#1199=EDGE_CURVE('',#1447,#1447,#1549,.T.);
#1200=EDGE_CURVE('',#1448,#1444,#354,.F.);
#1201=EDGE_CURVE('',#1449,#1448,#355,.F.);
#1202=EDGE_CURVE('',#1449,#1450,#1550,.F.);
#1203=EDGE_CURVE('',#1450,#1444,#356,.T.);
#1204=EDGE_CURVE('',#1451,#1452,#1551,.F.);
#1205=EDGE_CURVE('',#1453,#1451,#357,.T.);
#1206=EDGE_CURVE('',#1453,#1449,#1552,.T.);
#1207=EDGE_CURVE('',#1452,#1448,#358,.F.);
#1208=EDGE_CURVE('',#1454,#1451,#359,.F.);
#1209=EDGE_CURVE('',#1455,#1454,#360,.F.);
#1210=EDGE_CURVE('',#1455,#1453,#1553,.F.);
#1211=EDGE_CURVE('',#1456,#1457,#1554,.F.);
#1212=EDGE_CURVE('',#1458,#1456,#361,.T.);
#1213=EDGE_CURVE('',#1458,#1455,#1555,.T.);
#1214=EDGE_CURVE('',#1457,#1454,#362,.F.);
#1215=EDGE_CURVE('',#1459,#1456,#363,.F.);
#1216=EDGE_CURVE('',#1460,#1459,#364,.F.);
#1217=EDGE_CURVE('',#1460,#1458,#1556,.F.);
#1218=EDGE_CURVE('',#1461,#1462,#1557,.F.);
#1219=EDGE_CURVE('',#1463,#1461,#365,.T.);
#1220=EDGE_CURVE('',#1463,#1460,#1558,.T.);
#1221=EDGE_CURVE('',#1462,#1459,#366,.F.);
#1222=EDGE_CURVE('',#1464,#1461,#367,.F.);
#1223=EDGE_CURVE('',#1465,#1464,#368,.T.);
#1224=EDGE_CURVE('',#1465,#1463,#369,.F.);
#1225=EDGE_CURVE('',#1445,#1464,#370,.F.);
#1226=EDGE_CURVE('',#1466,#1445,#371,.F.);
#1227=EDGE_CURVE('',#1466,#1465,#1559,.F.);
#1228=EDGE_CURVE('',#1450,#1466,#1560,.T.);
#1229=EDGE_CURVE('',#1467,#1452,#372,.T.);
#1230=EDGE_CURVE('',#1468,#1467,#373,.F.);
#1231=EDGE_CURVE('',#1468,#1469,#374,.T.);
#1232=EDGE_CURVE('',#1469,#1470,#375,.F.);
#1233=EDGE_CURVE('',#1470,#1471,#376,.F.);
#1234=EDGE_CURVE('',#1471,#1472,#377,.T.);
#1235=EDGE_CURVE('',#1472,#1473,#378,.F.);
#1236=EDGE_CURVE('',#1473,#1457,#379,.T.);
#1237=EDGE_CURVE('',#1474,#1446,#380,.T.);
#1238=EDGE_CURVE('',#1468,#1474,#381,.T.);
#1239=EDGE_CURVE('',#1475,#1464,#382,.F.);
#1240=EDGE_CURVE('',#1475,#1476,#383,.T.);
#1241=EDGE_CURVE('',#1476,#1477,#384,.F.);
#1242=EDGE_CURVE('',#1477,#1474,#385,.T.);
#1243=EDGE_CURVE('',#1478,#1479,#386,.F.);
#1244=EDGE_CURVE('',#1480,#1478,#387,.T.);
#1245=EDGE_CURVE('',#1475,#1480,#388,.F.);
#1246=EDGE_CURVE('',#1479,#1462,#389,.T.);
#1247=EDGE_CURVE('',#1481,#1472,#390,.T.);
#1248=EDGE_CURVE('',#1482,#1481,#391,.T.);
#1249=EDGE_CURVE('',#1482,#1478,#392,.T.);
#1250=EDGE_CURVE('',#1483,#1483,#1561,.T.);
#1251=EDGE_CURVE('',#1484,#1484,#1562,.F.);
#1252=EDGE_CURVE('',#1485,#1486,#112,.T.);
#1253=EDGE_CURVE('',#1482,#1485,#113,.T.);
#1254=EDGE_CURVE('',#1481,#1486,#114,.T.);
#1255=EDGE_CURVE('',#1487,#1486,#115,.T.);
#1256=EDGE_CURVE('',#1469,#1487,#116,.T.);
#1257=EDGE_CURVE('',#1487,#1488,#393,.T.);
#1258=EDGE_CURVE('',#1474,#1488,#117,.T.);
#1259=EDGE_CURVE('',#1489,#1488,#394,.T.);
#1260=EDGE_CURVE('',#1476,#1489,#118,.T.);
#1261=EDGE_CURVE('',#1489,#1485,#119,.T.);
#1262=EDGE_CURVE('',#1490,#1491,#120,.T.);
#1263=EDGE_CURVE('',#1492,#1491,#121,.T.);
#1264=EDGE_CURVE('',#1493,#1492,#122,.T.);
#1265=EDGE_CURVE('',#1493,#1490,#123,.T.);
#1266=EDGE_CURVE('',#1494,#1495,#124,.T.);
#1267=EDGE_CURVE('',#1494,#1496,#395,.T.);
#1268=EDGE_CURVE('',#1496,#1497,#125,.T.);
#1269=EDGE_CURVE('',#1495,#1497,#126,.T.);
#1270=EDGE_CURVE('',#1498,#1496,#396,.T.);
#1271=EDGE_CURVE('',#1498,#1499,#127,.T.);
#1272=EDGE_CURVE('',#1499,#1497,#128,.T.);
#1273=EDGE_CURVE('',#1500,#1501,#397,.T.);
#1274=EDGE_CURVE('',#1502,#1501,#129,.T.);
#1275=EDGE_CURVE('',#1502,#1494,#398,.T.);
#1276=EDGE_CURVE('',#1500,#1495,#130,.T.);
#1277=EDGE_CURVE('',#1500,#1503,#399,.T.);
#1278=EDGE_CURVE('',#1503,#1499,#131,.T.);
#1279=EDGE_CURVE('',#1502,#1498,#400,.T.);
#1280=EDGE_CURVE('',#1503,#1501,#401,.T.);
#1281=EDGE_CURVE('',#1504,#1504,#402,.T.);
#1282=EDGE_CURVE('',#1505,#1506,#132,.T.);
#1283=EDGE_CURVE('',#1506,#1505,#403,.T.);
#1284=EDGE_CURVE('',#1507,#1508,#133,.T.);
#1285=EDGE_CURVE('',#1508,#1507,#404,.T.);
#1286=EDGE_CURVE('',#1506,#1508,#405,.T.);
#1287=EDGE_CURVE('',#1507,#1505,#406,.T.);
#1288=EDGE_CURVE('',#1509,#1510,#134,.T.);
#1289=EDGE_CURVE('',#1511,#1510,#1563,.F.);
#1290=EDGE_CURVE('',#1512,#1511,#135,.T.);
#1291=EDGE_CURVE('',#1509,#1512,#407,.T.);
#1292=EDGE_CURVE('',#1513,#1514,#1564,.F.);
#1293=EDGE_CURVE('',#1514,#1511,#1565,.F.);
#1294=EDGE_CURVE('',#1510,#1515,#1566,.F.);
#1295=EDGE_CURVE('',#1515,#1513,#1567,.F.);
#1296=EDGE_CURVE('',#1493,#1516,#136,.T.);
#1297=EDGE_CURVE('',#1492,#1515,#137,.T.);
#1298=EDGE_CURVE('',#1516,#1509,#408,.F.);
#1299=EDGE_CURVE('',#1517,#1518,#409,.T.);
#1300=EDGE_CURVE('',#1518,#1490,#138,.T.);
#1301=EDGE_CURVE('',#1517,#1493,#139,.T.);
#1302=EDGE_CURVE('',#1519,#1516,#410,.T.);
#1303=EDGE_CURVE('',#1517,#1519,#411,.F.);
#1304=EDGE_CURVE('',#1518,#1520,#412,.F.);
#1305=EDGE_CURVE('',#1521,#1520,#413,.T.);
#1306=EDGE_CURVE('',#1521,#1491,#140,.T.);
#1307=EDGE_CURVE('',#1522,#1521,#141,.T.);
#1308=EDGE_CURVE('',#1522,#1492,#142,.T.);
#1309=EDGE_CURVE('',#1523,#1522,#143,.T.);
#1310=EDGE_CURVE('',#1524,#1523,#414,.F.);
#1311=EDGE_CURVE('',#1522,#1524,#415,.T.);
#1312=EDGE_CURVE('',#1512,#1525,#416,.T.);
#1313=EDGE_CURVE('',#1525,#1439,#417,.T.);
#1314=EDGE_CURVE('',#1519,#1438,#418,.F.);
#1315=EDGE_CURVE('',#1525,#1429,#419,.T.);
#1316=EDGE_CURVE('',#1430,#1514,#144,.T.);
#1317=EDGE_CURVE('',#1431,#1526,#420,.T.);
#1318=EDGE_CURVE('',#1526,#1432,#421,.T.);
#1319=EDGE_CURVE('',#1526,#1433,#422,.T.);
#1320=EDGE_CURVE('',#1434,#1513,#145,.T.);
#1321=EDGE_CURVE('',#1435,#1524,#423,.F.);
#1322=EDGE_CURVE('',#1424,#1520,#424,.T.);
#1323=EDGE_CURVE('',#1520,#1527,#146,.T.);
#1324=EDGE_CURVE('',#1423,#1527,#425,.F.);
#1325=EDGE_CURVE('',#1427,#1527,#147,.T.);
#1326=EDGE_CURVE('',#1523,#1440,#426,.F.);
#1327=EDGE_CURVE('',#1441,#1521,#427,.T.);
#1328=EDGE_CURVE('',#1527,#1442,#428,.T.);
#1329=EDGE_CURVE('',#1443,#1518,#429,.F.);
#1330=VERTEX_POINT('',#2401);
#1331=VERTEX_POINT('',#2402);
#1332=VERTEX_POINT('',#2410);
#1333=VERTEX_POINT('',#2420);
#1334=VERTEX_POINT('',#2428);
#1335=VERTEX_POINT('',#2430);
#1336=VERTEX_POINT('',#2432);
#1337=VERTEX_POINT('',#2436);
#1338=VERTEX_POINT('',#2437);
#1339=VERTEX_POINT('',#2443);
#1340=VERTEX_POINT('',#2455);
#1341=VERTEX_POINT('',#2457);
#1342=VERTEX_POINT('',#2461);
#1343=VERTEX_POINT('',#2462);
#1344=VERTEX_POINT('',#2468);
#1345=VERTEX_POINT('',#2478);
#1346=VERTEX_POINT('',#2480);
#1347=VERTEX_POINT('',#2484);
#1348=VERTEX_POINT('',#2485);
#1349=VERTEX_POINT('',#2492);
#1350=VERTEX_POINT('',#2521);
#1351=VERTEX_POINT('',#2531);
#1352=VERTEX_POINT('',#2541);
#1353=VERTEX_POINT('',#2624);
#1354=VERTEX_POINT('',#2629);
#1355=VERTEX_POINT('',#2634);
#1356=VERTEX_POINT('',#2639);
#1357=VERTEX_POINT('',#2644);
#1358=VERTEX_POINT('',#2649);
#1359=VERTEX_POINT('',#2657);
#1360=VERTEX_POINT('',#2828);
#1361=VERTEX_POINT('',#3087);
#1362=VERTEX_POINT('',#3093);
#1363=VERTEX_POINT('',#3098);
#1364=VERTEX_POINT('',#3174);
#1365=VERTEX_POINT('',#3175);
#1366=VERTEX_POINT('',#3184);
#1367=VERTEX_POINT('',#3268);
#1368=VERTEX_POINT('',#3273);
#1369=VERTEX_POINT('',#3280);
#1370=VERTEX_POINT('',#3283);
#1371=VERTEX_POINT('',#3286);
#1372=VERTEX_POINT('',#3287);
#1373=VERTEX_POINT('',#3292);
#1374=VERTEX_POINT('',#3317);
#1375=VERTEX_POINT('',#3337);
#1376=VERTEX_POINT('',#3343);
#1377=VERTEX_POINT('',#3344);
#1378=VERTEX_POINT('',#3346);
#1379=VERTEX_POINT('',#3348);
#1380=VERTEX_POINT('',#3352);
#1381=VERTEX_POINT('',#3353);
#1382=VERTEX_POINT('',#3355);
#1383=VERTEX_POINT('',#3357);
#1384=VERTEX_POINT('',#3368);
#1385=VERTEX_POINT('',#3370);
#1386=VERTEX_POINT('',#3377);
#1387=VERTEX_POINT('',#3378);
#1388=VERTEX_POINT('',#3386);
#1389=VERTEX_POINT('',#3393);
#1390=VERTEX_POINT('',#3483);
#1391=VERTEX_POINT('',#3486);
#1392=VERTEX_POINT('',#3487);
#1393=VERTEX_POINT('',#3525);
#1394=VERTEX_POINT('',#3526);
#1395=VERTEX_POINT('',#3637);
#1396=VERTEX_POINT('',#3638);
#1397=VERTEX_POINT('',#3676);
#1398=VERTEX_POINT('',#3678);
#1399=VERTEX_POINT('',#3682);
#1400=VERTEX_POINT('',#3683);
#1401=VERTEX_POINT('',#3685);
#1402=VERTEX_POINT('',#3809);
#1403=VERTEX_POINT('',#3828);
#1404=VERTEX_POINT('',#3829);
#1405=VERTEX_POINT('',#3900);
#1406=VERTEX_POINT('',#3918);
#1407=VERTEX_POINT('',#3923);
#1408=VERTEX_POINT('',#3930);
#1409=VERTEX_POINT('',#3934);
#1410=VERTEX_POINT('',#3939);
#1411=VERTEX_POINT('',#4075);
#1412=VERTEX_POINT('',#4084);
#1413=VERTEX_POINT('',#4089);
#1414=VERTEX_POINT('',#4110);
#1415=VERTEX_POINT('',#4111);
#1416=VERTEX_POINT('',#4193);
#1417=VERTEX_POINT('',#4197);
#1418=VERTEX_POINT('',#4198);
#1419=VERTEX_POINT('',#4203);
#1420=VERTEX_POINT('',#4220);
#1421=VERTEX_POINT('',#4336);
#1422=VERTEX_POINT('',#4462);
#1423=VERTEX_POINT('',#4606);
#1424=VERTEX_POINT('',#4607);
#1425=VERTEX_POINT('',#4623);
#1426=VERTEX_POINT('',#4665);
#1427=VERTEX_POINT('',#4670);
#1428=VERTEX_POINT('',#4690);
#1429=VERTEX_POINT('',#4695);
#1430=VERTEX_POINT('',#4703);
#1431=VERTEX_POINT('',#4708);
#1432=VERTEX_POINT('',#4710);
#1433=VERTEX_POINT('',#4715);
#1434=VERTEX_POINT('',#4721);
#1435=VERTEX_POINT('',#4726);
#1436=VERTEX_POINT('',#4734);
#1437=VERTEX_POINT('',#4877);
#1438=VERTEX_POINT('',#4883);
#1439=VERTEX_POINT('',#4892);
#1440=VERTEX_POINT('',#5022);
#1441=VERTEX_POINT('',#5037);
#1442=VERTEX_POINT('',#5460);
#1443=VERTEX_POINT('',#5465);
#1444=VERTEX_POINT('',#5731);
#1445=VERTEX_POINT('',#5732);
#1446=VERTEX_POINT('',#5740);
#1447=VERTEX_POINT('',#5750);
#1448=VERTEX_POINT('',#5758);
#1449=VERTEX_POINT('',#5763);
#1450=VERTEX_POINT('',#5765);
#1451=VERTEX_POINT('',#5772);
#1452=VERTEX_POINT('',#5773);
#1453=VERTEX_POINT('',#5778);
#1454=VERTEX_POINT('',#5794);
#1455=VERTEX_POINT('',#5799);
#1456=VERTEX_POINT('',#5803);
#1457=VERTEX_POINT('',#5804);
#1458=VERTEX_POINT('',#5809);
#1459=VERTEX_POINT('',#5823);
#1460=VERTEX_POINT('',#5828);
#1461=VERTEX_POINT('',#5832);
#1462=VERTEX_POINT('',#5833);
#1463=VERTEX_POINT('',#5838);
#1464=VERTEX_POINT('',#5872);
#1465=VERTEX_POINT('',#5877);
#1466=VERTEX_POINT('',#5898);
#1467=VERTEX_POINT('',#5981);
#1468=VERTEX_POINT('',#5989);
#1469=VERTEX_POINT('',#5994);
#1470=VERTEX_POINT('',#5999);
#1471=VERTEX_POINT('',#6004);
#1472=VERTEX_POINT('',#6009);
#1473=VERTEX_POINT('',#6014);
#1474=VERTEX_POINT('',#6185);
#1475=VERTEX_POINT('',#6444);
#1476=VERTEX_POINT('',#6449);
#1477=VERTEX_POINT('',#6454);
#1478=VERTEX_POINT('',#6531);
#1479=VERTEX_POINT('',#6532);
#1480=VERTEX_POINT('',#6537);
#1481=VERTEX_POINT('',#6625);
#1482=VERTEX_POINT('',#6630);
#1483=VERTEX_POINT('',#6637);
#1484=VERTEX_POINT('',#6640);
#1485=VERTEX_POINT('',#6643);
#1486=VERTEX_POINT('',#6644);
#1487=VERTEX_POINT('',#6649);
#1488=VERTEX_POINT('',#6674);
#1489=VERTEX_POINT('',#6694);
#1490=VERTEX_POINT('',#6700);
#1491=VERTEX_POINT('',#6701);
#1492=VERTEX_POINT('',#6703);
#1493=VERTEX_POINT('',#6705);
#1494=VERTEX_POINT('',#6709);
#1495=VERTEX_POINT('',#6710);
#1496=VERTEX_POINT('',#6715);
#1497=VERTEX_POINT('',#6717);
#1498=VERTEX_POINT('',#6725);
#1499=VERTEX_POINT('',#6727);
#1500=VERTEX_POINT('',#6734);
#1501=VERTEX_POINT('',#6735);
#1502=VERTEX_POINT('',#6737);
#1503=VERTEX_POINT('',#6750);
#1504=VERTEX_POINT('',#6817);
#1505=VERTEX_POINT('',#6820);
#1506=VERTEX_POINT('',#6821);
#1507=VERTEX_POINT('',#6859);
#1508=VERTEX_POINT('',#6860);
#1509=VERTEX_POINT('',#6971);
#1510=VERTEX_POINT('',#6972);
#1511=VERTEX_POINT('',#6974);
#1512=VERTEX_POINT('',#6976);
#1513=VERTEX_POINT('',#7016);
#1514=VERTEX_POINT('',#7017);
#1515=VERTEX_POINT('',#7020);
#1516=VERTEX_POINT('',#7143);
#1517=VERTEX_POINT('',#7162);
#1518=VERTEX_POINT('',#7163);
#1519=VERTEX_POINT('',#7245);
#1520=VERTEX_POINT('',#7255);
#1521=VERTEX_POINT('',#7260);
#1522=VERTEX_POINT('',#7264);
#1523=VERTEX_POINT('',#7268);
#1524=VERTEX_POINT('',#7273);
#1525=VERTEX_POINT('',#7406);
#1526=VERTEX_POINT('',#7509);
#1527=VERTEX_POINT('',#7911);
#1528=CIRCLE('',#1999,0.0249715430200677);
#1529=CIRCLE('',#2001,0.00211666666666666);
#1530=CIRCLE('',#2003,0.0249062254318732);
#1531=CIRCLE('',#2005,0.0249715430200677);
#1532=CIRCLE('',#2006,0.0249715430200677);
#1533=CIRCLE('',#2008,0.0249635487121041);
#1534=CIRCLE('',#2010,0.0249715430200677);
#1535=CIRCLE('',#2011,0.0249715430200677);
#1536=CIRCLE('',#2013,0.0249639811918068);
#1537=CIRCLE('',#2015,0.0249715430200677);
#1538=CIRCLE('',#2016,0.0249715430200677);
#1539=CIRCLE('',#2018,0.0249596513535894);
#1540=CIRCLE('',#2020,0.0249715430200677);
#1541=CIRCLE('',#2022,0.00211666666666666);
#1542=CIRCLE('',#2024,0.0266666666666667);
#1543=CIRCLE('',#2038,0.0266666666666667);
#1544=CIRCLE('',#2040,0.0266666666666667);
#1545=CIRCLE('',#2041,0.0266666666666667);
#1546=CIRCLE('',#2042,0.0266666666666667);
#1547=CIRCLE('',#2043,0.0266666666666667);
#1548=CIRCLE('',#2053,0.0249715430200677);
#1549=CIRCLE('',#2055,0.00211666666666666);
#1550=CIRCLE('',#2057,0.0249062254318732);
#1551=CIRCLE('',#2059,0.0249715430200677);
#1552=CIRCLE('',#2060,0.0249715430200677);
#1553=CIRCLE('',#2062,0.0249635487121041);
#1554=CIRCLE('',#2064,0.0249715430200677);
#1555=CIRCLE('',#2065,0.0249715430200677);
#1556=CIRCLE('',#2067,0.0249639811918068);
#1557=CIRCLE('',#2069,0.0249715430200677);
#1558=CIRCLE('',#2070,0.0249715430200677);
#1559=CIRCLE('',#2072,0.0249596513535893);
#1560=CIRCLE('',#2074,0.0249715430200677);
#1561=CIRCLE('',#2076,0.00211666666666666);
#1562=CIRCLE('',#2078,0.0266666666666667);
#1563=CIRCLE('',#2092,0.0266666666666667);
#1564=CIRCLE('',#2094,0.0266666666666667);
#1565=CIRCLE('',#2095,0.0266666666666667);
#1566=CIRCLE('',#2096,0.0266666666666667);
#1567=CIRCLE('',#2097,0.0266666666666667);
#1568=EDGE_LOOP('',(#430,#431,#432));
#1569=EDGE_LOOP('',(#433));
#1570=EDGE_LOOP('',(#434,#435,#436,#437));
#1571=EDGE_LOOP('',(#438,#439,#440,#441,#442));
#1572=EDGE_LOOP('',(#443,#444,#445,#446));
#1573=EDGE_LOOP('',(#447,#448,#449,#450,#451));
#1574=EDGE_LOOP('',(#452,#453,#454,#455));
#1575=EDGE_LOOP('',(#456,#457,#458,#459,#460));
#1576=EDGE_LOOP('',(#461,#462,#463,#464));
#1577=EDGE_LOOP('',(#465,#466,#467,#468));
#1578=EDGE_LOOP('',(#469,#470,#471,#472));
#1579=EDGE_LOOP('',(#473,#474,#475,#476,#477,#478,#479,#480,#481,#482,#483));
#1580=EDGE_LOOP('',(#484,#485,#486,#487,#488,#489,#490));
#1581=EDGE_LOOP('',(#491,#492,#493,#494,#495,#496,#497));
#1582=EDGE_LOOP('',(#498,#499,#500,#501,#502,#503,#504));
#1583=EDGE_LOOP('',(#505,#506,#507,#508,#509,#510,#511,#512,#513,#514));
#1584=EDGE_LOOP('',(#515));
#1585=EDGE_LOOP('',(#516));
#1586=EDGE_LOOP('',(#517,#518,#519,#520,#521,#522,#523,#524,#525));
#1587=EDGE_LOOP('',(#526));
#1588=EDGE_LOOP('',(#527,#528,#529,#530));
#1589=EDGE_LOOP('',(#531,#532,#533,#534,#535,#536,#537));
#1590=EDGE_LOOP('',(#538,#539,#540,#541,#542));
#1591=EDGE_LOOP('',(#543,#544,#545,#546,#547));
#1592=EDGE_LOOP('',(#548,#549,#550,#551,#552,#553,#554));
#1593=EDGE_LOOP('',(#555,#556,#557,#558));
#1594=EDGE_LOOP('',(#559,#560,#561,#562));
#1595=EDGE_LOOP('',(#563,#564,#565,#566));
#1596=EDGE_LOOP('',(#567,#568,#569,#570,#571));
#1597=EDGE_LOOP('',(#572,#573,#574,#575,#576));
#1598=EDGE_LOOP('',(#577,#578,#579,#580,#581));
#1599=EDGE_LOOP('',(#582));
#1600=EDGE_LOOP('',(#583));
#1601=EDGE_LOOP('',(#584,#585));
#1602=EDGE_LOOP('',(#586,#587));
#1603=EDGE_LOOP('',(#588,#589,#590,#591));
#1604=EDGE_LOOP('',(#592,#593,#594,#595));
#1605=EDGE_LOOP('',(#596));
#1606=EDGE_LOOP('',(#597,#598,#599,#600,#601));
#1607=EDGE_LOOP('',(#602,#603,#604,#605,#606,#607));
#1608=EDGE_LOOP('',(#608,#609,#610,#611));
#1609=EDGE_LOOP('',(#612,#613,#614,#615));
#1610=EDGE_LOOP('',(#616,#617,#618,#619,#620));
#1611=EDGE_LOOP('',(#621,#622,#623,#624,#625));
#1612=EDGE_LOOP('',(#626,#627,#628,#629));
#1613=EDGE_LOOP('',(#630,#631,#632));
#1614=EDGE_LOOP('',(#633,#634,#635,#636));
#1615=EDGE_LOOP('',(#637,#638,#639,#640,#641,#642,#643));
#1616=EDGE_LOOP('',(#644));
#1617=EDGE_LOOP('',(#645,#646,#647));
#1618=EDGE_LOOP('',(#648,#649,#650,#651));
#1619=EDGE_LOOP('',(#652,#653,#654,#655));
#1620=EDGE_LOOP('',(#656,#657,#658,#659,#660,#661));
#1621=EDGE_LOOP('',(#662,#663,#664));
#1622=EDGE_LOOP('',(#665,#666,#667));
#1623=EDGE_LOOP('',(#668,#669,#670,#671,#672,#673,#674));
#1624=EDGE_LOOP('',(#675,#676,#677,#678,#679,#680,#681));
#1625=EDGE_LOOP('',(#682,#683,#684,#685));
#1626=EDGE_LOOP('',(#686,#687,#688,#689));
#1627=EDGE_LOOP('',(#690,#691,#692,#693,#694,#695,#696,#697,#698,#699,#700,#701,#702,#703,#704,#705,#706));
#1628=EDGE_LOOP('',(#707,#708,#709,#710,#711,#712,#713));
#1629=EDGE_LOOP('',(#714,#715,#716,#717,#718));
#1630=EDGE_LOOP('',(#719,#720,#721,#722,#723));
#1631=EDGE_LOOP('',(#724,#725,#726,#727));
#1632=EDGE_LOOP('',(#728,#729,#730,#731,#732));
#1633=EDGE_LOOP('',(#733,#734,#735));
#1634=EDGE_LOOP('',(#736,#737,#738,#739,#740,#741));
#1635=EDGE_LOOP('',(#742,#743,#744));
#1636=EDGE_LOOP('',(#745));
#1637=EDGE_LOOP('',(#746,#747,#748,#749));
#1638=EDGE_LOOP('',(#750,#751,#752,#753,#754));
#1639=EDGE_LOOP('',(#755,#756,#757,#758));
#1640=EDGE_LOOP('',(#759,#760,#761,#762,#763));
#1641=EDGE_LOOP('',(#764,#765,#766,#767));
#1642=EDGE_LOOP('',(#768,#769,#770,#771,#772));
#1643=EDGE_LOOP('',(#773,#774,#775,#776));
#1644=EDGE_LOOP('',(#777,#778,#779,#780));
#1645=EDGE_LOOP('',(#781,#782,#783,#784));
#1646=EDGE_LOOP('',(#785,#786,#787,#788,#789,#790,#791,#792,#793,#794,#795));
#1647=EDGE_LOOP('',(#796,#797,#798,#799,#800,#801,#802));
#1648=EDGE_LOOP('',(#803,#804,#805,#806,#807,#808,#809));
#1649=EDGE_LOOP('',(#810,#811,#812,#813,#814,#815,#816));
#1650=EDGE_LOOP('',(#817,#818,#819,#820,#821,#822,#823,#824,#825,#826));
#1651=EDGE_LOOP('',(#827));
#1652=EDGE_LOOP('',(#828));
#1653=EDGE_LOOP('',(#829,#830,#831,#832,#833,#834,#835,#836,#837));
#1654=EDGE_LOOP('',(#838));
#1655=EDGE_LOOP('',(#839,#840,#841,#842));
#1656=EDGE_LOOP('',(#843,#844,#845,#846,#847,#848,#849));
#1657=EDGE_LOOP('',(#850,#851,#852,#853,#854));
#1658=EDGE_LOOP('',(#855,#856,#857,#858,#859));
#1659=EDGE_LOOP('',(#860,#861,#862,#863,#864,#865,#866));
#1660=EDGE_LOOP('',(#867,#868,#869,#870));
#1661=EDGE_LOOP('',(#871,#872,#873,#874));
#1662=EDGE_LOOP('',(#875,#876,#877,#878));
#1663=EDGE_LOOP('',(#879,#880,#881,#882,#883));
#1664=EDGE_LOOP('',(#884,#885,#886,#887,#888));
#1665=EDGE_LOOP('',(#889,#890,#891,#892,#893));
#1666=EDGE_LOOP('',(#894));
#1667=EDGE_LOOP('',(#895));
#1668=EDGE_LOOP('',(#896,#897));
#1669=EDGE_LOOP('',(#898,#899));
#1670=EDGE_LOOP('',(#900,#901,#902,#903));
#1671=EDGE_LOOP('',(#904,#905,#906,#907));
#1672=EDGE_LOOP('',(#908));
#1673=EDGE_LOOP('',(#909,#910,#911,#912,#913));
#1674=EDGE_LOOP('',(#914,#915,#916,#917,#918,#919));
#1675=EDGE_LOOP('',(#920,#921,#922,#923));
#1676=EDGE_LOOP('',(#924,#925,#926,#927));
#1677=EDGE_LOOP('',(#928,#929,#930,#931,#932));
#1678=EDGE_LOOP('',(#933,#934,#935,#936,#937));
#1679=EDGE_LOOP('',(#938,#939,#940,#941));
#1680=EDGE_LOOP('',(#942,#943,#944));
#1681=EDGE_LOOP('',(#945,#946,#947,#948));
#1682=EDGE_LOOP('',(#949,#950,#951,#952,#953,#954,#955));
#1683=EDGE_LOOP('',(#956));
#1684=EDGE_LOOP('',(#957,#958,#959));
#1685=EDGE_LOOP('',(#960,#961,#962,#963));
#1686=EDGE_LOOP('',(#964,#965,#966,#967));
#1687=EDGE_LOOP('',(#968,#969,#970,#971,#972,#973));
#1688=EDGE_LOOP('',(#974,#975,#976));
#1689=EDGE_LOOP('',(#977,#978,#979));
#1690=EDGE_LOOP('',(#980,#981,#982,#983,#984,#985,#986));
#1691=EDGE_LOOP('',(#987,#988,#989,#990,#991,#992,#993));
#1692=EDGE_LOOP('',(#994,#995,#996,#997));
#1693=EDGE_LOOP('',(#998,#999,#1000,#1001));
#1694=EDGE_LOOP('',(#1002,#1003,#1004,#1005,#1006));
#1695=EDGE_LOOP('',(#1007,#1008,#1009,#1010,#1011));
#1696=EDGE_LOOP('',(#1012,#1013,#1014,#1015));
#1697=EDGE_LOOP('',(#1016,#1017,#1018,#1019,#1020));
#1698=EDGE_LOOP('',(#1021,#1022,#1023));
#1699=EDGE_LOOP('',(#1024,#1025,#1026,#1027,#1028,#1029));
#1700=FACE_BOUND('',#1568,.T.);
#1701=FACE_BOUND('',#1569,.T.);
#1702=FACE_BOUND('',#1570,.T.);
#1703=FACE_BOUND('',#1571,.T.);
#1704=FACE_BOUND('',#1572,.T.);
#1705=FACE_BOUND('',#1573,.T.);
#1706=FACE_BOUND('',#1574,.T.);
#1707=FACE_BOUND('',#1575,.T.);
#1708=FACE_BOUND('',#1576,.T.);
#1709=FACE_BOUND('',#1577,.T.);
#1710=FACE_BOUND('',#1578,.T.);
#1711=FACE_BOUND('',#1579,.T.);
#1712=FACE_BOUND('',#1580,.T.);
#1713=FACE_BOUND('',#1581,.T.);
#1714=FACE_BOUND('',#1582,.T.);
#1715=FACE_BOUND('',#1583,.T.);
#1716=FACE_BOUND('',#1584,.T.);
#1717=FACE_BOUND('',#1585,.T.);
#1718=FACE_BOUND('',#1586,.T.);
#1719=FACE_BOUND('',#1587,.T.);
#1720=FACE_BOUND('',#1588,.T.);
#1721=FACE_BOUND('',#1589,.T.);
#1722=FACE_BOUND('',#1590,.T.);
#1723=FACE_BOUND('',#1591,.T.);
#1724=FACE_BOUND('',#1592,.T.);
#1725=FACE_BOUND('',#1593,.T.);
#1726=FACE_BOUND('',#1594,.T.);
#1727=FACE_BOUND('',#1595,.T.);
#1728=FACE_BOUND('',#1596,.T.);
#1729=FACE_BOUND('',#1597,.T.);
#1730=FACE_BOUND('',#1598,.T.);
#1731=FACE_BOUND('',#1599,.T.);
#1732=FACE_BOUND('',#1600,.T.);
#1733=FACE_BOUND('',#1601,.T.);
#1734=FACE_BOUND('',#1602,.T.);
#1735=FACE_BOUND('',#1603,.T.);
#1736=FACE_BOUND('',#1604,.T.);
#1737=FACE_BOUND('',#1605,.T.);
#1738=FACE_BOUND('',#1606,.T.);
#1739=FACE_BOUND('',#1607,.T.);
#1740=FACE_BOUND('',#1608,.T.);
#1741=FACE_BOUND('',#1609,.T.);
#1742=FACE_BOUND('',#1610,.T.);
#1743=FACE_BOUND('',#1611,.T.);
#1744=FACE_BOUND('',#1612,.T.);
#1745=FACE_BOUND('',#1613,.T.);
#1746=FACE_BOUND('',#1614,.T.);
#1747=FACE_BOUND('',#1615,.T.);
#1748=FACE_BOUND('',#1616,.T.);
#1749=FACE_BOUND('',#1617,.T.);
#1750=FACE_BOUND('',#1618,.T.);
#1751=FACE_BOUND('',#1619,.T.);
#1752=FACE_BOUND('',#1620,.T.);
#1753=FACE_BOUND('',#1621,.T.);
#1754=FACE_BOUND('',#1622,.T.);
#1755=FACE_BOUND('',#1623,.T.);
#1756=FACE_BOUND('',#1624,.T.);
#1757=FACE_BOUND('',#1625,.T.);
#1758=FACE_BOUND('',#1626,.T.);
#1759=FACE_BOUND('',#1627,.T.);
#1760=FACE_BOUND('',#1628,.T.);
#1761=FACE_BOUND('',#1629,.T.);
#1762=FACE_BOUND('',#1630,.T.);
#1763=FACE_BOUND('',#1631,.T.);
#1764=FACE_BOUND('',#1632,.T.);
#1765=FACE_BOUND('',#1633,.T.);
#1766=FACE_BOUND('',#1634,.T.);
#1767=FACE_BOUND('',#1635,.T.);
#1768=FACE_BOUND('',#1636,.T.);
#1769=FACE_BOUND('',#1637,.T.);
#1770=FACE_BOUND('',#1638,.T.);
#1771=FACE_BOUND('',#1639,.T.);
#1772=FACE_BOUND('',#1640,.T.);
#1773=FACE_BOUND('',#1641,.T.);
#1774=FACE_BOUND('',#1642,.T.);
#1775=FACE_BOUND('',#1643,.T.);
#1776=FACE_BOUND('',#1644,.T.);
#1777=FACE_BOUND('',#1645,.T.);
#1778=FACE_BOUND('',#1646,.T.);
#1779=FACE_BOUND('',#1647,.T.);
#1780=FACE_BOUND('',#1648,.T.);
#1781=FACE_BOUND('',#1649,.T.);
#1782=FACE_BOUND('',#1650,.T.);
#1783=FACE_BOUND('',#1651,.T.);
#1784=FACE_BOUND('',#1652,.T.);
#1785=FACE_BOUND('',#1653,.T.);
#1786=FACE_BOUND('',#1654,.T.);
#1787=FACE_BOUND('',#1655,.T.);
#1788=FACE_BOUND('',#1656,.T.);
#1789=FACE_BOUND('',#1657,.T.);
#1790=FACE_BOUND('',#1658,.T.);
#1791=FACE_BOUND('',#1659,.T.);
#1792=FACE_BOUND('',#1660,.T.);
#1793=FACE_BOUND('',#1661,.T.);
#1794=FACE_BOUND('',#1662,.T.);
#1795=FACE_BOUND('',#1663,.T.);
#1796=FACE_BOUND('',#1664,.T.);
#1797=FACE_BOUND('',#1665,.T.);
#1798=FACE_BOUND('',#1666,.T.);
#1799=FACE_BOUND('',#1667,.T.);
#1800=FACE_BOUND('',#1668,.T.);
#1801=FACE_BOUND('',#1669,.T.);
#1802=FACE_BOUND('',#1670,.T.);
#1803=FACE_BOUND('',#1671,.T.);
#1804=FACE_BOUND('',#1672,.T.);
#1805=FACE_BOUND('',#1673,.T.);
#1806=FACE_BOUND('',#1674,.T.);
#1807=FACE_BOUND('',#1675,.T.);
#1808=FACE_BOUND('',#1676,.T.);
#1809=FACE_BOUND('',#1677,.T.);
#1810=FACE_BOUND('',#1678,.T.);
#1811=FACE_BOUND('',#1679,.T.);
#1812=FACE_BOUND('',#1680,.T.);
#1813=FACE_BOUND('',#1681,.T.);
#1814=FACE_BOUND('',#1682,.T.);
#1815=FACE_BOUND('',#1683,.T.);
#1816=FACE_BOUND('',#1684,.T.);
#1817=FACE_BOUND('',#1685,.T.);
#1818=FACE_BOUND('',#1686,.T.);
#1819=FACE_BOUND('',#1687,.T.);
#1820=FACE_BOUND('',#1688,.T.);
#1821=FACE_BOUND('',#1689,.T.);
#1822=FACE_BOUND('',#1690,.T.);
#1823=FACE_BOUND('',#1691,.T.);
#1824=FACE_BOUND('',#1692,.T.);
#1825=FACE_BOUND('',#1693,.T.);
#1826=FACE_BOUND('',#1694,.T.);
#1827=FACE_BOUND('',#1695,.T.);
#1828=FACE_BOUND('',#1696,.T.);
#1829=FACE_BOUND('',#1697,.T.);
#1830=FACE_BOUND('',#1698,.T.);
#1831=FACE_BOUND('',#1699,.T.);
#1832=PLANE('',#1998);
#1833=PLANE('',#2000);
#1834=PLANE('',#2023);
#1835=PLANE('',#2025);
#1836=PLANE('',#2026);
#1837=PLANE('',#2027);
#1838=PLANE('',#2028);
#1839=PLANE('',#2029);
#1840=PLANE('',#2030);
#1841=PLANE('',#2031);
#1842=PLANE('',#2032);
#1843=PLANE('',#2033);
#1844=PLANE('',#2034);
#1845=PLANE('',#2035);
#1846=PLANE('',#2036);
#1847=PLANE('',#2037);
#1848=PLANE('',#2044);
#1849=PLANE('',#2045);
#1850=PLANE('',#2046);
#1851=PLANE('',#2050);
#1852=PLANE('',#2052);
#1853=PLANE('',#2054);
#1854=PLANE('',#2077);
#1855=PLANE('',#2079);
#1856=PLANE('',#2080);
#1857=PLANE('',#2081);
#1858=PLANE('',#2082);
#1859=PLANE('',#2083);
#1860=PLANE('',#2084);
#1861=PLANE('',#2085);
#1862=PLANE('',#2086);
#1863=PLANE('',#2087);
#1864=PLANE('',#2088);
#1865=PLANE('',#2089);
#1866=PLANE('',#2090);
#1867=PLANE('',#2091);
#1868=PLANE('',#2098);
#1869=PLANE('',#2099);
#1870=PLANE('',#2100);
#1871=ADVANCED_FACE('',(#1700),#1832,.F.);
#1872=ADVANCED_FACE('',(#1701),#1833,.F.);
#1873=ADVANCED_FACE('',(#1702),#231,.F.);
#1874=ADVANCED_FACE('',(#1703),#232,.F.);
#1875=ADVANCED_FACE('',(#1704),#233,.F.);
#1876=ADVANCED_FACE('',(#1705),#234,.F.);
#1877=ADVANCED_FACE('',(#1706),#235,.F.);
#1878=ADVANCED_FACE('',(#1707),#236,.F.);
#1879=ADVANCED_FACE('',(#1708),#14,.F.);
#1880=ADVANCED_FACE('',(#1709),#237,.F.);
#1881=ADVANCED_FACE('',(#1710),#238,.F.);
#1882=ADVANCED_FACE('',(#1711),#15,.T.);
#1883=ADVANCED_FACE('',(#1712),#16,.T.);
#1884=ADVANCED_FACE('',(#1713),#17,.T.);
#1885=ADVANCED_FACE('',(#1714),#18,.T.);
#1886=ADVANCED_FACE('',(#1715),#19,.T.);
#1887=ADVANCED_FACE('',(#1716,#1717),#239,.F.);
#1888=ADVANCED_FACE('',(#1718,#1719),#1834,.T.);
#1889=ADVANCED_FACE('',(#1720),#1835,.T.);
#1890=ADVANCED_FACE('',(#1721),#1836,.F.);
#1891=ADVANCED_FACE('',(#1722),#20,.F.);
#1892=ADVANCED_FACE('',(#1723),#21,.T.);
#1893=ADVANCED_FACE('',(#1724),#1837,.T.);
#1894=ADVANCED_FACE('',(#1725),#1838,.F.);
#1895=ADVANCED_FACE('',(#1726),#1839,.T.);
#1896=ADVANCED_FACE('',(#1727),#1840,.F.);
#1897=ADVANCED_FACE('',(#1728),#1841,.T.);
#1898=ADVANCED_FACE('',(#1729),#1842,.F.);
#1899=ADVANCED_FACE('',(#1730),#1843,.F.);
#1900=ADVANCED_FACE('',(#1731),#1844,.F.);
#1901=ADVANCED_FACE('',(#1732,#1733),#1845,.T.);
#1902=ADVANCED_FACE('',(#1734),#1846,.F.);
#1903=ADVANCED_FACE('',(#1735),#1847,.F.);
#1904=ADVANCED_FACE('',(#1736),#22,.F.);
#1905=ADVANCED_FACE('',(#1737,#1738),#240,.T.);
#1906=ADVANCED_FACE('',(#1739),#23,.F.);
#1907=ADVANCED_FACE('',(#1740),#1848,.F.);
#1908=ADVANCED_FACE('',(#1741),#24,.F.);
#1909=ADVANCED_FACE('',(#1742,#1743),#1849,.T.);
#1910=ADVANCED_FACE('',(#1744),#1850,.T.);
#1911=ADVANCED_FACE('',(#1745),#241,.T.);
#1912=ADVANCED_FACE('',(#1746,#1747,#1748,#1749,#1750),#25,.T.);
#1913=ADVANCED_FACE('',(#1751),#26,.T.);
#1914=ADVANCED_FACE('',(#1752),#27,.F.);
#1915=ADVANCED_FACE('',(#1753),#242,.T.);
#1916=ADVANCED_FACE('',(#1754),#28,.T.);
#1917=ADVANCED_FACE('',(#1755),#29,.F.);
#1918=ADVANCED_FACE('',(#1756),#30,.F.);
#1919=ADVANCED_FACE('',(#1757),#31,.T.);
#1920=ADVANCED_FACE('',(#1758),#32,.T.);
#1921=ADVANCED_FACE('',(#1759),#1851,.F.);
#1922=ADVANCED_FACE('',(#1760),#33,.T.);
#1923=ADVANCED_FACE('',(#1761),#34,.T.);
#1924=ADVANCED_FACE('',(#1762),#35,.F.);
#1925=ADVANCED_FACE('',(#1763),#36,.F.);
#1926=ADVANCED_FACE('',(#1764),#37,.T.);
#1927=ADVANCED_FACE('',(#1765),#38,.T.);
#1928=ADVANCED_FACE('',(#1766),#39,.T.);
#1929=ADVANCED_FACE('',(#1767),#1852,.F.);
#1930=ADVANCED_FACE('',(#1768),#1853,.F.);
#1931=ADVANCED_FACE('',(#1769),#243,.F.);
#1932=ADVANCED_FACE('',(#1770),#244,.F.);
#1933=ADVANCED_FACE('',(#1771),#245,.F.);
#1934=ADVANCED_FACE('',(#1772),#246,.F.);
#1935=ADVANCED_FACE('',(#1773),#247,.F.);
#1936=ADVANCED_FACE('',(#1774),#248,.F.);
#1937=ADVANCED_FACE('',(#1775),#40,.T.);
#1938=ADVANCED_FACE('',(#1776),#249,.F.);
#1939=ADVANCED_FACE('',(#1777),#250,.F.);
#1940=ADVANCED_FACE('',(#1778),#41,.F.);
#1941=ADVANCED_FACE('',(#1779),#42,.F.);
#1942=ADVANCED_FACE('',(#1780),#43,.F.);
#1943=ADVANCED_FACE('',(#1781),#44,.F.);
#1944=ADVANCED_FACE('',(#1782),#45,.F.);
#1945=ADVANCED_FACE('',(#1783,#1784),#251,.F.);
#1946=ADVANCED_FACE('',(#1785,#1786),#1854,.T.);
#1947=ADVANCED_FACE('',(#1787),#1855,.T.);
#1948=ADVANCED_FACE('',(#1788),#1856,.F.);
#1949=ADVANCED_FACE('',(#1789),#46,.T.);
#1950=ADVANCED_FACE('',(#1790),#47,.F.);
#1951=ADVANCED_FACE('',(#1791),#1857,.T.);
#1952=ADVANCED_FACE('',(#1792),#1858,.F.);
#1953=ADVANCED_FACE('',(#1793),#1859,.T.);
#1954=ADVANCED_FACE('',(#1794),#1860,.F.);
#1955=ADVANCED_FACE('',(#1795),#1861,.T.);
#1956=ADVANCED_FACE('',(#1796),#1862,.F.);
#1957=ADVANCED_FACE('',(#1797),#1863,.F.);
#1958=ADVANCED_FACE('',(#1798),#1864,.F.);
#1959=ADVANCED_FACE('',(#1799,#1800),#1865,.T.);
#1960=ADVANCED_FACE('',(#1801),#1866,.F.);
#1961=ADVANCED_FACE('',(#1802),#1867,.F.);
#1962=ADVANCED_FACE('',(#1803),#48,.T.);
#1963=ADVANCED_FACE('',(#1804,#1805),#252,.T.);
#1964=ADVANCED_FACE('',(#1806),#49,.T.);
#1965=ADVANCED_FACE('',(#1807),#1868,.F.);
#1966=ADVANCED_FACE('',(#1808),#50,.T.);
#1967=ADVANCED_FACE('',(#1809,#1810),#1869,.T.);
#1968=ADVANCED_FACE('',(#1811),#1870,.T.);
#1969=ADVANCED_FACE('',(#1812),#253,.T.);
#1970=ADVANCED_FACE('',(#1813,#1814,#1815,#1816,#1817),#51,.F.);
#1971=ADVANCED_FACE('',(#1818),#52,.F.);
#1972=ADVANCED_FACE('',(#1819),#53,.T.);
#1973=ADVANCED_FACE('',(#1820),#254,.T.);
#1974=ADVANCED_FACE('',(#1821),#54,.F.);
#1975=ADVANCED_FACE('',(#1822),#55,.T.);
#1976=ADVANCED_FACE('',(#1823),#56,.T.);
#1977=ADVANCED_FACE('',(#1824),#57,.F.);
#1978=ADVANCED_FACE('',(#1825),#58,.F.);
#1979=ADVANCED_FACE('',(#1826),#59,.F.);
#1980=ADVANCED_FACE('',(#1827),#60,.T.);
#1981=ADVANCED_FACE('',(#1828),#61,.T.);
#1982=ADVANCED_FACE('',(#1829),#62,.F.);
#1983=ADVANCED_FACE('',(#1830),#63,.F.);
#1984=ADVANCED_FACE('',(#1831),#64,.F.);
#1985=CLOSED_SHELL('',(#1871,#1872,#1873,#1874,#1875,#1876,#1877,#1878,#1879,#1880,#1881,#1882,#1883,#1884,#1885,#1886,#1887,#1888,#1889,#1890,#1891,#1892,#1893,#1894,#1895,#1896,#1897,#1898,#1899,#1900,#1901,#1902,#1903,#1904,#1905,#1906,#1907,#1908,#1909,#1910,#1911,#1912,#1913,#1914,#1915,#1916,#1917,#1918,#1919,#1920,#1921,#1922,#1923,#1924,#1925,#1926,#1927,#1928,#1929,#1930,#1931,#1932,#1933,#1934,#1935,#1936,#1937,#1938,#1939,#1940,#1941,#1942,#1943,#1944,#1945,#1946,#1947,#1948,#1949,#1950,#1951,#1952,#1953,#1954,#1955,#1956,#1957,#1958,#1959,#1960,#1961,#1962,#1963,#1964,#1965,#1966,#1967,#1968,#1969,#1970,#1971,#1972,#1973,#1974,#1975,#1976,#1977,#1978,#1979,#1980,#1981,#1982,#1983,#1984));
#1986=STYLED_ITEM('',(#1987),#1994);
#1987=PRESENTATION_STYLE_ASSIGNMENT((#1988));
#1988=SURFACE_STYLE_USAGE(.BOTH.,#1989);
#1989=SURFACE_SIDE_STYLE('',(#1990));
#1990=SURFACE_STYLE_FILL_AREA(#1991);
#1991=FILL_AREA_STYLE('',(#1992));
#1992=FILL_AREA_STYLE_COLOUR('',#1993);
#1993=COLOUR_RGB('',0.615686274509804,0.811764705882353,0.929411764705882);
#1994=MANIFOLD_SOLID_BREP('Part 3',#1985);
#1995=SHAPE_DEFINITION_REPRESENTATION(#8750,#1996);
#1996=SHAPE_REPRESENTATION('Part 3',(#1997),#8745);
#1997=AXIS2_PLACEMENT_3D('',#2398,#2103,#2104);
#1998=AXIS2_PLACEMENT_3D('',#2399,#2105,#2106);
#1999=AXIS2_PLACEMENT_3D('',#2400,#2107,#2108);
#2000=AXIS2_PLACEMENT_3D('',#2418,#2109,#2110);
#2001=AXIS2_PLACEMENT_3D('',#2419,#2111,#2112);
#2002=AXIS2_PLACEMENT_3D('',#2421,#2113,#2114);
#2003=AXIS2_PLACEMENT_3D('',#2431,#2116,#2117);
#2004=AXIS2_PLACEMENT_3D('',#2434,#2119,#2120);
#2005=AXIS2_PLACEMENT_3D('',#2435,#2121,#2122);
#2006=AXIS2_PLACEMENT_3D('',#2442,#2123,#2124);
#2007=AXIS2_PLACEMENT_3D('',#2445,#2126,#2127);
#2008=AXIS2_PLACEMENT_3D('',#2456,#2128,#2129);
#2009=AXIS2_PLACEMENT_3D('',#2459,#2131,#2132);
#2010=AXIS2_PLACEMENT_3D('',#2460,#2133,#2134);
#2011=AXIS2_PLACEMENT_3D('',#2467,#2135,#2136);
#2012=AXIS2_PLACEMENT_3D('',#2470,#2138,#2139);
#2013=AXIS2_PLACEMENT_3D('',#2479,#2140,#2141);
#2014=AXIS2_PLACEMENT_3D('',#2482,#2143,#2144);
#2015=AXIS2_PLACEMENT_3D('',#2483,#2145,#2146);
#2016=AXIS2_PLACEMENT_3D('',#2491,#2147,#2148);
#2017=AXIS2_PLACEMENT_3D('',#2533,#2151,#2152);
#2018=AXIS2_PLACEMENT_3D('',#2540,#2153,#2154);
#2019=AXIS2_PLACEMENT_3D('',#2543,#2156,#2157);
#2020=AXIS2_PLACEMENT_3D('',#2544,#2158,#2159);
#2021=AXIS2_PLACEMENT_3D('',#3278,#2160,#2161);
#2022=AXIS2_PLACEMENT_3D('',#3279,#2162,#2163);
#2023=AXIS2_PLACEMENT_3D('',#3281,#2164,#2165);
#2024=AXIS2_PLACEMENT_3D('',#3282,#2166,#2167);
#2025=AXIS2_PLACEMENT_3D('',#3284,#2168,#2169);
#2026=AXIS2_PLACEMENT_3D('',#3290,#2173,#2174);
#2027=AXIS2_PLACEMENT_3D('',#3339,#2179,#2180);
#2028=AXIS2_PLACEMENT_3D('',#3341,#2182,#2183);
#2029=AXIS2_PLACEMENT_3D('',#3350,#2188,#2189);
#2030=AXIS2_PLACEMENT_3D('',#3362,#2193,#2194);
#2031=AXIS2_PLACEMENT_3D('',#3372,#2197,#2198);
#2032=AXIS2_PLACEMENT_3D('',#3388,#2201,#2202);
#2033=AXIS2_PLACEMENT_3D('',#3395,#2204,#2205);
#2034=AXIS2_PLACEMENT_3D('',#3404,#2206,#2207);
#2035=AXIS2_PLACEMENT_3D('',#3484,#2208,#2209);
#2036=AXIS2_PLACEMENT_3D('',#3523,#2211,#2212);
#2037=AXIS2_PLACEMENT_3D('',#3559,#2214,#2215);
#2038=AXIS2_PLACEMENT_3D('',#3679,#2218,#2219);
#2039=AXIS2_PLACEMENT_3D('',#3680,#2220,#2221);
#2040=AXIS2_PLACEMENT_3D('',#3681,#2222,#2223);
#2041=AXIS2_PLACEMENT_3D('',#3684,#2224,#2225);
#2042=AXIS2_PLACEMENT_3D('',#3686,#2226,#2227);
#2043=AXIS2_PLACEMENT_3D('',#3687,#2228,#2229);
#2044=AXIS2_PLACEMENT_3D('',#3820,#2232,#2233);
#2045=AXIS2_PLACEMENT_3D('',#3916,#2236,#2237);
#2046=AXIS2_PLACEMENT_3D('',#3928,#2239,#2240);
#2047=AXIS2_PLACEMENT_3D('',#3932,#2243,#2244);
#2048=AXIS2_PLACEMENT_3D('',#4195,#2248,#2249);
#2049=AXIS2_PLACEMENT_3D('',#4196,#2250,#2251);
#2050=AXIS2_PLACEMENT_3D('',#4672,#2255,#2256);
#2051=AXIS2_PLACEMENT_3D('',#4709,#2257,#2258);
#2052=AXIS2_PLACEMENT_3D('',#5729,#2260,#2261);
#2053=AXIS2_PLACEMENT_3D('',#5730,#2262,#2263);
#2054=AXIS2_PLACEMENT_3D('',#5748,#2264,#2265);
#2055=AXIS2_PLACEMENT_3D('',#5749,#2266,#2267);
#2056=AXIS2_PLACEMENT_3D('',#5751,#2268,#2269);
#2057=AXIS2_PLACEMENT_3D('',#5764,#2270,#2271);
#2058=AXIS2_PLACEMENT_3D('',#5770,#2272,#2273);
#2059=AXIS2_PLACEMENT_3D('',#5771,#2274,#2275);
#2060=AXIS2_PLACEMENT_3D('',#5779,#2276,#2277);
#2061=AXIS2_PLACEMENT_3D('',#5784,#2278,#2279);
#2062=AXIS2_PLACEMENT_3D('',#5800,#2280,#2281);
#2063=AXIS2_PLACEMENT_3D('',#5801,#2282,#2283);
#2064=AXIS2_PLACEMENT_3D('',#5802,#2284,#2285);
#2065=AXIS2_PLACEMENT_3D('',#5810,#2286,#2287);
#2066=AXIS2_PLACEMENT_3D('',#5815,#2288,#2289);
#2067=AXIS2_PLACEMENT_3D('',#5829,#2290,#2291);
#2068=AXIS2_PLACEMENT_3D('',#5830,#2292,#2293);
#2069=AXIS2_PLACEMENT_3D('',#5831,#2294,#2295);
#2070=AXIS2_PLACEMENT_3D('',#5839,#2296,#2297);
#2071=AXIS2_PLACEMENT_3D('',#5887,#2298,#2299);
#2072=AXIS2_PLACEMENT_3D('',#5899,#2300,#2301);
#2073=AXIS2_PLACEMENT_3D('',#5900,#2302,#2303);
#2074=AXIS2_PLACEMENT_3D('',#5901,#2304,#2305);
#2075=AXIS2_PLACEMENT_3D('',#6635,#2306,#2307);
#2076=AXIS2_PLACEMENT_3D('',#6636,#2308,#2309);
#2077=AXIS2_PLACEMENT_3D('',#6638,#2310,#2311);
#2078=AXIS2_PLACEMENT_3D('',#6639,#2312,#2313);
#2079=AXIS2_PLACEMENT_3D('',#6641,#2314,#2315);
#2080=AXIS2_PLACEMENT_3D('',#6647,#2319,#2320);
#2081=AXIS2_PLACEMENT_3D('',#6696,#2325,#2326);
#2082=AXIS2_PLACEMENT_3D('',#6698,#2328,#2329);
#2083=AXIS2_PLACEMENT_3D('',#6707,#2334,#2335);
#2084=AXIS2_PLACEMENT_3D('',#6719,#2339,#2340);
#2085=AXIS2_PLACEMENT_3D('',#6729,#2343,#2344);
#2086=AXIS2_PLACEMENT_3D('',#6745,#2347,#2348);
#2087=AXIS2_PLACEMENT_3D('',#6752,#2350,#2351);
#2088=AXIS2_PLACEMENT_3D('',#6761,#2352,#2353);
#2089=AXIS2_PLACEMENT_3D('',#6818,#2354,#2355);
#2090=AXIS2_PLACEMENT_3D('',#6857,#2357,#2358);
#2091=AXIS2_PLACEMENT_3D('',#6893,#2360,#2361);
#2092=AXIS2_PLACEMENT_3D('',#6973,#2363,#2364);
#2093=AXIS2_PLACEMENT_3D('',#7014,#2366,#2367);
#2094=AXIS2_PLACEMENT_3D('',#7015,#2368,#2369);
#2095=AXIS2_PLACEMENT_3D('',#7018,#2370,#2371);
#2096=AXIS2_PLACEMENT_3D('',#7019,#2372,#2373);
#2097=AXIS2_PLACEMENT_3D('',#7021,#2374,#2375);
#2098=AXIS2_PLACEMENT_3D('',#7154,#2378,#2379);
#2099=AXIS2_PLACEMENT_3D('',#7250,#2382,#2383);
#2100=AXIS2_PLACEMENT_3D('',#7262,#2385,#2386);
#2101=AXIS2_PLACEMENT_3D('',#7266,#2389,#2390);
#2102=AXIS2_PLACEMENT_3D('',#7504,#2393,#2394);
#2103=DIRECTION('',(0.,0.,1.));
#2104=DIRECTION('',(1.,0.,0.));
#2105=DIRECTION('',(0.,-1.,0.));
#2106=DIRECTION('',(-1.,0.,0.));
#2107=DIRECTION('',(0.,-1.,0.));
#2108=DIRECTION('',(0.,0.,1.));
#2109=DIRECTION('',(-1.,0.,0.));
#2110=DIRECTION('',(0.,-1.,0.));
#2111=DIRECTION('',(-1.,0.,0.));
#2112=DIRECTION('',(0.,0.,1.));
#2113=DIRECTION('',(0.,-1.,0.));
#2114=DIRECTION('',(0.921193560563879,0.,-0.389104643991361));
#2115=DIRECTION('',(0.,-1.,0.));
#2116=DIRECTION('',(0.,-1.,0.));
#2117=DIRECTION('',(0.,0.,-1.));
#2118=DIRECTION('',(0.,-1.,0.));
#2119=DIRECTION('',(0.,-1.,0.));
#2120=DIRECTION('',(0.,0.,-1.));
#2121=DIRECTION('',(0.,-1.,0.));
#2122=DIRECTION('',(0.,0.,1.));
#2123=DIRECTION('',(0.,-1.,0.));
#2124=DIRECTION('',(0.,0.,1.));
#2125=DIRECTION('',(0.,-1.,0.));
#2126=DIRECTION('',(0.,-1.,0.));
#2127=DIRECTION('',(0.147136346886691,0.,-0.989116219372041));
#2128=DIRECTION('',(0.,-1.,0.));
#2129=DIRECTION('',(0.,0.,-1.));
#2130=DIRECTION('',(0.,-1.,0.));
#2131=DIRECTION('',(0.,-1.,0.));
#2132=DIRECTION('',(0.,0.,-1.));
#2133=DIRECTION('',(0.,-1.,0.));
#2134=DIRECTION('',(0.,0.,1.));
#2135=DIRECTION('',(0.,-1.,0.));
#2136=DIRECTION('',(0.,0.,1.));
#2137=DIRECTION('',(0.,-1.,0.));
#2138=DIRECTION('',(0.,-1.,0.));
#2139=DIRECTION('',(-0.734197638732548,0.,-0.678935804976841));
#2140=DIRECTION('',(0.,-1.,0.));
#2141=DIRECTION('',(0.,0.,-1.));
#2142=DIRECTION('',(0.,-1.,0.));
#2143=DIRECTION('',(0.,-1.,0.));
#2144=DIRECTION('',(0.,0.,-1.));
#2145=DIRECTION('',(0.,-1.,0.));
#2146=DIRECTION('',(0.,0.,1.));
#2147=DIRECTION('',(0.,-1.,0.));
#2148=DIRECTION('',(0.,0.,1.));
#2149=DIRECTION('',(0.,-1.,0.));
#2150=DIRECTION('',(0.,-1.,0.));
#2151=DIRECTION('',(0.,-1.,0.));
#2152=DIRECTION('',(0.124602156642041,0.,0.992206784173618));
#2153=DIRECTION('',(0.,-1.,0.));
#2154=DIRECTION('',(0.,0.,-1.));
#2155=DIRECTION('',(0.,-1.,0.));
#2156=DIRECTION('',(0.,-1.,0.));
#2157=DIRECTION('',(0.,0.,-1.));
#2158=DIRECTION('',(0.,-1.,0.));
#2159=DIRECTION('',(0.,0.,1.));
#2160=DIRECTION('',(1.,0.,0.));
#2161=DIRECTION('',(0.,0.,-1.));
#2162=DIRECTION('',(-1.,0.,0.));
#2163=DIRECTION('',(0.,0.,1.));
#2164=DIRECTION('',(0.,1.,0.));
#2165=DIRECTION('',(1.,0.,0.));
#2166=DIRECTION('',(0.,1.,0.));
#2167=DIRECTION('',(0.,0.,-1.));
#2168=DIRECTION('',(0.933580426497202,0.,0.3583679495453));
#2169=DIRECTION('',(-0.3583679495453,0.,0.933580426497202));
#2170=DIRECTION('',(0.3583679495453,0.,-0.933580426497202));
#2171=DIRECTION('',(0.,-1.,0.));
#2172=DIRECTION('',(0.,-1.,0.));
#2173=DIRECTION('',(-2.06166279663301E-16,0.,-1.));
#2174=DIRECTION('',(1.,0.,-2.06166279663301E-16));
#2175=DIRECTION('',(-1.,0.,2.06166279663301E-16));
#2176=DIRECTION('',(0.,-1.,0.));
#2177=DIRECTION('',(0.,-1.,0.));
#2178=DIRECTION('',(0.,-1.,0.));
#2179=DIRECTION('',(0.275637355816999,0.,-0.961261695938319));
#2180=DIRECTION('',(0.961261695938319,0.,0.275637355816999));
#2181=DIRECTION('',(-0.961261695938319,0.,-0.275637355816999));
#2182=DIRECTION('',(0.933580426497202,0.,0.3583679495453));
#2183=DIRECTION('',(-0.3583679495453,0.,0.933580426497202));
#2184=DIRECTION('',(0.3583679495453,0.,-0.933580426497202));
#2185=DIRECTION('',(0.,-1.,0.));
#2186=DIRECTION('',(0.3583679495453,0.,-0.933580426497202));
#2187=DIRECTION('',(0.,-1.,0.));
#2188=DIRECTION('',(0.,-1.,0.));
#2189=DIRECTION('',(0.,0.,-1.));
#2190=DIRECTION('',(0.,0.,-1.));
#2191=DIRECTION('',(1.,0.,0.));
#2192=DIRECTION('',(0.,0.,-1.));
#2193=DIRECTION('',(1.,0.,0.));
#2194=DIRECTION('',(0.,1.,0.));
#2195=DIRECTION('',(0.,1.,0.));
#2196=DIRECTION('',(0.,0.,-1.));
#2197=DIRECTION('',(1.,0.,0.));
#2198=DIRECTION('',(0.,1.,0.));
#2199=DIRECTION('',(0.,1.,0.));
#2200=DIRECTION('',(0.,0.,-1.));
#2201=DIRECTION('',(0.,0.,-1.));
#2202=DIRECTION('',(-1.,0.,0.));
#2203=DIRECTION('',(1.,0.,0.));
#2204=DIRECTION('',(0.,-1.,0.));
#2205=DIRECTION('',(0.,0.,-1.));
#2206=DIRECTION('',(1.,0.,0.));
#2207=DIRECTION('',(0.,1.,0.));
#2208=DIRECTION('',(1.,0.,0.));
#2209=DIRECTION('',(0.,0.,-1.));
#2210=DIRECTION('',(0.,0.,1.));
#2211=DIRECTION('',(1.,1.82123199577617E-16,0.));
#2212=DIRECTION('',(-1.82123199577617E-16,1.,0.));
#2213=DIRECTION('',(0.,0.,1.));
#2214=DIRECTION('',(0.,-1.,0.));
#2215=DIRECTION('',(0.,0.,-1.));
#2216=DIRECTION('',(0.0794078550180463,0.996468271577406,-0.027301580558077));
#2217=DIRECTION('',(-0.0843844548056365,0.996331196626675,0.0142622023409078));
#2218=DIRECTION('',(0.,1.,0.));
#2219=DIRECTION('',(0.,0.,-1.));
#2220=DIRECTION('',(0.,-1.,0.));
#2221=DIRECTION('',(0.,0.,-1.));
#2222=DIRECTION('',(0.,1.,0.));
#2223=DIRECTION('',(0.,0.,-1.));
#2224=DIRECTION('',(0.,1.,0.));
#2225=DIRECTION('',(0.,0.,-1.));
#2226=DIRECTION('',(0.,1.,0.));
#2227=DIRECTION('',(0.,0.,-1.));
#2228=DIRECTION('',(0.,1.,0.));
#2229=DIRECTION('',(0.,0.,-1.));
#2230=DIRECTION('',(0.0794078550180463,0.996468271577406,-0.027301580558077));
#2231=DIRECTION('',(0.0892069220104637,0.995957940735533,0.0104835753088092));
#2232=DIRECTION('',(0.275637355816999,0.,-0.961261695938319));
#2233=DIRECTION('',(0.961261695938319,0.,0.275637355816999));
#2234=DIRECTION('',(-0.961261695938319,0.,-0.275637355816999));
#2235=DIRECTION('',(-0.961261695938319,0.,-0.275637355816999));
#2236=DIRECTION('',(0.,-1.,0.));
#2237=DIRECTION('',(-1.,0.,0.));
#2238=DIRECTION('',(-1.,0.,2.06166279663301E-16));
#2239=DIRECTION('',(-2.06166279663301E-16,0.,-1.));
#2240=DIRECTION('',(1.,0.,-2.06166279663301E-16));
#2241=DIRECTION('',(-1.,0.,2.06166279663301E-16));
#2242=DIRECTION('',(0.,-1.,0.));
#2243=DIRECTION('',(0.,1.,0.));
#2244=DIRECTION('',(0.,0.,1.));
#2245=DIRECTION('',(0.,-1.,0.));
#2246=DIRECTION('',(-0.000961042833501129,0.999984842615662,0.00542134075686155));
#2247=DIRECTION('',(0.115453692521315,0.993040465443585,0.0232611021833104));
#2248=DIRECTION('',(-0.997466043936201,0.0687014416037639,0.018482508374959));
#2249=DIRECTION('',(-0.0687131789242354,-0.997636456351775,0.));
#2250=DIRECTION('',(0.,-1.,0.));
#2251=DIRECTION('',(-0.99982837372701,0.,0.0185262810731962));
#2252=DIRECTION('',(-0.0446985443282113,0.998123236697166,0.0418574306439462));
#2253=DIRECTION('',(0.256871241062814,-0.966445635053959,3.30022821138467E-17));
#2254=DIRECTION('',(-0.371390676354104,0.928476690885259,0.));
#2255=DIRECTION('',(0.,-1.,0.));
#2256=DIRECTION('',(0.,0.,-1.));
#2257=DIRECTION('',(0.,-1.,0.));
#2258=DIRECTION('',(-0.99982837372701,0.,-0.0185262810731962));
#2259=DIRECTION('',(0.,-1.,0.));
#2260=DIRECTION('',(0.,-1.,0.));
#2261=DIRECTION('',(1.,0.,0.));
#2262=DIRECTION('',(0.,1.,0.));
#2263=DIRECTION('',(0.,0.,1.));
#2264=DIRECTION('',(1.,0.,0.));
#2265=DIRECTION('',(0.,-1.,0.));
#2266=DIRECTION('',(-1.,0.,0.));
#2267=DIRECTION('',(0.,0.,1.));
#2268=DIRECTION('',(0.,-1.,0.));
#2269=DIRECTION('',(-0.921193560563879,0.,-0.389104643991361));
#2270=DIRECTION('',(0.,-1.,0.));
#2271=DIRECTION('',(0.,0.,-1.));
#2272=DIRECTION('',(0.,-1.,0.));
#2273=DIRECTION('',(0.,0.,-1.));
#2274=DIRECTION('',(0.,-1.,0.));
#2275=DIRECTION('',(0.,0.,1.));
#2276=DIRECTION('',(0.,1.,0.));
#2277=DIRECTION('',(0.,0.,1.));
#2278=DIRECTION('',(0.,-1.,0.));
#2279=DIRECTION('',(-0.147136346886691,0.,-0.989116219372041));
#2280=DIRECTION('',(0.,-1.,0.));
#2281=DIRECTION('',(0.,0.,-1.));
#2282=DIRECTION('',(0.,-1.,0.));
#2283=DIRECTION('',(0.,0.,-1.));
#2284=DIRECTION('',(0.,-1.,0.));
#2285=DIRECTION('',(0.,0.,1.));
#2286=DIRECTION('',(0.,1.,0.));
#2287=DIRECTION('',(0.,0.,1.));
#2288=DIRECTION('',(0.,-1.,0.));
#2289=DIRECTION('',(0.734197638732548,0.,-0.678935804976841));
#2290=DIRECTION('',(0.,-1.,0.));
#2291=DIRECTION('',(0.,0.,-1.));
#2292=DIRECTION('',(0.,-1.,0.));
#2293=DIRECTION('',(0.,0.,-1.));
#2294=DIRECTION('',(0.,-1.,0.));
#2295=DIRECTION('',(0.,0.,1.));
#2296=DIRECTION('',(0.,1.,0.));
#2297=DIRECTION('',(0.,0.,1.));
#2298=DIRECTION('',(0.,-1.,0.));
#2299=DIRECTION('',(-0.124602156642041,0.,0.992206784173618));
#2300=DIRECTION('',(0.,-1.,0.));
#2301=DIRECTION('',(0.,0.,-1.));
#2302=DIRECTION('',(0.,-1.,0.));
#2303=DIRECTION('',(0.,0.,-1.));
#2304=DIRECTION('',(0.,1.,0.));
#2305=DIRECTION('',(0.,0.,1.));
#2306=DIRECTION('',(-1.,0.,0.));
#2307=DIRECTION('',(0.,0.,-1.));
#2308=DIRECTION('',(-1.,0.,0.));
#2309=DIRECTION('',(0.,0.,1.));
#2310=DIRECTION('',(0.,1.,0.));
#2311=DIRECTION('',(-1.,0.,0.));
#2312=DIRECTION('',(0.,-1.,0.));
#2313=DIRECTION('',(0.,0.,-1.));
#2314=DIRECTION('',(-0.933580426497202,0.,0.3583679495453));
#2315=DIRECTION('',(0.3583679495453,0.,0.933580426497202));
#2316=DIRECTION('',(-0.3583679495453,0.,-0.933580426497202));
#2317=DIRECTION('',(0.,-1.,0.));
#2318=DIRECTION('',(0.,-1.,0.));
#2319=DIRECTION('',(2.06166279663301E-16,0.,-1.));
#2320=DIRECTION('',(-1.,0.,-2.06166279663301E-16));
#2321=DIRECTION('',(1.,0.,2.06166279663301E-16));
#2322=DIRECTION('',(0.,-1.,0.));
#2323=DIRECTION('',(0.,-1.,0.));
#2324=DIRECTION('',(0.,-1.,0.));
#2325=DIRECTION('',(-0.275637355816999,0.,-0.961261695938319));
#2326=DIRECTION('',(-0.961261695938319,0.,0.275637355816999));
#2327=DIRECTION('',(0.961261695938319,0.,-0.275637355816999));
#2328=DIRECTION('',(-0.933580426497202,0.,0.3583679495453));
#2329=DIRECTION('',(0.3583679495453,0.,0.933580426497202));
#2330=DIRECTION('',(-0.3583679495453,0.,-0.933580426497202));
#2331=DIRECTION('',(0.,-1.,0.));
#2332=DIRECTION('',(-0.3583679495453,0.,-0.933580426497202));
#2333=DIRECTION('',(0.,-1.,0.));
#2334=DIRECTION('',(0.,-1.,0.));
#2335=DIRECTION('',(0.,0.,-1.));
#2336=DIRECTION('',(0.,0.,-1.));
#2337=DIRECTION('',(0.,0.,-1.));
#2338=DIRECTION('',(-1.,0.,0.));
#2339=DIRECTION('',(-1.,0.,0.));
#2340=DIRECTION('',(0.,1.,0.));
#2341=DIRECTION('',(0.,0.,-1.));
#2342=DIRECTION('',(0.,1.,0.));
#2343=DIRECTION('',(-1.,0.,0.));
#2344=DIRECTION('',(0.,1.,0.));
#2345=DIRECTION('',(0.,0.,-1.));
#2346=DIRECTION('',(0.,1.,0.));
#2347=DIRECTION('',(0.,0.,-1.));
#2348=DIRECTION('',(1.,0.,0.));
#2349=DIRECTION('',(-1.,0.,0.));
#2350=DIRECTION('',(0.,-1.,0.));
#2351=DIRECTION('',(0.,0.,-1.));
#2352=DIRECTION('',(-1.,0.,0.));
#2353=DIRECTION('',(0.,1.,0.));
#2354=DIRECTION('',(-1.,0.,0.));
#2355=DIRECTION('',(0.,0.,-1.));
#2356=DIRECTION('',(0.,0.,1.));
#2357=DIRECTION('',(-1.,1.82123199577617E-16,0.));
#2358=DIRECTION('',(1.82123199577617E-16,1.,0.));
#2359=DIRECTION('',(0.,0.,1.));
#2360=DIRECTION('',(0.,-1.,0.));
#2361=DIRECTION('',(0.,0.,-1.));
#2362=DIRECTION('',(-0.0794078550180463,0.996468271577406,-0.027301580558077));
#2363=DIRECTION('',(0.,-1.,0.));
#2364=DIRECTION('',(0.,0.,-1.));
#2365=DIRECTION('',(0.0843844548056365,0.996331196626675,0.0142622023409078));
#2366=DIRECTION('',(0.,-1.,0.));
#2367=DIRECTION('',(0.,0.,-1.));
#2368=DIRECTION('',(0.,-1.,0.));
#2369=DIRECTION('',(0.,0.,-1.));
#2370=DIRECTION('',(0.,-1.,0.));
#2371=DIRECTION('',(0.,0.,-1.));
#2372=DIRECTION('',(0.,-1.,0.));
#2373=DIRECTION('',(0.,0.,-1.));
#2374=DIRECTION('',(0.,-1.,0.));
#2375=DIRECTION('',(0.,0.,-1.));
#2376=DIRECTION('',(-0.0794078550180463,0.996468271577406,-0.027301580558077));
#2377=DIRECTION('',(-0.0892069220104637,0.995957940735533,0.0104835753088092));
#2378=DIRECTION('',(-0.275637355816999,0.,-0.961261695938319));
#2379=DIRECTION('',(-0.961261695938319,0.,0.275637355816999));
#2380=DIRECTION('',(0.961261695938319,0.,-0.275637355816999));
#2381=DIRECTION('',(0.961261695938319,0.,-0.275637355816999));
#2382=DIRECTION('',(0.,-1.,0.));
#2383=DIRECTION('',(1.,0.,0.));
#2384=DIRECTION('',(1.,0.,2.06166279663301E-16));
#2385=DIRECTION('',(2.06166279663301E-16,0.,-1.));
#2386=DIRECTION('',(-1.,0.,-2.06166279663301E-16));
#2387=DIRECTION('',(0.,-1.,0.));
#2388=DIRECTION('',(1.,0.,2.06166279663301E-16));
#2389=DIRECTION('',(0.,-1.,0.));
#2390=DIRECTION('',(0.,0.,-1.));
#2391=DIRECTION('',(0.,-1.,0.));
#2392=DIRECTION('',(-0.115453692521315,0.993040465443585,0.0232611021833104));
#2393=DIRECTION('',(-0.997466043936201,-0.0687014416037639,-0.018482508374959));
#2394=DIRECTION('',(0.0687131789242354,-0.997636456351775,0.));
#2395=DIRECTION('',(0.0446985443282113,0.998123236697166,0.0418574306439462));
#2396=DIRECTION('',(-0.256871241062814,-0.966445635053959,3.30022821138467E-17));
#2397=DIRECTION('',(0.371390676354104,0.928476690885259,0.));
#2398=CARTESIAN_POINT('',(0.,0.,0.));
#2399=CARTESIAN_POINT('',(0.,0.3048,-0.00281992559425001));
#2400=CARTESIAN_POINT('',(-0.0338666666666666,0.3048,-0.00846666666666666));
#2401=CARTESIAN_POINT('',(-0.00922170454153952,0.304799951127931,-0.012493125617474));
#2402=CARTESIAN_POINT('',(-0.0232686247204865,0.304800000249881,0.0141444077326832));
#2403=CARTESIAN_POINT('',(-0.00922187385243479,0.3048,-0.0124930978333144));
#2404=CARTESIAN_POINT('',(-0.00899993760323103,0.3048,-0.0111293768516152));
#2405=CARTESIAN_POINT('',(-0.00878383427869616,0.3048,-0.00832981047491417));
#2406=CARTESIAN_POINT('',(-0.00914835504838472,0.3048,-0.00422571328790519));
#2407=CARTESIAN_POINT('',(-0.0102048631349753,0.3048,-0.000156032174410231));
#2408=CARTESIAN_POINT('',(-0.0113377613882213,0.3048,0.00237317683546404));
#2409=CARTESIAN_POINT('',(-0.0120121439227869,0.3048,0.00359600336144251));
#2410=CARTESIAN_POINT('',(-0.0120121439227869,0.3048,0.00359600336144251));
#2411=CARTESIAN_POINT('',(-0.0120121439227869,0.3048,0.00359600336144251));
#2412=CARTESIAN_POINT('',(-0.0126482267974061,0.3048,0.00475055015808082));
#2413=CARTESIAN_POINT('',(-0.0140828665403882,0.3048,0.00692740849285657));
#2414=CARTESIAN_POINT('',(-0.0167328547636836,0.3048,0.00983738246276451));
#2415=CARTESIAN_POINT('',(-0.0198125865350564,0.3048,0.0122963061494072));
#2416=CARTESIAN_POINT('',(-0.0220764769565409,0.3048,0.0135852212616572));
#2417=CARTESIAN_POINT('',(-0.0232686350727684,0.3048,0.014144385655988));
#2418=CARTESIAN_POINT('',(-0.198966456672807,0.288242602529287,0.00097991871231048));
#2419=CARTESIAN_POINT('',(-0.198966456672807,0.276481481016503,0.000892477772140095));
#2420=CARTESIAN_POINT('',(-0.198966456672807,0.276481481016503,0.00300914443880675));
#2421=CARTESIAN_POINT('',(-0.0338042285670655,0.32746666666667,-0.0084917726957246));
#2422=CARTESIAN_POINT('',(-0.0138015733752481,0.3048,-0.0233317261006717));
#2423=CARTESIAN_POINT('',(-0.0132132225856275,0.3048,-0.0225383513123986));
#2424=CARTESIAN_POINT('',(-0.0121355976584095,0.3048,-0.0208910921830682));
#2425=CARTESIAN_POINT('',(-0.0103603698450461,0.3048,-0.0173050078703086));
#2426=CARTESIAN_POINT('',(-0.00953988080639676,0.3048,-0.0144471397353755));
#2427=CARTESIAN_POINT('',(-0.00922187388889509,0.3048,-0.0124930980573502));
#2428=CARTESIAN_POINT('',(-0.013801656113688,0.3048003313773,-0.0233316629842186));
#2429=CARTESIAN_POINT('',(-0.00922187388842467,0.327466666666667,-0.0124930980544597));
#2430=CARTESIAN_POINT('',(-0.00922170250058266,0.327466666416667,-0.0124931259516456));
#2431=CARTESIAN_POINT('',(-0.0338042285670655,0.327466666666667,-0.0084917726957246));
#2432=CARTESIAN_POINT('',(-0.0138016561103138,0.327466666666667,-0.0233316629789414));
#2433=CARTESIAN_POINT('',(-0.0138015725425442,0.327466666666667,-0.0233317249777935));
#2434=CARTESIAN_POINT('',(-0.0338666666666666,0.327466666666667,-0.00846666666666666));
#2435=CARTESIAN_POINT('',(-0.0338666666666666,0.3048,-0.00846666666666666));
#2436=CARTESIAN_POINT('',(-0.0172887557244665,0.30480018800842,-0.0271416944250875));
#2437=CARTESIAN_POINT('',(-0.0156397976491526,0.3048,-0.0255352114539912));
#2438=CARTESIAN_POINT('',(-0.0156404642448382,0.3048,-0.0255345866791306));
#2439=CARTESIAN_POINT('',(-0.0149810452324082,0.3048,-0.0248310278511636));
#2440=CARTESIAN_POINT('',(-0.014368626000562,0.3048,-0.024096380902679));
#2441=CARTESIAN_POINT('',(-0.0138015733752481,0.3048,-0.0233317261006717));
#2442=CARTESIAN_POINT('',(-0.0338666666666666,0.327466666666667,-0.00846666666666666));
#2443=CARTESIAN_POINT('',(-0.017288713606237,0.327466666416667,-0.0271417424135767));
#2444=CARTESIAN_POINT('',(-0.0172888335476531,0.327466666666667,-0.0271416073595104));
#2445=CARTESIAN_POINT('',(-0.0338652377660245,0.327466666666665,-0.00847657182740106));
#2446=CARTESIAN_POINT('',(-0.0442620837563977,0.3048,-0.0311715838506824));
#2447=CARTESIAN_POINT('',(-0.0420597569291992,0.3048,-0.0321813621180363));
#2448=CARTESIAN_POINT('',(-0.0386103173635116,0.3048,-0.0331937083691521));
#2449=CARTESIAN_POINT('',(-0.0337576039077336,0.3048,-0.0335264967448496));
#2450=CARTESIAN_POINT('',(-0.0301921759786061,0.3048,-0.03325592339336));
#2451=CARTESIAN_POINT('',(-0.0266270713356614,0.3048,-0.0324588288990368));
#2452=CARTESIAN_POINT('',(-0.0221609366215592,0.3048,-0.0307531321092895));
#2453=CARTESIAN_POINT('',(-0.0190897322844464,0.3048,-0.0287418629209093));
#2454=CARTESIAN_POINT('',(-0.0172888332918234,0.3048,-0.0271416071321834));
#2455=CARTESIAN_POINT('',(-0.0442621704386515,0.304799967069935,-0.0311717731208621));
#2456=CARTESIAN_POINT('',(-0.0338652377660245,0.327466666666667,-0.00847657182740106));
#2457=CARTESIAN_POINT('',(-0.0442621704386516,0.327466666666666,-0.0311717731208621));
#2458=CARTESIAN_POINT('',(-0.0442620837360748,0.327466666666667,-0.0311715838600006));
#2459=CARTESIAN_POINT('',(-0.0338666666666666,0.327466666666667,-0.00846666666666666));
#2460=CARTESIAN_POINT('',(-0.0338666666666666,0.3048,-0.00846666666666666));
#2461=CARTESIAN_POINT('',(-0.0456057548679312,0.304799058897826,-0.0305069463370869));
#2462=CARTESIAN_POINT('',(-0.0444618892835994,0.3048,-0.0310789776193639));
#2463=CARTESIAN_POINT('',(-0.0444618580060753,0.3048,-0.0310789146700301));
#2464=CARTESIAN_POINT('',(-0.0443953540059378,0.3048,-0.0311101203658864));
#2465=CARTESIAN_POINT('',(-0.0443287628759761,0.3048,-0.0311410111286845));
#2466=CARTESIAN_POINT('',(-0.0442620837563977,0.3048,-0.0311715838506824));
#2467=CARTESIAN_POINT('',(-0.0338666666666666,0.327466666666667,-0.00846666666666666));
#2468=CARTESIAN_POINT('',(-0.0456057321218364,0.327466666416667,-0.0305069029146012));
#2469=CARTESIAN_POINT('',(-0.0456057348432041,0.327466666666667,-0.0305069080253655));
#2470=CARTESIAN_POINT('',(-0.0338726558852791,0.32746666666667,-0.00847203127754803));
#2471=CARTESIAN_POINT('',(-0.0567456490656461,0.3048,-0.0184731708113909));
#2472=CARTESIAN_POINT('',(-0.0561923265301327,0.3048,-0.0197387192480598));
#2473=CARTESIAN_POINT('',(-0.0548814046395641,0.3048,-0.0221730107779718));
#2474=CARTESIAN_POINT('',(-0.0522773053454667,0.3048,-0.0255103924852073));
#2475=CARTESIAN_POINT('',(-0.0492160738580312,0.3048,-0.0283110619141336));
#2476=CARTESIAN_POINT('',(-0.0468432563755321,0.3048,-0.0298479309894379));
#2477=CARTESIAN_POINT('',(-0.0456057345501379,0.3048,-0.0305069081814225));
#2478=CARTESIAN_POINT('',(-0.0567456834126967,0.304800007483047,-0.0184731851260824));
#2479=CARTESIAN_POINT('',(-0.0338726558852791,0.327466666666667,-0.00847203127754803));
#2480=CARTESIAN_POINT('',(-0.0567456839814712,0.327466666666666,-0.0184731846452025));
#2481=CARTESIAN_POINT('',(-0.0567456495916332,0.327466666666667,-0.0184731696083634));
#2482=CARTESIAN_POINT('',(-0.0338666666666666,0.327466666666667,-0.00846666666666666));
#2483=CARTESIAN_POINT('',(-0.0338666666666666,0.3048,-0.00846666666666666));
#2484=CARTESIAN_POINT('',(-0.0576368503404986,0.304798961475129,-0.000811451254045725));
#2485=CARTESIAN_POINT('',(-0.0586440460096236,0.3048,-0.00537333720125871));
#2486=CARTESIAN_POINT('',(-0.0586419425666467,0.3048,-0.00537377679979727));
#2487=CARTESIAN_POINT('',(-0.0589228426330598,0.3048,-0.00761555829299035));
#2488=CARTESIAN_POINT('',(-0.0588811393623446,0.3048,-0.0120509570098489));
#2489=CARTESIAN_POINT('',(-0.0576348831006706,0.3048,-0.0164393321899182));
#2490=CARTESIAN_POINT('',(-0.0567456490656461,0.3048,-0.0184731708113909));
#2491=CARTESIAN_POINT('',(-0.0338666666666666,0.327466666666667,-0.00846666666666666));
#2492=CARTESIAN_POINT('',(-0.0576359738978857,0.327466666666667,-0.000811733972578562));
#2493=CARTESIAN_POINT('',(-0.0576359738978857,0.327466666666667,-0.000811733972578562));
#2494=CARTESIAN_POINT('',(-0.0385763093122575,0.327466666666667,0.0160577802968441));
#2495=CARTESIAN_POINT('',(-0.0385763093122575,0.3048,0.0160577802968441));
#2496=CARTESIAN_POINT('',(-0.0407821837400597,0.327466666666667,0.0156336965243003));
#2497=CARTESIAN_POINT('',(-0.0407821837400597,0.3048,0.0156336965243003));
#2498=CARTESIAN_POINT('',(-0.0439277432057615,0.327466666666667,0.0145796944021284));
#2499=CARTESIAN_POINT('',(-0.0439277432057615,0.3048,0.0145796944021284));
#2500=CARTESIAN_POINT('',(-0.047830297568564,0.327466666666667,0.0123261416569098));
#2501=CARTESIAN_POINT('',(-0.047830297568564,0.3048,0.0123261416569098));
#2502=CARTESIAN_POINT('',(-0.051331561725907,0.327466666666667,0.00962323850595614));
#2503=CARTESIAN_POINT('',(-0.051331561725907,0.3048,0.00962323850595614));
#2504=CARTESIAN_POINT('',(-0.0542940275554586,0.327466666666666,0.00619793539102598));
#2505=CARTESIAN_POINT('',(-0.0542940275554586,0.3048,0.00619793539102598));
#2506=CARTESIAN_POINT('',(-0.0564603064893039,0.327466666666667,0.00234468230981255));
#2507=CARTESIAN_POINT('',(-0.0564603064893039,0.3048,0.00234468230981255));
#2508=CARTESIAN_POINT('',(-0.0572941464928551,0.327466666666666,0.000251842031065123));
#2509=CARTESIAN_POINT('',(-0.0572941464928551,0.304799999999999,0.000251842031065123));
#2510=CARTESIAN_POINT('',(-0.0576359738978857,0.327466666666667,-0.000811733972578569));
#2511=CARTESIAN_POINT('',(-0.0576359738978857,0.3048,-0.000811733972578569));
#2512=CARTESIAN_POINT('',(-0.038576309312225,0.3048,0.0160577802968504));
#2513=CARTESIAN_POINT('',(-0.0407821836589843,0.3048,0.0156336965398902));
#2514=CARTESIAN_POINT('',(-0.0439277430119136,0.3048,0.0145796944726206));
#2515=CARTESIAN_POINT('',(-0.0478302972582546,0.3048,0.0123261418587411));
#2516=CARTESIAN_POINT('',(-0.0513315613356319,0.3048,0.00962323886523098));
#2517=CARTESIAN_POINT('',(-0.0542940271382657,0.3048,0.00619793595045079));
#2518=CARTESIAN_POINT('',(-0.0564603061138743,0.3048,0.0023446830811774));
#2519=CARTESIAN_POINT('',(-0.0572941461610491,0.3048,0.00025184291907453));
#2520=CARTESIAN_POINT('',(-0.0576359735964674,0.3048,-0.000811733034733421));
#2521=CARTESIAN_POINT('',(-0.038576309312225,0.3048,0.0160577802968504));
#2522=CARTESIAN_POINT('',(-0.0385763093122575,0.327466666666667,0.0160577802968441));
#2523=CARTESIAN_POINT('',(-0.0407821837400597,0.327466666666667,0.0156336965243003));
#2524=CARTESIAN_POINT('',(-0.0439277432057616,0.327466666666667,0.0145796944021284));
#2525=CARTESIAN_POINT('',(-0.047830297568564,0.327466666666666,0.0123261416569098));
#2526=CARTESIAN_POINT('',(-0.0513315617259069,0.327466666666667,0.00962323850595611));
#2527=CARTESIAN_POINT('',(-0.0542940275554587,0.327466666666667,0.00619793539102602));
#2528=CARTESIAN_POINT('',(-0.0564603064893038,0.327466666666666,0.00234468230981251));
#2529=CARTESIAN_POINT('',(-0.0572941464928552,0.327466666666667,0.000251842031065089));
#2530=CARTESIAN_POINT('',(-0.0576359738978856,0.327466666666667,-0.000811733972578616));
#2531=CARTESIAN_POINT('',(-0.0385763093122575,0.327466666666667,0.0160577802968441));
#2532=CARTESIAN_POINT('',(-0.0385763093122575,0.327466666666667,0.0160577802968441));
#2533=CARTESIAN_POINT('',(-0.0338666540233624,0.327466666666667,-0.0084534849430943));
#2534=CARTESIAN_POINT('',(-0.0232686350727684,0.3048,0.014144385655988));
#2535=CARTESIAN_POINT('',(-0.0256521037530465,0.3048,0.0152623169126502));
#2536=CARTESIAN_POINT('',(-0.0294171172845214,0.3048,0.0163509304554627));
#2537=CARTESIAN_POINT('',(-0.0346906668706279,0.3048,0.0165958499931813));
#2538=CARTESIAN_POINT('',(-0.0372822678590549,0.3048,0.0163064136728026));
#2539=CARTESIAN_POINT('',(-0.0385763093122576,0.3048,0.0160577802968441));
#2540=CARTESIAN_POINT('',(-0.0338666540233624,0.327466666666667,-0.0084534849430943));
#2541=CARTESIAN_POINT('',(-0.0232686247194071,0.327466666666667,0.0141444077321816));
#2542=CARTESIAN_POINT('',(-0.0232686350727684,0.327466666666667,0.014144385655988));
#2543=CARTESIAN_POINT('',(-0.0338666666666666,0.327466666666667,-0.00846666666666666));
#2544=CARTESIAN_POINT('',(-0.0338666666666666,0.327466666666667,-0.00846666666666666));
#2545=CARTESIAN_POINT('',(-0.0623978607689353,0.116398074244492,-0.0329009330648291));
#2546=CARTESIAN_POINT('',(-0.0594689202957605,0.147994536961088,-0.0325543326449481));
#2547=CARTESIAN_POINT('',(-0.0535801876504169,0.211184738517279,-0.031867038001406));
#2548=CARTESIAN_POINT('',(-0.047573739586813,0.274365009044582,-0.0312443526094744));
#2549=CARTESIAN_POINT('',(-0.0445328748281699,0.305952302700202,-0.0309840817953917));
#2550=CARTESIAN_POINT('',(-0.0620529024937955,0.116398864329888,-0.0329009243865361));
#2551=CARTESIAN_POINT('',(-0.0591501018734316,0.147995346841303,-0.0325690754394533));
#2552=CARTESIAN_POINT('',(-0.0533133947078682,0.211185589278733,-0.0319113359227287));
#2553=CARTESIAN_POINT('',(-0.0473581029553549,0.274365901821545,-0.031319121517408));
#2554=CARTESIAN_POINT('',(-0.0443428819544066,0.305953236002146,-0.0310746938602078));
#2555=CARTESIAN_POINT('',(-0.0613629859435161,0.116400427921137,-0.0329009083420987));
#2556=CARTESIAN_POINT('',(-0.0585164880451689,0.14799732029742,-0.0325981875679732));
#2557=CARTESIAN_POINT('',(-0.0527941796933253,0.211188584654864,-0.0319983181204224));
#2558=CARTESIAN_POINT('',(-0.0469593142798782,0.274370526382087,-0.0314573442521962));
#2559=CARTESIAN_POINT('',(-0.0440037017645215,0.305958593326858,-0.0312342312440194));
#2560=CARTESIAN_POINT('',(-0.0599831528429573,0.11640338542257,-0.0329008819928099));
#2561=CARTESIAN_POINT('',(-0.0572454044376927,0.148000851867385,-0.0326532989370274));
#2562=CARTESIAN_POINT('',(-0.0517427228297439,0.211193527879582,-0.0321631998781354));
#2563=CARTESIAN_POINT('',(-0.0461348415957408,0.274377716034272,-0.0317245222995274));
#2564=CARTESIAN_POINT('',(-0.0432925672408902,0.305966897306876,-0.0315474219630806));
#2565=CARTESIAN_POINT('',(-0.0575684449169794,0.116408157880728,-0.0329008488423697));
#2566=CARTESIAN_POINT('',(-0.055020194719601,0.148006772097166,-0.0327422164406507));
#2567=CARTESIAN_POINT('',(-0.0499012909787492,0.211202268197801,-0.0324288447731655));
#2568=CARTESIAN_POINT('',(-0.0446940533711486,0.274391008721402,-0.0321508411177407));
#2569=CARTESIAN_POINT('',(-0.0420527023103871,0.305982541822422,-0.0320426330651672));
#2570=CARTESIAN_POINT('',(-0.0527390290650235,0.116415994074477,-0.0329008230545229));
#2571=CARTESIAN_POINT('',(-0.0505553790314489,0.148016393970696,-0.0328883234783426));
#2572=CARTESIAN_POINT('',(-0.0461729062835093,0.211216199579094,-0.0328652615234429));
#2573=CARTESIAN_POINT('',(-0.041729409781477,0.274411994182571,-0.0328579737094123));
#2574=CARTESIAN_POINT('',(-0.0394765968667683,0.306007818930021,-0.0328689285674929));
#2575=CARTESIAN_POINT('',(-0.044657149476036,0.116423285110796,-0.0329008442529104));
#2576=CARTESIAN_POINT('',(-0.0430593411025587,0.148026200778821,-0.0330243378524278));
#2577=CARTESIAN_POINT('',(-0.039861155824964,0.211232022997995,-0.0332706316893498));
#2578=CARTESIAN_POINT('',(-0.0366520287236919,0.274437768231273,-0.0335107968705116));
#2579=CARTESIAN_POINT('',(-0.0350391112684808,0.30604046763896,-0.0336254565056699));
#2580=CARTESIAN_POINT('',(-0.0340127227002965,0.116419973881714,-0.032900824869241));
#2581=CARTESIAN_POINT('',(-0.033166293664242,0.148024226279228,-0.0329625727120146));
#2582=CARTESIAN_POINT('',(-0.0314853516104287,0.211233170003487,-0.0330866408051828));
#2583=CARTESIAN_POINT('',(-0.0298529784585604,0.274443993590056,-0.0332159649756466));
#2584=CARTESIAN_POINT('',(-0.0290659467577028,0.306050519500132,-0.0332852031390328));
#2585=CARTESIAN_POINT('',(-0.023368295924557,0.116401705781874,-0.0329008390059149));
#2586=CARTESIAN_POINT('',(-0.0233252643392558,0.148005268434652,-0.0326217801594537));
#2587=CARTESIAN_POINT('',(-0.0232674787058239,0.211212728953089,-0.032069908238368));
#2588=CARTESIAN_POINT('',(-0.0233223105399162,0.274421191567647,-0.0315673578185912));
#2589=CARTESIAN_POINT('',(-0.0233965692006823,0.306025573935994,-0.031362440803246));
#2590=CARTESIAN_POINT('',(-0.0152864163355695,0.116379011486156,-0.0329012078237185));
#2591=CARTESIAN_POINT('',(-0.0159322643089374,0.14798041679628,-0.0321992726568482));
#2592=CARTESIAN_POINT('',(-0.0172714206908279,0.211182658687596,-0.0308035454821998));
#2593=CARTESIAN_POINT('',(-0.018780848417547,0.274384859921129,-0.0295394392740967));
#2594=CARTESIAN_POINT('',(-0.0195582105596868,0.305987308363218,-0.0289962585204657));
#2595=CARTESIAN_POINT('',(-0.0104570004836136,0.116362577721621,-0.0329016821787252));
#2596=CARTESIAN_POINT('',(-0.0115513735485279,0.1479621893341,-0.0318933960187838));
#2597=CARTESIAN_POINT('',(-0.0137997637393658,0.211159837228236,-0.0298841999445199));
#2598=CARTESIAN_POINT('',(-0.0162495676697138,0.274357194245923,-0.028063448503529));
#2599=CARTESIAN_POINT('',(-0.0174732219193776,0.305959292123251,-0.0272626364427126));
#2600=CARTESIAN_POINT('',(-0.00804229255763565,0.116353691039778,-0.0329019989275518));
#2601=CARTESIAN_POINT('',(-0.00937291838430116,0.147952224898512,-0.0317281586702906));
#2602=CARTESIAN_POINT('',(-0.0121024217083309,0.211146888551189,-0.0293860445240078));
#2603=CARTESIAN_POINT('',(-0.0150520212439431,0.274341659529937,-0.0272738242148704));
#2604=CARTESIAN_POINT('',(-0.0165058651054982,0.305944284642795,-0.0263373745476647));
#2605=CARTESIAN_POINT('',(-0.00666245945707681,0.11634843724265,-0.0329022045608762));
#2606=CARTESIAN_POINT('',(-0.00813028545699443,0.14794635714445,-0.031630384648047));
#2607=CARTESIAN_POINT('',(-0.0111380699411636,0.211139317244747,-0.0290913761126121));
#2608=CARTESIAN_POINT('',(-0.0143739793664492,0.27433258062359,-0.0268010624441851));
#2609=CARTESIAN_POINT('',(-0.0159618400814798,0.305935466880117,-0.0257796083031343));
#2610=CARTESIAN_POINT('',(-0.0059725429067974,0.116345746597177,-0.032902316233574));
#2611=CARTESIAN_POINT('',(-0.00751106528453724,0.147943310130031,-0.0315804085217062));
#2612=CARTESIAN_POINT('',(-0.0106635804570301,0.211135213325549,-0.0289402467125281));
#2613=CARTESIAN_POINT('',(-0.0140507410294935,0.274327719080199,-0.0265650391877316));
#2614=CARTESIAN_POINT('',(-0.0157061328446273,0.305930985878756,-0.0255040392724662));
#2615=CARTESIAN_POINT('',(-0.00562758463165769,0.116344395314576,-0.032902373962618));
#2616=CARTESIAN_POINT('',(-0.00720006072379905,0.147941840830072,-0.0315551536540428));
#2617=CARTESIAN_POINT('',(-0.0104200046176,0.211133456449754,-0.0288645183291926));
#2618=CARTESIAN_POINT('',(-0.0138735959016542,0.274325579758456,-0.026436511119639));
#2619=CARTESIAN_POINT('',(-0.0155633587222398,0.305928727832288,-0.0253486499915552));
#2620=CARTESIAN_POINT('',(-0.0444690443671273,0.304719566154657,-0.0310797698664649));
#2621=CARTESIAN_POINT('',(-0.0444666489319153,0.304746377438326,-0.0310794848233278));
#2622=CARTESIAN_POINT('',(-0.0444642534957672,0.304773188721586,-0.0310791997495542));
#2623=CARTESIAN_POINT('',(-0.044461858006069,0.3048,-0.0310789146700331));
#2624=CARTESIAN_POINT('',(-0.0444690443671275,0.304719566154652,-0.031079769866465));
#2625=CARTESIAN_POINT('',(-0.0444690443671275,0.304719566154652,-0.0310797698664651));
#2626=CARTESIAN_POINT('',(-0.0500760271369988,0.241961721705799,-0.0317470115001597));
#2627=CARTESIAN_POINT('',(-0.0554863991843798,0.17918566728443,-0.0323360383497732));
#2628=CARTESIAN_POINT('',(-0.0608909388082802,0.116409049490862,-0.0329008309914289));
#2629=CARTESIAN_POINT('',(-0.0608909388082801,0.116409049490862,-0.0329008309914289));
#2630=CARTESIAN_POINT('',(-0.0514812274660713,0.116416666666685,-0.0329008309914291));
#2631=CARTESIAN_POINT('',(-0.0546177985248506,0.116414962141678,-0.0329008309914291));
#2632=CARTESIAN_POINT('',(-0.0577543691750116,0.116412423797651,-0.0329008309914291));
#2633=CARTESIAN_POINT('',(-0.0608909388082801,0.11640904949084,-0.0329008309914291));
#2634=CARTESIAN_POINT('',(-0.0514812274660622,0.116416666666822,-0.0329008309914291));
#2635=CARTESIAN_POINT('',(-0.0514812274660725,0.116416666666667,-0.0329008309914291));
#2636=CARTESIAN_POINT('',(-0.0454868005409457,0.116416666666667,-0.0329008309914291));
#2637=CARTESIAN_POINT('',(-0.039492373615819,0.116416666666667,-0.0329008309914291));
#2638=CARTESIAN_POINT('',(-0.0334979466906923,0.116416666666667,-0.0329008309914291));
#2639=CARTESIAN_POINT('',(-0.0334979466906924,0.11641666666666,-0.0329008309914291));
#2640=CARTESIAN_POINT('',(-0.033497946690692,0.116416666666677,-0.0329008309914291));
#2641=CARTESIAN_POINT('',(-0.0262527010667418,0.116412730392221,-0.0329008309914291));
#2642=CARTESIAN_POINT('',(-0.0190074581802968,0.116404154518711,-0.0329008309914291));
#2643=CARTESIAN_POINT('',(-0.0117622227773248,0.116391803023392,-0.0329008309914291));
#2644=CARTESIAN_POINT('',(-0.0117622227773248,0.116391803023393,-0.0329008309914291));
#2645=CARTESIAN_POINT('',(-0.0117643690096808,0.116450949754076,-0.0328990937556867));
#2646=CARTESIAN_POINT('',(-0.0117636536833983,0.116431234173624,-0.0328996728175439));
#2647=CARTESIAN_POINT('',(-0.0117629382726379,0.116411518596728,-0.0329002518961168));
#2648=CARTESIAN_POINT('',(-0.0117622227773247,0.116391803023393,-0.0329008309914291));
#2649=CARTESIAN_POINT('',(-0.0117643690096808,0.116450949754076,-0.0328990937556867));
#2650=CARTESIAN_POINT('',(-0.0156357178846388,0.304696304912451,-0.0255388259930846));
#2651=CARTESIAN_POINT('',(-0.0149132749495906,0.289018010370121,-0.0261746049735837));
#2652=CARTESIAN_POINT('',(-0.0135163909415978,0.257659172427244,-0.027453263286477));
#2653=CARTESIAN_POINT('',(-0.0118623962977504,0.21060687363075,-0.0294342609684121));
#2654=CARTESIAN_POINT('',(-0.0110740422065261,0.163521934586266,-0.0313499461138164));
#2655=CARTESIAN_POINT('',(-0.0113236332792108,0.132137652594986,-0.0324381922023));
#2656=CARTESIAN_POINT('',(-0.0117643690096809,0.116450949754076,-0.0328990937556867));
#2657=CARTESIAN_POINT('',(-0.0156357178846388,0.304696304912451,-0.0255388259930846));
#2658=CARTESIAN_POINT('',(-0.0156357178846124,0.304696304909615,-0.025538825993311));
#2659=CARTESIAN_POINT('',(-0.0156373108401697,0.304730869944838,-0.0255374245704604));
#2660=CARTESIAN_POINT('',(-0.0156389037965086,0.304765434975142,-0.0255360230271938));
#2661=CARTESIAN_POINT('',(-0.0156404969468896,0.3048,-0.0255346215701733));
#2662=CARTESIAN_POINT('',(-0.00644656360014256,0.115221273005206,-0.0362609885310487));
#2663=CARTESIAN_POINT('',(-0.00732397609191779,0.131115844779076,-0.0355343101743196));
#2664=CARTESIAN_POINT('',(-0.00873157477061373,0.154951310726026,-0.0343924848924738));
#2665=CARTESIAN_POINT('',(-0.0106392208866937,0.186714033827208,-0.0324734576654992));
#2666=CARTESIAN_POINT('',(-0.0118995786985257,0.210537121641056,-0.0308691725631982));
#2667=CARTESIAN_POINT('',(-0.0129393758217494,0.234373329370152,-0.0293346323835277));
#2668=CARTESIAN_POINT('',(-0.0142075061944101,0.266170382337074,-0.027528453147747));
#2669=CARTESIAN_POINT('',(-0.0151648042954586,0.290026172220876,-0.0263734025098957));
#2670=CARTESIAN_POINT('',(-0.0158266095067105,0.305930060562529,-0.0256304051789434));
#2671=CARTESIAN_POINT('',(-0.00660189945147307,0.115223409672161,-0.0361917843223676));
#2672=CARTESIAN_POINT('',(-0.00745393349385271,0.131118194124406,-0.0354589132898041));
#2673=CARTESIAN_POINT('',(-0.00882446315707925,0.154954094354474,-0.0343085639313091));
#2674=CARTESIAN_POINT('',(-0.0106855978752687,0.186716947111437,-0.0323732590585992));
#2675=CARTESIAN_POINT('',(-0.0119086829328756,0.210539765432123,-0.0307538504434875));
#2676=CARTESIAN_POINT('',(-0.0129081443112591,0.234375609004703,-0.0292065443768493));
#2677=CARTESIAN_POINT('',(-0.0141230724754729,0.266172229119227,-0.027387216644198));
#2678=CARTESIAN_POINT('',(-0.0150419803214306,0.290027770481948,-0.0262233822944053));
#2679=CARTESIAN_POINT('',(-0.0156783161119641,0.305931523770038,-0.0254742170461817));
#2680=CARTESIAN_POINT('',(-0.00696716606119525,0.115224247075737,-0.0360261181012268));
#2681=CARTESIAN_POINT('',(-0.00776738952035847,0.131119314712985,-0.0352763683740442));
#2682=CARTESIAN_POINT('',(-0.00905332408023665,0.154955958998241,-0.0340951829786922));
#2683=CARTESIAN_POINT('',(-0.0107810306200601,0.186721939334613,-0.0321535483642068));
#2684=CARTESIAN_POINT('',(-0.0119211794134177,0.210546538764306,-0.0305500065672083));
#2685=CARTESIAN_POINT('',(-0.0128590388738001,0.234381848997046,-0.0290012416149072));
#2686=CARTESIAN_POINT('',(-0.0139869104195357,0.266176649166628,-0.0271528403740065));
#2687=CARTESIAN_POINT('',(-0.0148298395320407,0.290031183034648,-0.0259601141183903));
#2688=CARTESIAN_POINT('',(-0.015414763067833,0.30593448972631,-0.0251938940540369));
#2689=CARTESIAN_POINT('',(-0.00766188558515546,0.115228495044687,-0.0356829577939028));
#2690=CARTESIAN_POINT('',(-0.00835956909203623,0.131124230068453,-0.0349035414409546));
#2691=CARTESIAN_POINT('',(-0.00948257593372344,0.154962478103547,-0.0336740065775789));
#2692=CARTESIAN_POINT('',(-0.0109758696192916,0.186732387442833,-0.0317064567422871));
#2693=CARTESIAN_POINT('',(-0.0119582800749163,0.210558938270467,-0.0301027875403648));
#2694=CARTESIAN_POINT('',(-0.0127605797033176,0.234393519685886,-0.028537898907266));
#2695=CARTESIAN_POINT('',(-0.0137056070073197,0.266185660971136,-0.0266381522751044));
#2696=CARTESIAN_POINT('',(-0.0143995451879107,0.290038451126088,-0.0253964831159214));
#2697=CARTESIAN_POINT('',(-0.0148837099469345,0.305940947671214,-0.0246000681797546));
#2698=CARTESIAN_POINT('',(-0.00889974908924466,0.115235099776615,-0.0350081042784767));
#2699=CARTESIAN_POINT('',(-0.00941868870708456,0.131131936800653,-0.034177739975443));
#2700=CARTESIAN_POINT('',(-0.0102530526869047,0.154972884581632,-0.0328666150619982));
#2701=CARTESIAN_POINT('',(-0.0113310970875775,0.186750085451903,-0.030871478037346));
#2702=CARTESIAN_POINT('',(-0.0120394043770809,0.210580885050638,-0.0292851109470785));
#2703=CARTESIAN_POINT('',(-0.0126136671778014,0.234415076096791,-0.0277068094480647));
#2704=CARTESIAN_POINT('',(-0.0132544419823851,0.266202961659344,-0.0257261517825754));
#2705=CARTESIAN_POINT('',(-0.0136954858486858,0.290052441651084,-0.024397774524155));
#2706=CARTESIAN_POINT('',(-0.0140070045637418,0.305953399150306,-0.0235484848615724));
#2707=CARTESIAN_POINT('',(-0.0113069280107225,0.115254291143741,-0.0334282886449436));
#2708=CARTESIAN_POINT('',(-0.0114767130328188,0.131153336109684,-0.0325150438229477));
#2709=CARTESIAN_POINT('',(-0.0117590596946068,0.154999151318147,-0.0310901303950527));
#2710=CARTESIAN_POINT('',(-0.0120985764886204,0.186785163624728,-0.0290324237291801));
#2711=CARTESIAN_POINT('',(-0.0122909263653946,0.210621414604267,-0.0274274297203087));
#2712=CARTESIAN_POINT('',(-0.0123966370206094,0.234457074546673,-0.0258115893467983));
#2713=CARTESIAN_POINT('',(-0.0124351585965622,0.266240879348319,-0.023711552490331));
#2714=CARTESIAN_POINT('',(-0.0124007138060477,0.290084669987995,-0.0222418246897985));
#2715=CARTESIAN_POINT('',(-0.012384557464156,0.305982694484706,-0.021301578573772));
#2716=CARTESIAN_POINT('',(-0.0149177597318396,0.11528569976542,-0.0303181363711229));
#2717=CARTESIAN_POINT('',(-0.0145960191573445,0.131187093429063,-0.0293254338971374));
#2718=CARTESIAN_POINT('',(-0.0141185815171431,0.155037552395857,-0.0278029215063736));
#2719=CARTESIAN_POINT('',(-0.0134547494684684,0.186833256106004,-0.0257020367319531));
#2720=CARTESIAN_POINT('',(-0.0129342082729152,0.210677168177865,-0.0240957242906926));
#2721=CARTESIAN_POINT('',(-0.0123792441770139,0.234518159980065,-0.0224638889743448));
#2722=CARTESIAN_POINT('',(-0.0115779132811954,0.266303624928577,-0.0202777661885148));
#2723=CARTESIAN_POINT('',(-0.0109084021298173,0.2901426164184,-0.0186666288194071));
#2724=CARTESIAN_POINT('',(-0.0104501990267199,0.306037016323617,-0.0176239975207052));
#2725=CARTESIAN_POINT('',(-0.0193235250987419,0.115324480350282,-0.025285589343559));
#2726=CARTESIAN_POINT('',(-0.0184832025995166,0.131227457810777,-0.0242790371554698));
#2727=CARTESIAN_POINT('',(-0.0172249238352632,0.155081104410918,-0.0227533005355911));
#2728=CARTESIAN_POINT('',(-0.0155406226791483,0.186883079292595,-0.0206787924436119));
#2729=CARTESIAN_POINT('',(-0.0142691173030151,0.210732801185316,-0.0191019731243806));
#2730=CARTESIAN_POINT('',(-0.012983982664865,0.234580503789856,-0.0175058456153368));
#2731=CARTESIAN_POINT('',(-0.0112456855488176,0.266374524143005,-0.0153565519514387));
#2732=CARTESIAN_POINT('',(-0.00990524593383204,0.290216739124884,-0.0137295206246739));
#2733=CARTESIAN_POINT('',(-0.00899298936133506,0.306110844887275,-0.0126513949127742));
#2734=CARTESIAN_POINT('',(-0.0233605427960862,0.115351643764875,-0.0196001275472115));
#2735=CARTESIAN_POINT('',(-0.0221404168202829,0.131255371428857,-0.018661404863407));
#2736=CARTESIAN_POINT('',(-0.0203119016221251,0.15511062836243,-0.0172447934426254));
#2737=CARTESIAN_POINT('',(-0.0178742092474945,0.186916408446784,-0.0153335119699393));
#2738=CARTESIAN_POINT('',(-0.016044860959601,0.210769927630405,-0.013887351132874));
#2739=CARTESIAN_POINT('',(-0.0142126388710232,0.234622390241426,-0.0124269576938857));
#2740=CARTESIAN_POINT('',(-0.0117623334394868,0.266423911975624,-0.0104595898743618));
#2741=CARTESIAN_POINT('',(-0.00991149658024101,0.290272608820763,-0.00896053239581604));
#2742=CARTESIAN_POINT('',(-0.00866647630562404,0.306170331939248,-0.00795293909489382));
#2743=CARTESIAN_POINT('',(-0.0266558792120563,0.115367261461578,-0.0143202062433598));
#2744=CARTESIAN_POINT('',(-0.0251882370255024,0.131271288325876,-0.0134965216474291));
#2745=CARTESIAN_POINT('',(-0.0229882260804288,0.155127228115292,-0.0122561599928724));
#2746=CARTESIAN_POINT('',(-0.0200574332587884,0.186934721659023,-0.0105888621192637));
#2747=CARTESIAN_POINT('',(-0.0178603457737223,0.210790042013607,-0.00933042039137762));
#2748=CARTESIAN_POINT('',(-0.0156638442777045,0.234644951687746,-0.00806261882117346));
#2749=CARTESIAN_POINT('',(-0.0127349027900814,0.266450736548898,-0.00635756368432125));
#2750=CARTESIAN_POINT('',(-0.0105363454526805,0.290303926863842,-0.00505949547795144));
#2751=CARTESIAN_POINT('',(-0.00906702211324721,0.306205144056124,-0.00418305003416984));
#2752=CARTESIAN_POINT('',(-0.0289043714426449,0.115374632195807,-0.0104423187898013));
#2753=CARTESIAN_POINT('',(-0.0272961566656694,0.131278720498624,-0.00972681434033819));
#2754=CARTESIAN_POINT('',(-0.0248849589212851,0.155134840551591,-0.00865057727166646));
#2755=CARTESIAN_POINT('',(-0.0216726328800512,0.186942902556709,-0.00720709557222105));
#2756=CARTESIAN_POINT('',(-0.0192647568046494,0.21079886880274,-0.00611936263708187));
#2757=CARTESIAN_POINT('',(-0.0168582857103203,0.23465471297788,-0.005025461388376));
#2758=CARTESIAN_POINT('',(-0.0136514265438941,0.266462250987697,-0.00355685128220008));
#2759=CARTESIAN_POINT('',(-0.0112481011278364,0.290317495220493,-0.00244164430188739));
#2760=CARTESIAN_POINT('',(-0.00964592216229398,0.306220590758112,-0.0016889096253544));
#2761=CARTESIAN_POINT('',(-0.0305790513284137,0.115378363614922,-0.00741671971459971));
#2762=CARTESIAN_POINT('',(-0.02888056840812,0.131282412435238,-0.00679860512163783));
#2763=CARTESIAN_POINT('',(-0.0263336123212963,0.155138501722385,-0.00586965289427921));
#2764=CARTESIAN_POINT('',(-0.0229396620281257,0.186946642321511,-0.00462590816524518));
#2765=CARTESIAN_POINT('',(-0.0203953330253187,0.210802752393907,-0.00368997065543552));
#2766=CARTESIAN_POINT('',(-0.0178522906802138,0.234658857918367,-0.00275022477667799));
#2767=CARTESIAN_POINT('',(-0.0144634992737851,0.266466967603884,-0.00149087896881311));
#2768=CARTESIAN_POINT('',(-0.0119243537866062,0.290322981800862,-0.000537566126678469));
#2769=CARTESIAN_POINT('',(-0.0102328450790928,0.306226885347476,0.000104347954714249));
#2770=CARTESIAN_POINT('',(-0.0317676725331702,0.115380136874815,-0.00520571055476014));
#2771=CARTESIAN_POINT('',(-0.0300119802713123,0.131284122302996,-0.00466489217476633));
#2772=CARTESIAN_POINT('',(-0.0273789252345172,0.155140120805067,-0.0038526386942492));
#2773=CARTESIAN_POINT('',(-0.0238695211275262,0.186948170183455,-0.00276665003484068));
#2774=CARTESIAN_POINT('',(-0.0212382609701223,0.210804235914229,-0.00195033311280125));
#2775=CARTESIAN_POINT('',(-0.0186079421727668,0.23466033349586,-0.00113178186896552));
#2776=CARTESIAN_POINT('',(-0.0151023671636714,0.266468509426316,-3.66139401478795E-05));
#2777=CARTESIAN_POINT('',(-0.0124752312644983,0.290324697245472,0.000790020127209962));
#2778=CARTESIAN_POINT('',(-0.0107251635303529,0.306228844414801,0.00134505135615798));
#2779=CARTESIAN_POINT('',(-0.0327137525798341,0.115381051452946,-0.00340754583736871));
#2780=CARTESIAN_POINT('',(-0.0309164896547263,0.13128494761829,-0.00293388835035626));
#2781=CARTESIAN_POINT('',(-0.0282207935712001,0.155140802967307,-0.00222300329878049));
#2782=CARTESIAN_POINT('',(-0.0246271007566056,0.18694864128757,-0.00127399176034616));
#2783=CARTESIAN_POINT('',(-0.0219321761965482,0.210804538718627,-0.00056151854128511));
#2784=CARTESIAN_POINT('',(-0.0192376706440416,0.234660458560708,0.000151831830443105));
#2785=CARTESIAN_POINT('',(-0.0156456950852192,0.266468388303942,0.001104452320891));
#2786=CARTESIAN_POINT('',(-0.012952680527212,0.290324385569369,0.00182100056380198));
#2787=CARTESIAN_POINT('',(-0.0111580434265728,0.306228418149536,0.00230028793808805));
#2788=CARTESIAN_POINT('',(-0.0334371713344958,0.115381367579765,-0.00201185010356341));
#2789=CARTESIAN_POINT('',(-0.0316107173982071,0.131285207917764,-0.00159184544670343));
#2790=CARTESIAN_POINT('',(-0.0288710764379697,0.155140972108885,-0.00096177047292989));
#2791=CARTESIAN_POINT('',(-0.0252183496572862,0.186948669705992,-0.000121469699883459));
#2792=CARTESIAN_POINT('',(-0.0224788869776522,0.210804450718071,0.000508879793647679));
#2793=CARTESIAN_POINT('',(-0.0197395302526067,0.234660241861444,0.00113938224741454));
#2794=CARTESIAN_POINT('',(-0.0160872463336034,0.266467981930168,0.00198031316412439));
#2795=CARTESIAN_POINT('',(-0.0133483140798798,0.290323814325107,0.00261137894088899));
#2796=CARTESIAN_POINT('',(-0.011522605801009,0.306227727148987,0.00303237308673104));
#2797=CARTESIAN_POINT('',(-0.0340405321737954,0.11538157268051,-0.000831794120788238));
#2798=CARTESIAN_POINT('',(-0.0321907507401296,0.131285299013782,-0.000460349221195393));
#2799=CARTESIAN_POINT('',(-0.029415832012222,0.155140870957521,9.63524490750741E-05));
#2800=CARTESIAN_POINT('',(-0.0257152009744778,0.186948246840774,0.000837255729377699));
#2801=CARTESIAN_POINT('',(-0.0229392672622432,0.210803745259906,0.00139209360167601));
#2802=CARTESIAN_POINT('',(-0.0201627601240084,0.234659201661972,0.00194589868495679));
#2803=CARTESIAN_POINT('',(-0.016459758058993,0.266466403364612,0.00268255036984209));
#2804=CARTESIAN_POINT('',(-0.0136810952678631,0.290321699390397,0.00323257512713711));
#2805=CARTESIAN_POINT('',(-0.0118275222097668,0.306225143668943,0.00359736923997956));
#2806=CARTESIAN_POINT('',(-0.0343890684864542,0.115381364661272,-0.000146649887234548));
#2807=CARTESIAN_POINT('',(-0.0325273081070604,0.131285108999961,0.000198401157800146));
#2808=CARTESIAN_POINT('',(-0.0297344822100862,0.155140711421603,0.000715625876737549));
#2809=CARTESIAN_POINT('',(-0.0260101603217165,0.186948138765861,0.00140422733249176));
#2810=CARTESIAN_POINT('',(-0.023216574501229,0.210803682667569,0.00192004434521052));
#2811=CARTESIAN_POINT('',(-0.0204225604640657,0.234659193303455,0.00243508147971654));
#2812=CARTESIAN_POINT('',(-0.0166964689749311,0.266466482906569,0.00312047257294878));
#2813=CARTESIAN_POINT('',(-0.0139008507119288,0.290321867449085,0.0036326558308885));
#2814=CARTESIAN_POINT('',(-0.0120362684213122,0.306225390007582,0.00397268567126899));
#2815=CARTESIAN_POINT('',(-0.0345639786710633,0.115381322086222,0.000196526311360658));
#2816=CARTESIAN_POINT('',(-0.0326959234257302,0.131285059582189,0.000528018053594754));
#2817=CARTESIAN_POINT('',(-0.0298936430319317,0.155140650500859,0.00102488102052006));
#2818=CARTESIAN_POINT('',(-0.0261566782234494,0.186948058738763,0.00168626655597667));
#2819=CARTESIAN_POINT('',(-0.0233535870988575,0.21080358594474,0.00218163046710404));
#2820=CARTESIAN_POINT('',(-0.0205500388279859,0.234659076915828,0.00267616384347713));
#2821=CARTESIAN_POINT('',(-0.0168111845942997,0.266466335103135,0.00333413046214272));
#2822=CARTESIAN_POINT('',(-0.0140059222163531,0.290321688640772,0.00382562439145689));
#2823=CARTESIAN_POINT('',(-0.012134851828035,0.306225184413683,0.00415176851946936));
#2824=CARTESIAN_POINT('',(-0.0342610042732676,0.116513005905196,-0.000113628099883985));
#2825=CARTESIAN_POINT('',(-0.0267887317575575,0.179271014626197,0.00100172035178647));
#2826=CARTESIAN_POINT('',(-0.0193832031672847,0.242034341951458,0.00225950868341962));
#2827=CARTESIAN_POINT('',(-0.012012143922792,0.3048,0.00359600336145187));
#2828=CARTESIAN_POINT('',(-0.0342612966155111,0.116511253770208,-0.000113347533011671));
#2829=CARTESIAN_POINT('',(-0.0117643690096805,0.116450949754088,-0.0328990937556864));
#2830=CARTESIAN_POINT('',(-0.0130515777024964,0.116456517402028,-0.0318570889049035));
#2831=CARTESIAN_POINT('',(-0.01548613469464,0.11646774936886,-0.0295537078640506));
#2832=CARTESIAN_POINT('',(-0.0198364201067253,0.11648651616357,-0.0244880195839654));
#2833=CARTESIAN_POINT('',(-0.0245859893729437,0.116502366138731,-0.0176202122825504));
#2834=CARTESIAN_POINT('',(-0.0296545507205299,0.116511593287768,-0.00898825920945636));
#2835=CARTESIAN_POINT('',(-0.0327475733094321,0.116513270304419,-0.00308390360886488));
#2836=CARTESIAN_POINT('',(-0.0342610042732676,0.116513005905196,-0.000113628099883962));
#2837=CARTESIAN_POINT('',(-0.0344404749230139,0.11537606110132,-0.000252169705870723));
#2838=CARTESIAN_POINT('',(-0.0335107192786202,0.123281304761545,-0.000160493494815378));
#2839=CARTESIAN_POINT('',(-0.0321070935243264,0.135138140058764,-2.57994493401927E-05));
#2840=CARTESIAN_POINT('',(-0.0302961473234177,0.150286383205322,0.00014835815011855));
#2841=CARTESIAN_POINT('',(-0.0291085129385484,0.160164827646966,0.000264087753980521));
#2842=CARTESIAN_POINT('',(-0.0281544037294758,0.168067054388883,0.000358693765081402));
#2843=CARTESIAN_POINT('',(-0.0273569167010221,0.174651918918457,0.000439106111706354));
#2844=CARTESIAN_POINT('',(-0.0265575148337404,0.181236519188929,0.000521008764266787));
#2845=CARTESIAN_POINT('',(-0.0255957555565246,0.189137690717255,0.00062154356477763));
#2846=CARTESIAN_POINT('',(-0.0243900240035486,0.199013643117959,0.000751103021963017));
#2847=CARTESIAN_POINT('',(-0.0230194116371843,0.210205767776607,0.000903622764500623));
#2848=CARTESIAN_POINT('',(-0.0214027755088882,0.223372309478168,0.00109052341035814));
#2849=CARTESIAN_POINT('',(-0.0194584375325148,0.239171406762554,0.00132515093803916));
#2850=CARTESIAN_POINT('',(-0.0160496492630953,0.266818599726462,0.00175790393070393));
#2851=CARTESIAN_POINT('',(-0.0132860750349745,0.289198512276687,0.00213867508067969));
#2852=CARTESIAN_POINT('',(-0.0113370568624764,0.30499608185192,0.00241802023629179));
#2853=CARTESIAN_POINT('',(-0.0343662281233638,0.115373857141767,-5.22004916070396E-05));
#2854=CARTESIAN_POINT('',(-0.0334462602578441,0.123279100671164,4.33146408096373E-05));
#2855=CARTESIAN_POINT('',(-0.0320573199448278,0.13513594848765,0.000183775813794659));
#2856=CARTESIAN_POINT('',(-0.0302651507619932,0.150284229465262,0.000365309230793449));
#2857=CARTESIAN_POINT('',(-0.0290897674196219,0.160162706273947,0.000485849667335032));
#2858=CARTESIAN_POINT('',(-0.0281454623089642,0.168064963282075,0.000584303624515858));
#2859=CARTESIAN_POINT('',(-0.0273561473248329,0.174649855489716,0.000667921655286134));
#2860=CARTESIAN_POINT('',(-0.0265649190515717,0.181234485294727,0.000753028931230437));
#2861=CARTESIAN_POINT('',(-0.0256129700420306,0.189135694514774,0.000857407492557365));
#2862=CARTESIAN_POINT('',(-0.0244195039609791,0.19901169691473,0.000991768282636749));
#2863=CARTESIAN_POINT('',(-0.0230627952038761,0.210203881039205,0.00114972433906166));
#2864=CARTESIAN_POINT('',(-0.0214625184440782,0.22337049466477,0.00134301369838597));
#2865=CARTESIAN_POINT('',(-0.0195378131265022,0.23916967908661,0.0015852981819893));
#2866=CARTESIAN_POINT('',(-0.0161633813912576,0.266817021947675,0.00203143149193637));
#2867=CARTESIAN_POINT('',(-0.0134276139916839,0.289197046174897,0.00242301037712418));
#2868=CARTESIAN_POINT('',(-0.0114982195247552,0.304994686939102,0.00270997902645645));
#2869=CARTESIAN_POINT('',(-0.03426453734486,0.115370775299076,0.000221484155468844));
#2870=CARTESIAN_POINT('',(-0.0333580734685608,0.123276040341781,0.000322009542553816));
#2871=CARTESIAN_POINT('',(-0.0319893526912104,0.135132934614432,0.000469931083185646));
#2872=CARTESIAN_POINT('',(-0.0302229200364857,0.150281292619513,0.000660955746016124));
#2873=CARTESIAN_POINT('',(-0.0290642809585779,0.16015982480624,0.000787683167273141));
#2874=CARTESIAN_POINT('',(-0.02813334609768,0.168062128550809,0.000891091385027823));
#2875=CARTESIAN_POINT('',(-0.0273551579739153,0.174647060855961,0.000978843917511301));
#2876=CARTESIAN_POINT('',(-0.0265750447360285,0.181231731499471,0.00106809238315932));
#2877=CARTESIAN_POINT('',(-0.0256364188573036,0.189132990453792,0.00117745159359309));
#2878=CARTESIAN_POINT('',(-0.0244595865083028,0.199009055616807,0.00131805926255579));
#2879=CARTESIAN_POINT('',(-0.0231217080884956,0.210201310889056,0.00148312750126488));
#2880=CARTESIAN_POINT('',(-0.0215435671783353,0.223368007297568,0.0016848272941616));
#2881=CARTESIAN_POINT('',(-0.0196454122911838,0.239167288815952,0.00193726312173504));
#2882=CARTESIAN_POINT('',(-0.0163174432407264,0.266814794622517,0.00240128070951241));
#2883=CARTESIAN_POINT('',(-0.0136193221627736,0.289194938036888,0.00280748449026745));
#2884=CARTESIAN_POINT('',(-0.0117165333243633,0.304992655911954,0.00310480988967628));
#2885=CARTESIAN_POINT('',(-0.0341369921189112,0.115367084215329,0.000565249464768797));
#2886=CARTESIAN_POINT('',(-0.0332471784705618,0.123272313494034,0.000672772642948832));
#2887=CARTESIAN_POINT('',(-0.0319035076902452,0.135129181369257,0.000831315053349984));
#2888=CARTESIAN_POINT('',(-0.0301692946403758,0.150277563354376,0.00103600464541609));
#2889=CARTESIAN_POINT('',(-0.0290317547770615,0.160156133282722,0.00117165072363423));
#2890=CARTESIAN_POINT('',(-0.028117753265175,0.168058480575526,0.00128218332494086));
#2891=CARTESIAN_POINT('',(-0.0273537085222096,0.174643457025256,0.00137585938731716));
#2892=CARTESIAN_POINT('',(-0.0265877640808977,0.181228177958766,0.00147101624756833));
#2893=CARTESIAN_POINT('',(-0.0256661728033943,0.189129504986317,0.00158744012193448));
#2894=CARTESIAN_POINT('',(-0.0245106770288138,0.199005665692577,0.00173683088885442));
#2895=CARTESIAN_POINT('',(-0.023197025471854,0.210198040303435,0.00191177988193253));
#2896=CARTESIAN_POINT('',(-0.0216474238278916,0.223364886378325,0.00212500617632608));
#2897=CARTESIAN_POINT('',(-0.0197835420833941,0.239164354416884,0.00239114027499928));
#2898=CARTESIAN_POINT('',(-0.0165155492652604,0.266812187692462,0.0028788585348259));
#2899=CARTESIAN_POINT('',(-0.0138659029622754,0.289192578604325,0.00330391397746439));
#2900=CARTESIAN_POINT('',(-0.011997261356684,0.304990452365748,0.00361447047425554));
#2901=CARTESIAN_POINT('',(-0.0340313042784648,0.1153633165938,0.000848272364810137));
#2902=CARTESIAN_POINT('',(-0.0331564196770224,0.123268767541074,0.000958738345291565));
#2903=CARTESIAN_POINT('',(-0.0318347220195915,0.135125952597512,0.0011210259273048));
#2904=CARTESIAN_POINT('',(-0.0301274160712292,0.150274645481291,0.00132999696651664));
#2905=CARTESIAN_POINT('',(-0.0290069474574708,0.1601533738942,0.00146839941078899));
#2906=CARTESIAN_POINT('',(-0.0281063055824409,0.168055817847953,0.00158119409867536));
#2907=CARTESIAN_POINT('',(-0.0273532162736021,0.174640855718888,0.00167682778576852));
#2908=CARTESIAN_POINT('',(-0.0265980873442855,0.181225622306222,0.00177402380365689));
#2909=CARTESIAN_POINT('',(-0.0256892982097527,0.189126983275094,0.00189303148501766));
#2910=CARTESIAN_POINT('',(-0.0245495663372666,0.199003156244497,0.00204590895259861));
#2911=CARTESIAN_POINT('',(-0.0232535297222615,0.210195509747755,0.00222520468967075));
#2912=CARTESIAN_POINT('',(-0.0217244456612287,0.223362296924823,0.00244407169785297));
#2913=CARTESIAN_POINT('',(-0.0198850383939753,0.23916166098277,0.00271769321538204));
#2914=CARTESIAN_POINT('',(-0.0166598764601291,0.266809273683066,0.00321997461636355));
#2915=CARTESIAN_POINT('',(-0.0140453143010611,0.289189477627299,0.00365862066833592));
#2916=CARTESIAN_POINT('',(-0.0122018195762759,0.304987243760059,0.00397918002695522));
#2917=CARTESIAN_POINT('',(-0.0338830263961011,0.115358170550284,0.00123750898549994));
#2918=CARTESIAN_POINT('',(-0.033029114700901,0.123263854083197,0.00135278169964623));
#2919=CARTESIAN_POINT('',(-0.0317384439113254,0.135121384740178,0.00152149911125315));
#2920=CARTESIAN_POINT('',(-0.0300694932054697,0.150270433182763,0.00173806188331987));
#2921=CARTESIAN_POINT('',(-0.0289735053492189,0.160149350091578,0.00188135798670241));
#2922=CARTESIAN_POINT('',(-0.0280921135280281,0.1680519143641,0.00199812467887757));
#2923=CARTESIAN_POINT('',(-0.027354866243537,0.174637032805247,0.00209714742333526));
#2924=CARTESIAN_POINT('',(-0.0266154222695043,0.181221863592782,0.00219782282840664));
#2925=CARTESIAN_POINT('',(-0.0257252573052568,0.18912327986557,0.00232115884831099));
#2926=CARTESIAN_POINT('',(-0.0246085398209137,0.19899949037238,0.00247973666136116));
#2927=CARTESIAN_POINT('',(-0.0233383116433184,0.210191849635004,0.00266593976491375));
#2928=CARTESIAN_POINT('',(-0.0218393728482297,0.223358607839865,0.00289352745080152));
#2929=CARTESIAN_POINT('',(-0.0200359980684686,0.239157902372085,0.00317841977488696));
#2930=CARTESIAN_POINT('',(-0.0168739477233662,0.266805353582591,0.00370204555419567));
#2931=CARTESIAN_POINT('',(-0.0143110080632367,0.289185418448657,0.0041599338176534));
#2932=CARTESIAN_POINT('',(-0.0125043903017444,0.30498311045967,0.00449449185408492));
#2933=CARTESIAN_POINT('',(-0.0336458710068205,0.115349758161699,0.00184296692517886));
#2934=CARTESIAN_POINT('',(-0.0328263011915404,0.123255820076133,0.00196537034782143));
#2935=CARTESIAN_POINT('',(-0.0315864580959469,0.135113926130304,0.00214333451984365));
#2936=CARTESIAN_POINT('',(-0.0299802013547299,0.150263573600279,0.00237047524218444));
#2937=CARTESIAN_POINT('',(-0.0289241523960912,0.160142808363409,0.00252053209794943));
#2938=CARTESIAN_POINT('',(-0.0280741134846684,0.168045574621754,0.00264279362683172));
#2939=CARTESIAN_POINT('',(-0.0273626349342102,0.174630827457498,0.00274653064130305));
#2940=CARTESIAN_POINT('',(-0.0266486778977882,0.181215764348939,0.00285208041880212));
#2941=CARTESIAN_POINT('',(-0.025788745412113,0.189117270151598,0.00298154071514516));
#2942=CARTESIAN_POINT('',(-0.0247093506667399,0.198993537608735,0.00314829585308865));
#2943=CARTESIAN_POINT('',(-0.0234809459652356,0.210185898087302,0.00334457249576016));
#2944=CARTESIAN_POINT('',(-0.0220308513901096,0.223352597238806,0.00358508088473705));
#2945=CARTESIAN_POINT('',(-0.0202858855357528,0.239151763704685,0.0038869176053539));
#2946=CARTESIAN_POINT('',(-0.0172262634646374,0.266798930182197,0.00444305050865728));
#2947=CARTESIAN_POINT('',(-0.0147473351480871,0.28917876238952,0.00493063437149779));
#2948=CARTESIAN_POINT('',(-0.0130008137958083,0.304976334344087,0.00528680657384543));
#2949=CARTESIAN_POINT('',(-0.0333075091259608,0.115337558070387,0.00267065433308462));
#2950=CARTESIAN_POINT('',(-0.0325383341719364,0.12324410542904,0.00280266177505237));
#2951=CARTESIAN_POINT('',(-0.0313732634902007,0.135102992022561,0.00299270463174916));
#2952=CARTESIAN_POINT('',(-0.0298592590774662,0.150253486100594,0.00323308925191456));
#2953=CARTESIAN_POINT('',(-0.0288619386972839,0.160133179224301,0.00339147827813021));
#2954=CARTESIAN_POINT('',(-0.0280579626541345,0.168036241163375,0.00352050422944527));
#2955=CARTESIAN_POINT('',(-0.0273843227302001,0.174621692485152,0.00363007629644259));
#2956=CARTESIAN_POINT('',(-0.0267077764137015,0.181206787482283,0.00374169872587918));
#2957=CARTESIAN_POINT('',(-0.0258921991917168,0.189108429574623,0.00387886141751756));
#2958=CARTESIAN_POINT('',(-0.0248675418415485,0.198984790143925,0.00405605504827854));
#2959=CARTESIAN_POINT('',(-0.0237004892895542,0.210177167082418,0.00426541907629184));
#2960=CARTESIAN_POINT('',(-0.0223221041764065,0.223343802313486,0.00452297446664064));
#2961=CARTESIAN_POINT('',(-0.0206630061159244,0.239142816805177,0.00484745752479307));
#2962=CARTESIAN_POINT('',(-0.0177542651508996,0.266789647805551,0.00544745695039353));
#2963=CARTESIAN_POINT('',(-0.0153994848470732,0.289169227540905,0.00597536215581757));
#2964=CARTESIAN_POINT('',(-0.013741820077413,0.304966685178491,0.00636076552014914));
#2965=CARTESIAN_POINT('',(-0.0327912916749401,0.115318605442259,0.00386213516995584));
#2966=CARTESIAN_POINT('',(-0.0321016493063404,0.123225773637919,0.00400731976291632));
#2967=CARTESIAN_POINT('',(-0.0310550229874968,0.135085760052419,0.00421299580275533));
#2968=CARTESIAN_POINT('',(-0.0296871268837418,0.150237535748221,0.0044689606629046));
#2969=CARTESIAN_POINT('',(-0.0287826854019453,0.160117942996854,0.00463679759971671));
#2970=CARTESIAN_POINT('',(-0.0280514501422592,0.168021473182428,0.00477344501188422));
#2971=CARTESIAN_POINT('',(-0.0274374685266675,0.174607245768758,0.00488966047393477));
#2972=CARTESIAN_POINT('',(-0.0268198303788512,0.181192602945547,0.00500833687478219));
#2973=CARTESIAN_POINT('',(-0.0260740429027563,0.189094476979134,0.00515470881301561));
#2974=CARTESIAN_POINT('',(-0.0251354853668956,0.198971005259528,0.00534482689900467));
#2975=CARTESIAN_POINT('',(-0.0240649393677128,0.210163437089355,0.00557101993065005));
#2976=CARTESIAN_POINT('',(-0.0227994704233802,0.223330016213161,0.00585122939188378));
#2977=CARTESIAN_POINT('',(-0.0212758618553059,0.23912886134024,0.00620660165634566));
#2978=CARTESIAN_POINT('',(-0.0186059218871505,0.266775322782159,0.00686753292818996));
#2979=CARTESIAN_POINT('',(-0.0164485488756482,0.289154672285877,0.00745207397457456));
#2980=CARTESIAN_POINT('',(-0.0149322582276402,0.30495206228308,0.0078782701883646));
#2981=CARTESIAN_POINT('',(-0.0320621161426592,0.115291475245991,0.00541203831767512));
#2982=CARTESIAN_POINT('',(-0.031489260036874,0.123199213319501,0.0055727539271858));
#2983=CARTESIAN_POINT('',(-0.0306176455828307,0.135060479255489,0.00579483473116922));
#2984=CARTESIAN_POINT('',(-0.0294658264699032,0.150213979586864,0.0060630726041964));
#2985=CARTESIAN_POINT('',(-0.0286984095929955,0.160095416235904,0.00623716281660921));
#2986=CARTESIAN_POINT('',(-0.0280741172455014,0.167999657982725,0.006378802531926));
#2987=CARTESIAN_POINT('',(-0.0275477192400849,0.174585924617372,0.00649968546577134));
#2988=CARTESIAN_POINT('',(-0.0270164848827513,0.181171687475453,0.00662364260568401));
#2989=CARTESIAN_POINT('',(-0.0263728475187215,0.189073938783777,0.00677748557922008));
#2990=CARTESIAN_POINT('',(-0.0255600445118601,0.198950785357672,0.0069794087549055));
#2991=CARTESIAN_POINT('',(-0.0246305518809833,0.210143394379386,0.00722282878401901));
#2992=CARTESIAN_POINT('',(-0.0235305350591332,0.223310021854843,0.00752808418245216));
#2993=CARTESIAN_POINT('',(-0.0222061949910004,0.239108805664714,0.00791945879007098));
#2994=CARTESIAN_POINT('',(-0.0198891919909014,0.266755116819811,0.00865371265205754));
#2995=CARTESIAN_POINT('',(-0.0180254940653127,0.28913449415818,0.00930738404306027));
#2996=CARTESIAN_POINT('',(-0.0167195074006225,0.304932011956257,0.00978268262535773));
#2997=CARTESIAN_POINT('',(-0.0309228997447918,0.115249394344338,0.00757883311740634));
#2998=CARTESIAN_POINT('',(-0.0305390756330433,0.123157223746107,0.00775665915165632));
#2999=CARTESIAN_POINT('',(-0.0299538810726894,0.135019599846671,0.00799208909300559));
#3000=CARTESIAN_POINT('',(-0.0291564875130481,0.150175461943778,0.00825731710302685));
#3001=CARTESIAN_POINT('',(-0.028613109491147,0.160058483028589,0.00842506527826206));
#3002=CARTESIAN_POINT('',(-0.0281630963417587,0.167963876388556,0.00856062342593673));
#3003=CARTESIAN_POINT('',(-0.0277784807082582,0.174551036623015,0.00867687487257071));
#3004=CARTESIAN_POINT('',(-0.0273863274557148,0.181137620922391,0.00879765975839118));
#3005=CARTESIAN_POINT('',(-0.0269068830403589,0.189040688236089,0.00895064990899305));
#3006=CARTESIAN_POINT('',(-0.0262965381324757,0.19891825861335,0.00915655211993596));
#3007=CARTESIAN_POINT('',(-0.025594277282067,0.210111420780576,0.00941196422612266));
#3008=CARTESIAN_POINT('',(-0.0247618292850615,0.223278506048729,0.00974074428342451));
#3009=CARTESIAN_POINT('',(-0.0237619338685564,0.239077714958634,0.010171244239017));
#3010=CARTESIAN_POINT('',(-0.022024152485063,0.26672477654388,0.010990458627008));
#3011=CARTESIAN_POINT('',(-0.0206463423656436,0.289104969536599,0.0117253038213581));
#3012=CARTESIAN_POINT('',(-0.0196876351694821,0.304903123639016,0.0122564405230991));
#3013=CARTESIAN_POINT('',(-0.0294103317357884,0.115196642057594,0.0100392149173957));
#3014=CARTESIAN_POINT('',(-0.0292832248807627,0.123102872832467,0.0102251624835895));
#3015=CARTESIAN_POINT('',(-0.0290938353977402,0.134964277174301,0.0104568651836912));
#3016=CARTESIAN_POINT('',(-0.0287925854733823,0.150121723157197,0.0106749772219514));
#3017=CARTESIAN_POINT('',(-0.0285607314474224,0.160006679615578,0.0107986725393661));
#3018=CARTESIAN_POINT('',(-0.0283490663641581,0.167913971471682,0.0108972027015994));
#3019=CARTESIAN_POINT('',(-0.0281578054109328,0.174502584568579,0.0109846865453365));
#3020=CARTESIAN_POINT('',(-0.0279552244773906,0.18109044428861,0.0110783890732003));
#3021=CARTESIAN_POINT('',(-0.0276971420507938,0.188994979482657,0.0112023777460693));
#3022=CARTESIAN_POINT('',(-0.0273563965641474,0.198874376656649,0.011383194741128));
#3023=CARTESIAN_POINT('',(-0.0269591245123041,0.210069325126121,0.0116271020989746));
#3024=CARTESIAN_POINT('',(-0.0264911433656456,0.223238198530785,0.0119590026709282));
#3025=CARTESIAN_POINT('',(-0.0259398281246381,0.239039331868201,0.0124094746597773));
#3026=CARTESIAN_POINT('',(-0.0250130294067151,0.266689578459168,0.0132819852546591));
#3027=CARTESIAN_POINT('',(-0.0243208290181106,0.289072115603121,0.0140662576041535));
#3028=CARTESIAN_POINT('',(-0.0238492194863029,0.304871730167734,0.0146271603662736));
#3029=CARTESIAN_POINT('',(-0.0270781111334086,0.115128403568723,0.0131893027111608));
#3030=CARTESIAN_POINT('',(-0.0273390643278247,0.12302976079123,0.0133558269084965));
#3031=CARTESIAN_POINT('',(-0.0277611717970793,0.134883518054573,0.0135496947392443));
#3032=CARTESIAN_POINT('',(-0.0282496043801789,0.150038440776994,0.0136219760016362));
#3033=CARTESIAN_POINT('',(-0.0285137385238441,0.159924594547044,0.0136149754070426));
#3034=CARTESIAN_POINT('',(-0.0286786017639442,0.16783411139733,0.0135896273838059));
#3035=CARTESIAN_POINT('',(-0.0287792687512517,0.174426024554042,0.0135694400215478));
#3036=CARTESIAN_POINT('',(-0.0288512905720686,0.181018175337893,0.013565531785829));
#3037=CARTESIAN_POINT('',(-0.0289132947206228,0.188927820042544,0.0135958721293969));
#3038=CARTESIAN_POINT('',(-0.0289740342047917,0.198812408625905,0.0136895282373908));
#3039=CARTESIAN_POINT('',(-0.0290381807251338,0.210012612028898,0.013868856901869));
#3040=CARTESIAN_POINT('',(-0.0291353811305753,0.223187139646232,0.0141585489280177));
#3041=CARTESIAN_POINT('',(-0.0292976959694272,0.238994167272933,0.0145810751412988));
#3042=CARTESIAN_POINT('',(-0.0296773624040818,0.266652742020915,0.015409504026924));
#3043=CARTESIAN_POINT('',(-0.0300841474429626,0.289039603697498,0.0161388526992559));
#3044=CARTESIAN_POINT('',(-0.0303854424175998,0.304841718437317,0.0166520411902066));
#3045=CARTESIAN_POINT('',(-0.0252111700314191,0.115094277839372,0.0151471448203151));
#3046=CARTESIAN_POINT('',(-0.025762080766027,0.122991453182712,0.0152576319825563));
#3047=CARTESIAN_POINT('',(-0.0266264791093467,0.134835144949515,0.0153974958515303));
#3048=CARTESIAN_POINT('',(-0.0277667224563768,0.149974229799486,0.0153158525192139));
#3049=CARTESIAN_POINT('',(-0.0284531857079065,0.159856004297637,0.0151129065804109));
#3050=CARTESIAN_POINT('',(-0.0289037401625401,0.167768843976271,0.01489812473033));
#3051=CARTESIAN_POINT('',(-0.0292177750167438,0.174365077095474,0.0147289356769954));
#3052=CARTESIAN_POINT('',(-0.0294878522763656,0.180962017983343,0.0145818446060119));
#3053=CARTESIAN_POINT('',(-0.0297576104443838,0.188879476838487,0.0144586834864167));
#3054=CARTESIAN_POINT('',(-0.0300632945135084,0.19877615245731,0.0144345591873195));
#3055=CARTESIAN_POINT('',(-0.0304634627701152,0.209987469518292,0.014554039618635));
#3056=CARTESIAN_POINT('',(-0.0310245994715721,0.223170686257496,0.0147873804915705));
#3057=CARTESIAN_POINT('',(-0.0317919041214419,0.238984016474287,0.015125203902979));
#3058=CARTESIAN_POINT('',(-0.0332597908067575,0.266648837707578,0.0157581851486769));
#3059=CARTESIAN_POINT('',(-0.0345475039742912,0.289037458073152,0.0162888186267752));
#3060=CARTESIAN_POINT('',(-0.0354635274227994,0.304840744658404,0.0166597922302282));
#3061=CARTESIAN_POINT('',(-0.0239723228676171,0.115083554324864,0.0162619311905585));
#3062=CARTESIAN_POINT('',(-0.0246990738637783,0.122979593943148,0.0163184846393826));
#3063=CARTESIAN_POINT('',(-0.0258156731660802,0.13482157940255,0.0163915680689969));
#3064=CARTESIAN_POINT('',(-0.0273276235165774,0.149949141899204,0.0162508329467367));
#3065=CARTESIAN_POINT('',(-0.0283182962208384,0.15981739152867,0.0159607124690097));
#3066=CARTESIAN_POINT('',(-0.0290017876276626,0.16772386628245,0.0155442383998122));
#3067=CARTESIAN_POINT('',(-0.0294201009095597,0.174325981195346,0.0151570282866428));
#3068=CARTESIAN_POINT('',(-0.0297225696602303,0.180936922667365,0.0148386225118571));
#3069=CARTESIAN_POINT('',(-0.0300305229168374,0.188872202597089,0.0146317995593529));
#3070=CARTESIAN_POINT('',(-0.030500107139138,0.198780900491756,0.0145991357422559));
#3071=CARTESIAN_POINT('',(-0.0311744674092213,0.209996850576391,0.0146925317172704));
#3072=CARTESIAN_POINT('',(-0.032082008036959,0.223181614738485,0.0148583732443425));
#3073=CARTESIAN_POINT('',(-0.0332640421998432,0.238995067137085,0.0150845704377104));
#3074=CARTESIAN_POINT('',(-0.0354382297378397,0.266659476703667,0.015493406971935));
#3075=CARTESIAN_POINT('',(-0.0372777850306451,0.289047714357946,0.0158262845515447));
#3076=CARTESIAN_POINT('',(-0.0385805948674755,0.304850851312575,0.0160585123166993));
#3077=CARTESIAN_POINT('',(-0.0385763095541045,0.304799999980294,0.0160577802497736));
#3078=CARTESIAN_POINT('',(-0.0372552421780446,0.289124005906945,0.0158321101107795));
#3079=CARTESIAN_POINT('',(-0.0352804517623731,0.265609407054629,0.0154915994328651));
#3080=CARTESIAN_POINT('',(-0.0327158193613364,0.234251433582146,0.0150189242812655));
#3081=CARTESIAN_POINT('',(-0.0308568754936229,0.210727552798275,0.0146464615168516));
#3082=CARTESIAN_POINT('',(-0.0293144002819373,0.187182602638467,0.0141880366375924));
#3083=CARTESIAN_POINT('',(-0.028509064948139,0.163604530278162,0.0135138350624448));
#3084=CARTESIAN_POINT('',(-0.0281555486839261,0.140026606480503,0.0126930600714913));
#3085=CARTESIAN_POINT('',(-0.0281222194595518,0.124307895062777,0.0120846018538417));
#3086=CARTESIAN_POINT('',(-0.0281428328296713,0.116448419739609,0.0117719488405177));
#3087=CARTESIAN_POINT('',(-0.0281428328296713,0.116448419739609,0.0117719488405177));
#3088=CARTESIAN_POINT('',(-0.0293317428944125,0.11641666666667,0.0100739790734176));
#3089=CARTESIAN_POINT('',(-0.0303721619979267,0.116433804265835,0.00849588374683939));
#3090=CARTESIAN_POINT('',(-0.0322233807303807,0.116468821569242,0.00518065031662889));
#3091=CARTESIAN_POINT('',(-0.0336148051119722,0.116496099799728,0.00166395704541572));
#3092=CARTESIAN_POINT('',(-0.0342617134510087,0.116505997365246,-0.000113409008543498));
#3093=CARTESIAN_POINT('',(-0.029331742894424,0.116416666665791,0.0100739790734));
#3094=CARTESIAN_POINT('',(-0.0293317428944125,0.116416666666669,0.0100739790734176));
#3095=CARTESIAN_POINT('',(-0.0289513440613002,0.116410404956276,0.0106509635008878));
#3096=CARTESIAN_POINT('',(-0.0285541626203941,0.116404210620588,0.0112183581226793));
#3097=CARTESIAN_POINT('',(-0.0281411116138025,0.116398309027795,0.011772442391226));
#3098=CARTESIAN_POINT('',(-0.0281411116138025,0.116398309027794,0.011772442391226));
#3099=CARTESIAN_POINT('',(-0.0281428328296713,0.116448419739609,0.0117719488405177));
#3100=CARTESIAN_POINT('',(-0.0281422597332476,0.116431716145132,0.0117721131732728));
#3101=CARTESIAN_POINT('',(-0.0281416859948391,0.116415012574519,0.011772277690114));
#3102=CARTESIAN_POINT('',(-0.0281411116138025,0.116398309027794,0.0117724423912259));
#3103=CARTESIAN_POINT('',(-0.0223794313231845,0.115316443840268,0.0133808961314889));
#3104=CARTESIAN_POINT('',(-0.0250880175882722,0.147118044991386,0.013831795196854));
#3105=CARTESIAN_POINT('',(-0.0289290054492827,0.192170002295256,0.0144696691269808));
#3106=CARTESIAN_POINT('',(-0.0343675379530075,0.25577145135818,0.0153675658471248));
#3107=CARTESIAN_POINT('',(-0.0370946821186641,0.287571523698415,0.0158154642292451));
#3108=CARTESIAN_POINT('',(-0.0386898324871761,0.306121205432627,0.0160763817862845));
#3109=CARTESIAN_POINT('',(-0.0275166833456104,0.115319024971371,0.0119060264952627));
#3110=CARTESIAN_POINT('',(-0.0298830214388015,0.14712245636299,0.0125069736989636));
#3111=CARTESIAN_POINT('',(-0.0332337032943189,0.192177484043307,0.0133583797397532));
#3112=CARTESIAN_POINT('',(-0.0379573548865441,0.255785380834675,0.0145590361908493));
#3113=CARTESIAN_POINT('',(-0.0403159916900623,0.287589750213021,0.0151581947964995));
#3114=CARTESIAN_POINT('',(-0.0416900820144202,0.306142559839166,0.0155064050947338));
#3115=CARTESIAN_POINT('',(-0.036324554987928,0.115314053404381,0.00938367630899439));
#3116=CARTESIAN_POINT('',(-0.0380694291926314,0.147119478026294,0.0100669277690194));
#3117=CARTESIAN_POINT('',(-0.0405320174377329,0.192177768271813,0.0110384172530005));
#3118=CARTESIAN_POINT('',(-0.0439681300004738,0.255791745054325,0.0124274310571381));
#3119=CARTESIAN_POINT('',(-0.0456652658250648,0.287599797738493,0.0131318131099531));
#3120=CARTESIAN_POINT('',(-0.0466432280500849,0.306155014695665,0.0135501203493254));
#3121=CARTESIAN_POINT('',(-0.0488103622810246,0.115285263341866,0.00582316367791187));
#3122=CARTESIAN_POINT('',(-0.0494530221780808,0.147090130343238,0.00625917188755844));
#3123=CARTESIAN_POINT('',(-0.0503368034781631,0.192147589311381,0.00689082771239053));
#3124=CARTESIAN_POINT('',(-0.0515095456774512,0.255758699008723,0.00787418646156728));
#3125=CARTESIAN_POINT('',(-0.0520704925600689,0.287564071129096,0.00841550157531172));
#3126=CARTESIAN_POINT('',(-0.0523948734663792,0.306116674100023,0.00875753230054798));
#3127=CARTESIAN_POINT('',(-0.0587330032540812,0.115249580116928,0.00300311302382961));
#3128=CARTESIAN_POINT('',(-0.0582999393643669,0.147051478158921,0.00304873030207066));
#3129=CARTESIAN_POINT('',(-0.0576393147608739,0.192104013142267,0.0031379715692846));
#3130=CARTESIAN_POINT('',(-0.0566135739821066,0.2557061300353,0.0034436862051852));
#3131=CARTESIAN_POINT('',(-0.0560916666864065,0.287506254952802,0.0036897848456962));
#3132=CARTESIAN_POINT('',(-0.0558095956957917,0.306056206914605,0.00386562152635574));
#3133=CARTESIAN_POINT('',(-0.0662728210506409,0.11521583667817,0.000865838516708316));
#3134=CARTESIAN_POINT('',(-0.0648666692978292,0.147013783863334,0.000529395554929153));
#3135=CARTESIAN_POINT('',(-0.0628022413838974,0.192058479802721,8.33310285361419E-05));
#3136=CARTESIAN_POINT('',(-0.0597850438256753,0.255650132174777,-0.000254874324544336));
#3137=CARTESIAN_POINT('',(-0.0583117866184717,0.287448565601677,-0.000293363600138387));
#3138=CARTESIAN_POINT('',(-0.05750105371421,0.305999688478363,-0.000299979748864062));
#3139=CARTESIAN_POINT('',(-0.0707806541864928,0.115193769209878,-0.000410170766462529));
#3140=CARTESIAN_POINT('',(-0.0687324549839734,0.14698889745107,-0.000995384994171352));
#3141=CARTESIAN_POINT('',(-0.0657430753377046,0.192027442589188,-0.00179225539364829));
#3142=CARTESIAN_POINT('',(-0.0614161628506253,0.25561193336332,-0.00255557781589592));
#3143=CARTESIAN_POINT('',(-0.0593204200928211,0.287410994569614,-0.00278868259040071));
#3144=CARTESIAN_POINT('',(-0.0581595454040196,0.305964144496768,-0.00292370324525127));
#3145=CARTESIAN_POINT('',(-0.0730352097894572,0.115182332432034,-0.00104794045803704));
#3146=CARTESIAN_POINT('',(-0.0706496330137696,0.146975917638414,-0.00176076779409534));
#3147=CARTESIAN_POINT('',(-0.0671720679399301,0.192010701744548,-0.00273869707578199));
#3148=CARTESIAN_POINT('',(-0.0621538231561084,0.255591338364059,-0.00370901949206143));
#3149=CARTESIAN_POINT('',(-0.0597366359660308,0.287391863565976,-0.00403658327336024));
#3150=CARTESIAN_POINT('',(-0.0583947164405293,0.305946702948547,-0.0042385579686242));
#3151=CARTESIAN_POINT('',(-0.0743236781170913,0.115175695136553,-0.00141231312286852));
#3152=CARTESIAN_POINT('',(-0.0717413449805935,0.146968400920552,-0.00219906234834713));
#3153=CARTESIAN_POINT('',(-0.067980528882585,0.192001059903796,-0.00328195211921524));
#3154=CARTESIAN_POINT('',(-0.0625615938601961,0.255579500426553,-0.00437877623765093));
#3155=CARTESIAN_POINT('',(-0.0599550356250269,0.287380799075995,-0.00476597891327656));
#3156=CARTESIAN_POINT('',(-0.0585052370405683,0.30593653912569,-0.00500818252838833));
#3157=CARTESIAN_POINT('',(-0.0749679952831196,0.115172342449471,-0.00159448455093647));
#3158=CARTESIAN_POINT('',(-0.0722852407196234,0.146964574873656,-0.00241819845765226));
#3159=CARTESIAN_POINT('',(-0.0683783471068172,0.19199595756666,-0.00355387370159643));
#3160=CARTESIAN_POINT('',(-0.0627524570499491,0.255573228434343,-0.00470659989317696));
#3161=CARTESIAN_POINT('',(-0.0600520218518597,0.287375313431931,-0.00511904673392886));
#3162=CARTESIAN_POINT('',(-0.0585493614836811,0.305931734417631,-0.00538076649862016));
#3163=CARTESIAN_POINT('',(-0.0752901280012901,0.115170660826598,-0.00168555766836401));
#3164=CARTESIAN_POINT('',(-0.0725576788895858,0.146962698960287,-0.00252816578791266));
#3165=CARTESIAN_POINT('',(-0.0685809676191855,0.191993706852579,-0.00369051337139179));
#3166=CARTESIAN_POINT('',(-0.0628567268182163,0.255570483095253,-0.00488371644969925));
#3167=CARTESIAN_POINT('',(-0.0601056693493813,0.287372466528788,-0.00531689236535773));
#3168=CARTESIAN_POINT('',(-0.0585731554062211,0.305928922996985,-0.00558999767966534));
#3169=CARTESIAN_POINT('',(-0.0586531092039695,0.304660822022197,-0.00537056622580881));
#3170=CARTESIAN_POINT('',(-0.0611700336619225,0.273289660196718,-0.00464697433724626));
#3171=CARTESIAN_POINT('',(-0.0660793846498789,0.210535329653079,-0.00328847129272336));
#3172=CARTESIAN_POINT('',(-0.0707755833761038,0.147766551099747,-0.00185065069576343));
#3173=CARTESIAN_POINT('',(-0.0730958441201482,0.116380435674298,-0.00111811972299011));
#3174=CARTESIAN_POINT('',(-0.0730958441201482,0.116380435674298,-0.00111811972299012));
#3175=CARTESIAN_POINT('',(-0.0586531092039695,0.304660822022197,-0.00537056622580881));
#3176=CARTESIAN_POINT('',(-0.0586531092039683,0.304660822022216,-0.00537056622581185));
#3177=CARTESIAN_POINT('',(-0.0586493871029203,0.304707214691957,-0.00537163635026455));
#3178=CARTESIAN_POINT('',(-0.0586456648869218,0.304753607351578,-0.00537270651362427));
#3179=CARTESIAN_POINT('',(-0.058641942566647,0.3048,-0.00537377679979903));
#3180=CARTESIAN_POINT('',(-0.0573404399657299,0.116416666666668,0.00339966971905448));
#3181=CARTESIAN_POINT('',(-0.0476079149598867,0.11643564414855,0.00619042635626223));
#3182=CARTESIAN_POINT('',(-0.0378753742997073,0.116447119555309,0.00898118748227866));
#3183=CARTESIAN_POINT('',(-0.0281428328296713,0.116448419739609,0.0117719488405177));
#3184=CARTESIAN_POINT('',(-0.0573404399657299,0.116416666666666,0.00339966971905448));
#3185=CARTESIAN_POINT('',(-0.0573404399657299,0.116416666666669,0.00339966971905449));
#3186=CARTESIAN_POINT('',(-0.0625922450397936,0.116406397993308,0.00189373884716203));
#3187=CARTESIAN_POINT('',(-0.0678440461807026,0.11639403996922,0.000387809103083512));
#3188=CARTESIAN_POINT('',(-0.0730958441201482,0.116380435674298,-0.00111811972299012));
#3189=CARTESIAN_POINT('',(-0.0738424889356792,0.116306690620465,0.00081442952888455));
#3190=CARTESIAN_POINT('',(-0.0712630253776746,0.147909060300994,-0.000165627702731707));
#3191=CARTESIAN_POINT('',(-0.0661195736027604,0.211114077831429,-0.00216086055098282));
#3192=CARTESIAN_POINT('',(-0.0610441387595159,0.274323437175622,-0.00419677693002381));
#3193=CARTESIAN_POINT('',(-0.0585269386176038,0.30592987897979,-0.00521052029176204));
#3194=CARTESIAN_POINT('',(-0.0737607721927439,0.116307561893538,0.000601708377588895));
#3195=CARTESIAN_POINT('',(-0.0711991248516099,0.147909923852834,-0.00037759092394429));
#3196=CARTESIAN_POINT('',(-0.0660914773185373,0.211114919861033,-0.00237175879804912));
#3197=CARTESIAN_POINT('',(-0.0610528150834605,0.274324289431501,-0.00440688304085053));
#3198=CARTESIAN_POINT('',(-0.0585542331010308,0.305930748688632,-0.00542001154769481));
#3199=CARTESIAN_POINT('',(-0.0735973409457354,0.116309288789747,0.000176265215577192));
#3200=CARTESIAN_POINT('',(-0.0710731742431104,0.147911963363804,-0.000795888707525227));
#3201=CARTESIAN_POINT('',(-0.0660392856973543,0.211117560566495,-0.00277262837631275));
#3202=CARTESIAN_POINT('',(-0.0610676431543169,0.274326972956453,-0.00478849873869322));
#3203=CARTESIAN_POINT('',(-0.0586009866284354,0.305933261666438,-0.00579355580807138));
#3204=CARTESIAN_POINT('',(-0.0732704929050134,0.116312578875796,-0.000674626656545152));
#3205=CARTESIAN_POINT('',(-0.0708165642078436,0.147915671562167,-0.00163614650965125));
#3206=CARTESIAN_POINT('',(-0.0659217015850852,0.211122063564234,-0.00358810648628701));
#3207=CARTESIAN_POINT('',(-0.0610814778713834,0.27433162490356,-0.00557687757032712));
#3208=CARTESIAN_POINT('',(-0.0586786056055241,0.305937756236366,-0.0065699658394944));
#3209=CARTESIAN_POINT('',(-0.0726985426669691,0.116317947100919,-0.00216370042011604));
#3210=CARTESIAN_POINT('',(-0.0703606379865689,0.147921923096085,-0.00310404578094071));
#3211=CARTESIAN_POINT('',(-0.0656945558329437,0.211130004134711,-0.00500608434801143));
#3212=CARTESIAN_POINT('',(-0.0610666409180707,0.274339989556767,-0.00693947545802587));
#3213=CARTESIAN_POINT('',(-0.0587655630682111,0.305945861674432,-0.00790800619376399));
#3214=CARTESIAN_POINT('',(-0.0715547709516644,0.116327025303018,-0.00514189737389145));
#3215=CARTESIAN_POINT('',(-0.0694136171542482,0.147932433850349,-0.00604459838433952));
#3216=CARTESIAN_POINT('',(-0.0651362031023327,0.21114325003974,-0.00786205760271267));
#3217=CARTESIAN_POINT('',(-0.0608764817814272,0.274354633535148,-0.0097013954991246));
#3218=CARTESIAN_POINT('',(-0.0587530328666036,0.305960634983304,-0.010624993360187));
#3219=CARTESIAN_POINT('',(-0.0696410673535594,0.116336521815762,-0.0101259582852869));
#3220=CARTESIAN_POINT('',(-0.067719472095866,0.147944365020841,-0.0109527786677072));
#3221=CARTESIAN_POINT('',(-0.0638746038625359,0.211159927418979,-0.0126071310809385));
#3222=CARTESIAN_POINT('',(-0.0600238269383261,0.274374979653555,-0.0142662051785212));
#3223=CARTESIAN_POINT('',(-0.0580965646176428,0.305982314922281,-0.0150983493968906));
#3224=CARTESIAN_POINT('',(-0.0671211694843538,0.11633623017994,-0.0166905575946783));
#3225=CARTESIAN_POINT('',(-0.0652531636281959,0.147946707610606,-0.0173621657747769));
#3226=CARTESIAN_POINT('',(-0.0615179970088956,0.211167773938037,-0.0187027800788392));
#3227=CARTESIAN_POINT('',(-0.0577857108435921,0.274389246696039,-0.0200355139662609));
#3228=CARTESIAN_POINT('',(-0.0559203888978909,0.306000113358739,-0.0206985695880683));
#3229=CARTESIAN_POINT('',(-0.0646019626824544,0.116320906735197,-0.0232554221799537));
#3230=CARTESIAN_POINT('',(-0.0625379483863409,0.147933469526285,-0.0236363409173589));
#3231=CARTESIAN_POINT('',(-0.0584268507483348,0.211159758284398,-0.0243917411069449));
#3232=CARTESIAN_POINT('',(-0.0543562353616588,0.27438845932475,-0.0251422505601827));
#3233=CARTESIAN_POINT('',(-0.0523331971240188,0.306003482374198,-0.0255205370825495));
#3234=CARTESIAN_POINT('',(-0.0626899126731052,0.116300306265646,-0.028240117844602));
#3235=CARTESIAN_POINT('',(-0.0603441293117854,0.147913581723306,-0.0282748108525573));
#3236=CARTESIAN_POINT('',(-0.0556975698186225,0.211143629574257,-0.0283227520285232));
#3237=CARTESIAN_POINT('',(-0.0511508575703831,0.274380926566119,-0.0283959167795088));
#3238=CARTESIAN_POINT('',(-0.0488908289553745,0.306000412401498,-0.0284570564274016));
#3239=CARTESIAN_POINT('',(-0.0615476878247681,0.116285054757909,-0.0312189085849729));
#3240=CARTESIAN_POINT('',(-0.0589928316634619,0.147898207754572,-0.0309964570277527));
#3241=CARTESIAN_POINT('',(-0.0539467085534998,0.211129680325709,-0.0305176718165021));
#3242=CARTESIAN_POINT('',(-0.0490386530550188,0.274372563967308,-0.0300886133614685));
#3243=CARTESIAN_POINT('',(-0.0465941480071998,0.305994871789524,-0.0299138034415847));
#3244=CARTESIAN_POINT('',(-0.0609766733075435,0.116276739835712,-0.0327083415381135));
#3245=CARTESIAN_POINT('',(-0.0583090520792198,0.147889718086154,-0.0323416583002777));
#3246=CARTESIAN_POINT('',(-0.0530504386628699,0.211121992180596,-0.0315641686377275));
#3247=CARTESIAN_POINT('',(-0.0479561478945506,0.274368887184832,-0.0308561399296971));
#3248=CARTESIAN_POINT('',(-0.0454133225896351,0.305993038083409,-0.0305523142694692));
#3249=CARTESIAN_POINT('',(-0.0606504083138554,0.116271807272998,-0.0335594572210228));
#3250=CARTESIAN_POINT('',(-0.057915627261074,0.147884613886226,-0.0331077755575066));
#3251=CARTESIAN_POINT('',(-0.0525285448091824,0.211117072910647,-0.0321555230138495));
#3252=CARTESIAN_POINT('',(-0.0473175172739764,0.274365809301841,-0.0312818393177079));
#3253=CARTESIAN_POINT('',(-0.0447137255457507,0.305990831957624,-0.0308998600900757));
#3254=CARTESIAN_POINT('',(-0.0604872863289023,0.116269275101322,-0.033985019097615));
#3255=CARTESIAN_POINT('',(-0.0577185959642733,0.147882007322473,-0.0334880353361521));
#3256=CARTESIAN_POINT('',(-0.0522686987555282,0.21111474783321,-0.0324409135837107));
#3257=CARTESIAN_POINT('',(-0.0470048075631605,0.274365054906257,-0.0314804834112325));
#3258=CARTESIAN_POINT('',(-0.0443720432412773,0.305990752755809,-0.0310590619977756));
#3259=CARTESIAN_POINT('',(-0.0604057272080151,0.116268002906854,-0.0341978007543462));
#3260=CARTESIAN_POINT('',(-0.0576192226160024,0.147880649291072,-0.0336802337420559));
#3261=CARTESIAN_POINT('',(-0.0521329673884905,0.21111317246861,-0.0325925503927639));
#3262=CARTESIAN_POINT('',(-0.0468312779166586,0.274363283211455,-0.0315903699954794));
#3263=CARTESIAN_POINT('',(-0.0441799771652087,0.305988948267542,-0.0311475065043573));
#3264=CARTESIAN_POINT('',(-0.0730967262815686,0.116365363549573,-0.00111837267870691));
#3265=CARTESIAN_POINT('',(-0.073096432234827,0.116370387591596,-0.00111828836216055));
#3266=CARTESIAN_POINT('',(-0.0730961381810205,0.11637541163317,-0.00111820404358841));
#3267=CARTESIAN_POINT('',(-0.0730958441201482,0.116380435674298,-0.00111811972299015));
#3268=CARTESIAN_POINT('',(-0.0730967262815686,0.116365363549573,-0.00111837267870691));
#3269=CARTESIAN_POINT('',(-0.0730967262815686,0.116365363549573,-0.00111837267870686));
#3270=CARTESIAN_POINT('',(-0.0690300134658378,0.116384465884203,-0.0117125217642175));
#3271=CARTESIAN_POINT('',(-0.0649632876474462,0.116376486441779,-0.0223067047228174));
#3272=CARTESIAN_POINT('',(-0.0608965835903022,0.116346012629505,-0.0329008309914291));
#3273=CARTESIAN_POINT('',(-0.0608965835903022,0.116346012629505,-0.0329008309914291));
#3274=CARTESIAN_POINT('',(-0.0608965835903022,0.116346012629505,-0.0329008309914291));
#3275=CARTESIAN_POINT('',(-0.0608947020431321,0.116367024920818,-0.0329008309914291));
#3276=CARTESIAN_POINT('',(-0.0608928204491357,0.116388037207938,-0.0329008309914291));
#3277=CARTESIAN_POINT('',(-0.0608909388082801,0.116409049490862,-0.0329008309914291));
#3278=CARTESIAN_POINT('',(-0.198966456672807,0.276481481016503,0.000892477772140095));
#3279=CARTESIAN_POINT('',(-0.194733123339474,0.276481481016503,0.000892477772140095));
#3280=CARTESIAN_POINT('',(-0.194733123339474,0.276481481016503,0.00300914443880675));
#3281=CARTESIAN_POINT('',(-0.0338666666666666,0.327466666666667,-0.00846666666666666));
#3282=CARTESIAN_POINT('',(-0.0338666666666666,0.327466666666667,-0.00846666666666666));
#3283=CARTESIAN_POINT('',(-0.0338666666666666,0.327466666666667,-0.0351333333333333));
#3284=CARTESIAN_POINT('',(-0.0671192442445231,0.116416666666667,-0.0166902457678179));
#3285=CARTESIAN_POINT('',(-0.0671192442445231,0.09525,-0.0166902457678179));
#3286=CARTESIAN_POINT('',(-0.0730967262815686,0.09525,-0.00111837267870691));
#3287=CARTESIAN_POINT('',(-0.0608965835903022,0.09525,-0.0329008309914291));
#3288=CARTESIAN_POINT('',(-0.0608965835903022,0.116416666666667,-0.0329008309914291));
#3289=CARTESIAN_POINT('',(-0.0730967262815686,0.116416666666667,-0.00111837267870691));
#3290=CARTESIAN_POINT('',(-0.0340130595037153,0.116416666666667,-0.0329008309914291));
#3291=CARTESIAN_POINT('',(-0.0340130595037153,0.09525,-0.0329008309914291));
#3292=CARTESIAN_POINT('',(-0.0117622227773248,0.09525,-0.0329008309914291));
#3293=CARTESIAN_POINT('',(-0.0117622227773248,0.105833333333333,-0.0329008309914291));
#3294=CARTESIAN_POINT('',(-0.0117622227773247,0.116641006778524,-0.0329008309914291));
#3295=CARTESIAN_POINT('',(-0.0117622227773247,0.09525,-0.0329008309914291));
#3296=CARTESIAN_POINT('',(-0.0136375457386041,0.116641006778524,-0.0313830142902756));
#3297=CARTESIAN_POINT('',(-0.0136375457386041,0.09525,-0.0313830142902756));
#3298=CARTESIAN_POINT('',(-0.0173387997509484,0.116641006778524,-0.0276805060549651));
#3299=CARTESIAN_POINT('',(-0.0173387997509484,0.09525,-0.0276805060549651));
#3300=CARTESIAN_POINT('',(-0.0228767760509536,0.116641006778524,-0.0202751488223196));
#3301=CARTESIAN_POINT('',(-0.0228767760509536,0.09525,-0.0202751488223196));
#3302=CARTESIAN_POINT('',(-0.027554779042022,0.116641006778524,-0.0126456113303241));
#3303=CARTESIAN_POINT('',(-0.027554779042022,0.09525,-0.0126456113303241));
#3304=CARTESIAN_POINT('',(-0.0313587882800073,0.116641006778524,-0.00574968661030293));
#3305=CARTESIAN_POINT('',(-0.0313587882800073,0.09525,-0.00574968661030293));
#3306=CARTESIAN_POINT('',(-0.033295860212395,0.116641006778524,-0.00200782997307873));
#3307=CARTESIAN_POINT('',(-0.033295860212395,0.09525,-0.00200782997307873));
#3308=CARTESIAN_POINT('',(-0.0342614644645008,0.116641006778524,-0.000112724923735105));
#3309=CARTESIAN_POINT('',(-0.0342614644645008,0.09525,-0.000112724923735105));
#3310=CARTESIAN_POINT('',(-0.0117622227773248,0.09525,-0.0329008309914291));
#3311=CARTESIAN_POINT('',(-0.014382910863238,0.09525,-0.0307797434628045));
#3312=CARTESIAN_POINT('',(-0.0188624727438485,0.09525,-0.0258759580925115));
#3313=CARTESIAN_POINT('',(-0.0245883980942352,0.09525,-0.0176223677882953));
#3314=CARTESIAN_POINT('',(-0.0296480127676169,0.0952500000000001,-0.00899805156257587));
#3315=CARTESIAN_POINT('',(-0.0327459259098534,0.09525,-0.00308713681258488));
#3316=CARTESIAN_POINT('',(-0.0342614644645007,0.09525,-0.000112724923735226));
#3317=CARTESIAN_POINT('',(-0.0342614644645007,0.09525,-0.000112724923735225));
#3318=CARTESIAN_POINT('',(-0.0342614644645007,0.105833333333333,-0.000112724923735226));
#3319=CARTESIAN_POINT('',(-0.0281411116138025,0.116640583940627,0.011772442391226));
#3320=CARTESIAN_POINT('',(-0.0281411116138025,0.09525,0.011772442391226));
#3321=CARTESIAN_POINT('',(-0.0293432663102462,0.116640583940627,0.0101598207173182));
#3322=CARTESIAN_POINT('',(-0.0293432663102462,0.09525,0.0101598207173182));
#3323=CARTESIAN_POINT('',(-0.0310238868083019,0.116640583940627,0.00745802177079379));
#3324=CARTESIAN_POINT('',(-0.0310238868083019,0.0952500000000001,0.00745802177079379));
#3325=CARTESIAN_POINT('',(-0.0329928992614746,0.116640583940627,0.00329004299362886));
#3326=CARTESIAN_POINT('',(-0.0329928992614746,0.0952499999999999,0.00329004299362886));
#3327=CARTESIAN_POINT('',(-0.0338748720782085,0.116640583940627,0.000949428928135564));
#3328=CARTESIAN_POINT('',(-0.0338748720782085,0.09525,0.000949428928135564));
#3329=CARTESIAN_POINT('',(-0.0342915341992331,0.116640583940627,-0.000195340840921287));
#3330=CARTESIAN_POINT('',(-0.0342915341992331,0.09525,-0.000195340840921287));
#3331=CARTESIAN_POINT('',(-0.0281411116138025,0.09525,0.011772442391226));
#3332=CARTESIAN_POINT('',(-0.0294811141713224,0.09525,0.00997490570668701));
#3333=CARTESIAN_POINT('',(-0.0312203213868361,0.09525,0.00709279133555423));
#3334=CARTESIAN_POINT('',(-0.0330935876539602,0.09525,0.00303269038131601));
#3335=CARTESIAN_POINT('',(-0.0338787429488089,0.09525,0.000938793798567501));
#3336=CARTESIAN_POINT('',(-0.0342614644645007,0.09525,-0.000112724923735225));
#3337=CARTESIAN_POINT('',(-0.0281411116138025,0.09525,0.011772442391226));
#3338=CARTESIAN_POINT('',(-0.0281411116138025,0.105833333333333,0.011772442391226));
#3339=CARTESIAN_POINT('',(-0.0486756268386935,0.116416666666667,0.00588426490169451));
#3340=CARTESIAN_POINT('',(-0.0486756268386935,0.09525,0.00588426490169451));
#3341=CARTESIAN_POINT('',(-0.0687001071000583,0.116416666666667,-0.0172970821623813));
#3342=CARTESIAN_POINT('',(-0.0687001071000583,0.09525,-0.0172970821623813));
#3343=CARTESIAN_POINT('',(-0.0753398348532491,0.09525,-1.7347234759768E-17));
#3344=CARTESIAN_POINT('',(-0.0620603793468674,0.09525,-0.0345941643247624));
#3345=CARTESIAN_POINT('',(-0.0753398348532491,0.116416666666667,-1.7347234759768E-17));
#3346=CARTESIAN_POINT('',(-0.0753398348532491,0.116416666666667,-1.56125112837912E-17));
#3347=CARTESIAN_POINT('',(-0.0687001071000583,0.116416666666667,-0.0172970821623813));
#3348=CARTESIAN_POINT('',(-0.0620603793468675,0.116416666666667,-0.0345941643247624));
#3349=CARTESIAN_POINT('',(-0.0620603793468674,0.116416666666667,-0.0345941643247624));
#3350=CARTESIAN_POINT('',(-0.1016,0.200233333333334,0.00802666666666667));
#3351=CARTESIAN_POINT('',(-0.1016,0.200233333333334,0.00802666666666667));
#3352=CARTESIAN_POINT('',(-0.1016,0.200233333333334,0.013806020735848));
#3353=CARTESIAN_POINT('',(-0.1016,0.200233333333334,0.00169333333333333));
#3354=CARTESIAN_POINT('',(-0.1016,0.200233333333334,0.00169333333333333));
#3355=CARTESIAN_POINT('',(-0.0846666666666667,0.200233333333334,0.00169333333333333));
#3356=CARTESIAN_POINT('',(-0.0846666666666667,0.200233333333334,0.00802666666666667));
#3357=CARTESIAN_POINT('',(-0.0846666666666667,0.200233333333334,0.0142276295241892));
#3358=CARTESIAN_POINT('',(-0.1016,0.200233333333334,0.013806020735848));
#3359=CARTESIAN_POINT('',(-0.095955741183258,0.200233333333334,0.0139540124783256));
#3360=CARTESIAN_POINT('',(-0.0903112848908475,0.200233333333334,0.0140940728839481));
#3361=CARTESIAN_POINT('',(-0.0846666666666667,0.200233333333334,0.0142276295241892));
#3362=CARTESIAN_POINT('',(-0.0846666666666667,0.100116666666667,0.00718));
#3363=CARTESIAN_POINT('',(-0.0846666666666667,0.1651,0.014974506824975));
#3364=CARTESIAN_POINT('',(-0.0846666666666667,0.170961325672679,0.0151554968383834));
#3365=CARTESIAN_POINT('',(-0.0846666666666667,0.182675073181551,0.0150593866425045));
#3366=CARTESIAN_POINT('',(-0.0846666666666667,0.194382273937638,0.0145535304428656));
#3367=CARTESIAN_POINT('',(-0.0846666666666667,0.200233333333334,0.0142276295241892));
#3368=CARTESIAN_POINT('',(-0.0846666666666667,0.1651,0.014974506824975));
#3369=CARTESIAN_POINT('',(-0.0846666666666667,0.182666666666667,0.00169333333333333));
#3370=CARTESIAN_POINT('',(-0.0846666666666667,0.1651,0.00169333333333333));
#3371=CARTESIAN_POINT('',(-0.0846666666666667,0.1651,0.00802666666666667));
#3372=CARTESIAN_POINT('',(-0.1016,0.100116666666667,0.00718));
#3373=CARTESIAN_POINT('',(-0.1016,0.165160720786189,0.00169333333333333));
#3374=CARTESIAN_POINT('',(-0.1016,0.165140478810135,0.00169853234298872));
#3375=CARTESIAN_POINT('',(-0.1016,0.16512023854474,0.0017037380038842));
#3376=CARTESIAN_POINT('',(-0.1016,0.1651,0.00170895035488618));
#3377=CARTESIAN_POINT('',(-0.1016,0.165160720786189,0.00169333333333333));
#3378=CARTESIAN_POINT('',(-0.1016,0.1651,0.00170895035488618));
#3379=CARTESIAN_POINT('',(-0.1016,0.182666666666667,0.00169333333333333));
#3380=CARTESIAN_POINT('',(-0.1016,0.1651,0.013867263966964));
#3381=CARTESIAN_POINT('',(-0.1016,0.168028189906757,0.0140985859175944));
#3382=CARTESIAN_POINT('',(-0.1016,0.17388417755741,0.0143362582056074));
#3383=CARTESIAN_POINT('',(-0.1016,0.185595387647708,0.0143726250708174));
#3384=CARTESIAN_POINT('',(-0.1016,0.19437823787542,0.0140801716212566));
#3385=CARTESIAN_POINT('',(-0.1016,0.200233333333334,0.013806020735848));
#3386=CARTESIAN_POINT('',(-0.1016,0.1651,0.013867263966964));
#3387=CARTESIAN_POINT('',(-0.1016,0.1651,0.00802666666666667));
#3388=CARTESIAN_POINT('',(-0.1016,0.182666666666667,0.00169333333333333));
#3389=CARTESIAN_POINT('',(-0.1016,0.165160720786189,0.00169333333333328));
#3390=CARTESIAN_POINT('',(-0.101549075873392,0.16514048158662,0.00169333333333328));
#3391=CARTESIAN_POINT('',(-0.101498152169412,0.165120241323736,0.00169333333333333));
#3392=CARTESIAN_POINT('',(-0.101447228887081,0.1651,0.00169333333333333));
#3393=CARTESIAN_POINT('',(-0.101447228887081,0.1651,0.00169333333333333));
#3394=CARTESIAN_POINT('',(-0.1016,0.1651,0.00169333333333333));
#3395=CARTESIAN_POINT('',(-0.1016,0.1651,0.00802666666666667));
#3396=CARTESIAN_POINT('',(-0.1016,0.1651,0.0138672639669645));
#3397=CARTESIAN_POINT('',(-0.0959596566373469,0.1651,0.0142963516923951));
#3398=CARTESIAN_POINT('',(-0.0903141278931213,0.1651,0.0146528997915639));
#3399=CARTESIAN_POINT('',(-0.0846666666666667,0.1651,0.014974506824975));
#3400=CARTESIAN_POINT('',(-0.101447228887081,0.1651,0.00169333333333333));
#3401=CARTESIAN_POINT('',(-0.101498153227616,0.1651,0.00169853278337256));
#3402=CARTESIAN_POINT('',(-0.101549076933418,0.1651,0.00170373844259638));
#3403=CARTESIAN_POINT('',(-0.1016,0.1651,0.00170895035488618));
#3404=CARTESIAN_POINT('',(-0.254,0.26122654259266,0.00299520645747249));
#3405=CARTESIAN_POINT('',(-0.254,0.266894983897568,0.00699539150177088));
#3406=CARTESIAN_POINT('',(-0.254,0.270407439761503,0.00668352499236528));
#3407=CARTESIAN_POINT('',(-0.254,0.274211893624031,0.0063265886825025));
#3408=CARTESIAN_POINT('',(-0.254,0.278232169036366,0.00592611102951801));
#3409=CARTESIAN_POINT('',(-0.254,0.282893148718373,0.00542412888866264));
#3410=CARTESIAN_POINT('',(-0.254,0.287424381199639,0.00489651348666448));
#3411=CARTESIAN_POINT('',(-0.254,0.291642694224931,0.00436430029219679));
#3412=CARTESIAN_POINT('',(-0.254,0.29569312172877,0.00380787634979376));
#3413=CARTESIAN_POINT('',(-0.254,0.299311330823939,0.00326234439887472));
#3414=CARTESIAN_POINT('',(-0.254,0.302696880546373,0.00269529219363674));
#3415=CARTESIAN_POINT('',(-0.254,0.305558885717842,0.00215285168633614));
#3416=CARTESIAN_POINT('',(-0.254,0.308095458001215,0.00159392437743579));
#3417=CARTESIAN_POINT('',(-0.254,0.309736649028705,0.00115270638241943));
#3418=CARTESIAN_POINT('',(-0.254,0.3108360725098,0.000792441159423329));
#3419=CARTESIAN_POINT('',(-0.254,0.312001804189174,0.000334264411991904));
#3420=CARTESIAN_POINT('',(-0.254,0.312867631582069,-0.000289235423380268));
#3421=CARTESIAN_POINT('',(-0.254,0.312194247691641,-0.00127307367842734));
#3422=CARTESIAN_POINT('',(-0.254,0.308633886931155,-0.00210635739685915));
#3423=CARTESIAN_POINT('',(-0.254,0.303609412299304,-0.00267616778482622));
#3424=CARTESIAN_POINT('',(-0.254,0.300206483241061,-0.00295811510150827));
#3425=CARTESIAN_POINT('',(-0.254,0.297466051772053,-0.00314240202981598));
#3426=CARTESIAN_POINT('',(-0.254,0.294522017003398,-0.00330151747187112));
#3427=CARTESIAN_POINT('',(-0.254,0.29031889402972,-0.00347990321003248));
#3428=CARTESIAN_POINT('',(-0.254,0.285858677631,-0.00360160883851048));
#3429=CARTESIAN_POINT('',(-0.254,0.281079804059121,-0.00366716568014263));
#3430=CARTESIAN_POINT('',(-0.254,0.278057782931592,-0.00368247771088419));
#3431=CARTESIAN_POINT('',(-0.254,0.275590108179585,-0.00367980524665755));
#3432=CARTESIAN_POINT('',(-0.254,0.273053093811643,-0.00366653284613383));
#3433=CARTESIAN_POINT('',(-0.254,0.270535541589767,-0.00363762311380456));
#3434=CARTESIAN_POINT('',(-0.254,0.268316041265164,-0.00359835446072799));
#3435=CARTESIAN_POINT('',(-0.254,0.267060234733151,-0.00357227165081125));
#3436=CARTESIAN_POINT('',(-0.254,0.265104839591697,-0.00352757793964007));
#3437=CARTESIAN_POINT('',(-0.254,0.26219883413935,-0.00344551763898187));
#3438=CARTESIAN_POINT('',(-0.254,0.259315362987269,-0.00333841131793134));
#3439=CARTESIAN_POINT('',(-0.254,0.257442372067124,-0.00325839277894596));
#3440=CARTESIAN_POINT('',(-0.254,0.256122126740197,-0.00319890295197453));
#3441=CARTESIAN_POINT('',(-0.254,0.253873702315031,-0.00308927260127991));
#3442=CARTESIAN_POINT('',(-0.254,0.251342831859991,-0.00294697009286214));
#3443=CARTESIAN_POINT('',(-0.254,0.249185019873656,-0.00280858578076358));
#3444=CARTESIAN_POINT('',(-0.254,0.2479613736685,-0.00272519325535259));
#3445=CARTESIAN_POINT('',(-0.254,0.246053107135353,-0.00258966991239333));
#3446=CARTESIAN_POINT('',(-0.254,0.243919536104066,-0.00242201583327998));
#3447=CARTESIAN_POINT('',(-0.254,0.241540285969826,-0.00221231439039325));
#3448=CARTESIAN_POINT('',(-0.254,0.239241843204958,-0.00199444794631996));
#3449=CARTESIAN_POINT('',(-0.254,0.236297408504529,-0.00168346947727111));
#3450=CARTESIAN_POINT('',(-0.254,0.233557452786662,-0.00134705694320551));
#3451=CARTESIAN_POINT('',(-0.254,0.231492044421927,-0.00106548958918327));
#3452=CARTESIAN_POINT('',(-0.254,0.229379421606806,-0.00075575789742282));
#3453=CARTESIAN_POINT('',(-0.254,0.226902416621102,-0.000348513205799701));
#3454=CARTESIAN_POINT('',(-0.254,0.224186417085358,0.000170302197277798));
#3455=CARTESIAN_POINT('',(-0.254,0.220782168736647,0.000929394849008471));
#3456=CARTESIAN_POINT('',(-0.254,0.215629799956376,0.00236899148315516));
#3457=CARTESIAN_POINT('',(-0.254,0.21176232986793,0.00414074899880697));
#3458=CARTESIAN_POINT('',(-0.254,0.210328400726314,0.00577618136504505));
#3459=CARTESIAN_POINT('',(-0.254,0.210568025285323,0.00686517464752134));
#3460=CARTESIAN_POINT('',(-0.254,0.212221419698752,0.00775413277826565));
#3461=CARTESIAN_POINT('',(-0.254,0.2148536265747,0.00828004353708946));
#3462=CARTESIAN_POINT('',(-0.254,0.217536413942742,0.00858158327909292));
#3463=CARTESIAN_POINT('',(-0.254,0.219946954114709,0.00875913256624719));
#3464=CARTESIAN_POINT('',(-0.254,0.222516189914969,0.00887543169324137));
#3465=CARTESIAN_POINT('',(-0.254,0.224903099370632,0.00893331398580829));
#3466=CARTESIAN_POINT('',(-0.254,0.22699389533593,0.00895470984228486));
#3467=CARTESIAN_POINT('',(-0.254,0.229044321155854,0.00895955687496627));
#3468=CARTESIAN_POINT('',(-0.254,0.231243224520529,0.00894197942316307));
#3469=CARTESIAN_POINT('',(-0.254,0.233545224570951,0.00890190391424417));
#3470=CARTESIAN_POINT('',(-0.254,0.23535940712213,0.008859752715928));
#3471=CARTESIAN_POINT('',(-0.254,0.237114628206263,0.00880974580983426));
#3472=CARTESIAN_POINT('',(-0.254,0.239553993169992,0.00872854434033597));
#3473=CARTESIAN_POINT('',(-0.254,0.242071469029455,0.00862732939861839));
#3474=CARTESIAN_POINT('',(-0.254,0.244696266366262,0.00850489022757819));
#3475=CARTESIAN_POINT('',(-0.254,0.247254468284292,0.00837542291610585));
#3476=CARTESIAN_POINT('',(-0.254,0.250558026820418,0.00818998015330256));
#3477=CARTESIAN_POINT('',(-0.254,0.254656819864778,0.00793012748774093));
#3478=CARTESIAN_POINT('',(-0.254,0.258679067881474,0.00764858830249149));
#3479=CARTESIAN_POINT('',(-0.254,0.262803206552796,0.00733359404365247));
#3480=CARTESIAN_POINT('',(-0.254,0.266894983897568,0.00699539150177088));
#3481=CARTESIAN_POINT('',(-0.254,0.270407439761503,0.00668352499236528));
#3482=CARTESIAN_POINT('',(-0.254,0.274211893624031,0.0063265886825025));
#3483=CARTESIAN_POINT('',(-0.254,0.27093385834757,0.00663257686051934));
#3484=CARTESIAN_POINT('',(-0.194733123339474,0.296333858317982,0.0169333333333334));
#3485=CARTESIAN_POINT('',(-0.194733123339474,0.270933858317982,0.0169333333333334));
#3486=CARTESIAN_POINT('',(-0.194733123339474,0.270933858317982,-0.00418034537612344));
#3487=CARTESIAN_POINT('',(-0.194733123339474,0.270933858317982,0.00686996560878559));
#3488=CARTESIAN_POINT('',(-0.194733123339474,0.270933858317982,0.00686996560878562));
#3489=CARTESIAN_POINT('',(-0.194733123339474,0.272364255419978,0.00670698094132034));
#3490=CARTESIAN_POINT('',(-0.194733123339474,0.275223493171211,0.00636974279111993));
#3491=CARTESIAN_POINT('',(-0.194733123339474,0.27950707810008,0.00582569384042786));
#3492=CARTESIAN_POINT('',(-0.194733123339474,0.283784464385833,0.00523681038360523));
#3493=CARTESIAN_POINT('',(-0.194733123339474,0.288054197987688,0.0045923063491548));
#3494=CARTESIAN_POINT('',(-0.194733123339474,0.291603782781761,0.00399410060468912));
#3495=CARTESIAN_POINT('',(-0.194733123339474,0.294436011857268,0.00346026074652073));
#3496=CARTESIAN_POINT('',(-0.194733123339474,0.296551991604308,0.00302377238423162));
#3497=CARTESIAN_POINT('',(-0.194733123339474,0.298305908417006,0.00261850513591387));
#3498=CARTESIAN_POINT('',(-0.194733123339474,0.299700775752225,0.00225437940111586));
#3499=CARTESIAN_POINT('',(-0.194733123339474,0.30073930220451,0.00195423927960605));
#3500=CARTESIAN_POINT('',(-0.194733123339474,0.301764113038034,0.00161676824247521));
#3501=CARTESIAN_POINT('',(-0.194733123339474,0.302603980886014,0.00128766973028273));
#3502=CARTESIAN_POINT('',(-0.194733123339474,0.303254021006316,0.000973586912904377));
#3503=CARTESIAN_POINT('',(-0.194733123339474,0.303720263520287,0.000698287936433412));
#3504=CARTESIAN_POINT('',(-0.194733123339474,0.304144845042503,0.000366927103649416));
#3505=CARTESIAN_POINT('',(-0.194733123339474,0.304469700193107,-0.000124951739686339));
#3506=CARTESIAN_POINT('',(-0.194733123339474,0.304249734356611,-0.000675680402095435));
#3507=CARTESIAN_POINT('',(-0.194733123339474,0.30380704726663,-0.00100256753082442));
#3508=CARTESIAN_POINT('',(-0.194733123339474,0.303334525332937,-0.00125625106953626));
#3509=CARTESIAN_POINT('',(-0.194733123339474,0.302669964865545,-0.00152829579236855));
#3510=CARTESIAN_POINT('',(-0.194733123339474,0.301811455491436,-0.00179568744714484));
#3511=CARTESIAN_POINT('',(-0.194733123339474,0.300773017492237,-0.00205077688459327));
#3512=CARTESIAN_POINT('',(-0.194733123339474,0.299725123473052,-0.00226498942285704));
#3513=CARTESIAN_POINT('',(-0.194733123339474,0.298320629022298,-0.00251125360170881));
#3514=CARTESIAN_POINT('',(-0.194733123339474,0.296553608322415,-0.00276533639816668));
#3515=CARTESIAN_POINT('',(-0.194733123339474,0.29442479055156,-0.0030151822214689));
#3516=CARTESIAN_POINT('',(-0.194733123339474,0.29158518457799,-0.00329409267984377));
#3517=CARTESIAN_POINT('',(-0.194733123339474,0.288030913210626,-0.00356593025524634));
#3518=CARTESIAN_POINT('',(-0.194733123339474,0.283761514332627,-0.00380850620864641));
#3519=CARTESIAN_POINT('',(-0.194733123339474,0.279488531251016,-0.00398621313544882));
#3520=CARTESIAN_POINT('',(-0.194733123339474,0.275212659649309,-0.00411026834836111));
#3521=CARTESIAN_POINT('',(-0.194733123339474,0.272360381517625,-0.00416171796256985));
#3522=CARTESIAN_POINT('',(-0.194733123339474,0.270933858317982,-0.00418034537612344));
#3523=CARTESIAN_POINT('',(-0.0677331233394738,0.296333858317982,0.0169333333333334));
#3524=CARTESIAN_POINT('',(-0.0677331233394738,0.270933858317982,0.0169333333333334));
#3525=CARTESIAN_POINT('',(-0.0677331233394738,0.270933858317973,-0.00565100883253427));
#3526=CARTESIAN_POINT('',(-0.0677331233394738,0.270933858317983,0.00716303209628254));
#3527=CARTESIAN_POINT('',(-0.0677331233394738,0.270933858317983,0.00716303209628251));
#3528=CARTESIAN_POINT('',(-0.0677331233394738,0.272139713674158,0.00697208164567878));
#3529=CARTESIAN_POINT('',(-0.0677331233394738,0.274549279819069,0.00657950565765063));
#3530=CARTESIAN_POINT('',(-0.0677331233394738,0.278155938061214,0.00595237864394834));
#3531=CARTESIAN_POINT('',(-0.0677331233394738,0.281753255377302,0.00527871921669008));
#3532=CARTESIAN_POINT('',(-0.0677331233394738,0.285338603867973,0.00454566175813353));
#3533=CARTESIAN_POINT('',(-0.0677331233394738,0.288313106377517,0.00386812913468944));
#3534=CARTESIAN_POINT('',(-0.0677331233394738,0.290680271746944,0.00326537602991671));
#3535=CARTESIAN_POINT('',(-0.0677331233394738,0.292448183464901,0.00277298550267884));
#3536=CARTESIAN_POINT('',(-0.0677331233394738,0.294197513847768,0.00222669068481214));
#3537=CARTESIAN_POINT('',(-0.0677331233394738,0.295631272430587,0.00170547242287435));
#3538=CARTESIAN_POINT('',(-0.0677331233394738,0.296755436065833,0.00121302631445461));
#3539=CARTESIAN_POINT('',(-0.0677331233394738,0.297569087358381,0.000789131143374451));
#3540=CARTESIAN_POINT('',(-0.0677331233394738,0.298209790868755,0.000356364201924765));
#3541=CARTESIAN_POINT('',(-0.0677331233394738,0.298634290983861,-8.49044560054201E-05));
#3542=CARTESIAN_POINT('',(-0.0677331233394738,0.298857359558247,-0.000507152485157316));
#3543=CARTESIAN_POINT('',(-0.0677331233394738,0.298796076222229,-0.000984685509805101));
#3544=CARTESIAN_POINT('',(-0.0677331233394738,0.29850022224275,-0.00135351422724448));
#3545=CARTESIAN_POINT('',(-0.0677331233394738,0.298141392440372,-0.00163529314796611));
#3546=CARTESIAN_POINT('',(-0.0677331233394738,0.297616388501131,-0.001946275774731));
#3547=CARTESIAN_POINT('',(-0.0677331233394738,0.296919613836214,-0.00225359952510798));
#3548=CARTESIAN_POINT('',(-0.0677331233394738,0.295780954839054,-0.00265151671835657));
#3549=CARTESIAN_POINT('',(-0.0677331233394738,0.294318349545134,-0.00304364333961927));
#3550=CARTESIAN_POINT('',(-0.0677331233394738,0.292541756521388,-0.00342425293196531));
#3551=CARTESIAN_POINT('',(-0.0677331233394738,0.290759198076021,-0.00374405102149076));
#3552=CARTESIAN_POINT('',(-0.0677331233394738,0.288373837022079,-0.00411371758496797));
#3553=CARTESIAN_POINT('',(-0.0677331233394738,0.285381332123074,-0.00449520394623387));
#3554=CARTESIAN_POINT('',(-0.0677331233394738,0.281778709102363,-0.0048684020876646));
#3555=CARTESIAN_POINT('',(-0.0677331233394738,0.278167024332325,-0.0051784515071793));
#3556=CARTESIAN_POINT('',(-0.0677331233394738,0.274552112819162,-0.00543840395732913));
#3557=CARTESIAN_POINT('',(-0.0677331233394738,0.272140212332606,-0.00558408270851414));
#3558=CARTESIAN_POINT('',(-0.0677331233394738,0.270933858317973,-0.00565100883253428));
#3559=CARTESIAN_POINT('',(-0.131233123339474,0.270933858317982,0.0169333333333334));
#3560=CARTESIAN_POINT('',(-0.0677331233394738,0.270933858317982,-0.00565100883253378));
#3561=CARTESIAN_POINT('',(-0.110065799150654,0.270933858317982,-0.0051057769294246));
#3562=CARTESIAN_POINT('',(-0.152399066890335,0.270933858317982,-0.00460497915792148));
#3563=CARTESIAN_POINT('',(-0.194733123339474,0.270933858317982,-0.00418034537612344));
#3564=CARTESIAN_POINT('',(-0.194733123339474,0.270933858317982,0.00686996560878562));
#3565=CARTESIAN_POINT('',(-0.152399954485791,0.270933858317982,0.0070250829684702));
#3566=CARTESIAN_POINT('',(-0.11006647266049,0.270933858317982,0.0070698198789229));
#3567=CARTESIAN_POINT('',(-0.0677331233394738,0.270933858317982,0.00716303209628257));
#3568=CARTESIAN_POINT('',(-0.0291395582891736,0.18955716001087,0.0160709884278968));
#3569=CARTESIAN_POINT('',(-0.0389000719502088,0.3048,0.0177206574112669));
#3570=CARTESIAN_POINT('',(-0.0300734967499967,0.18955716001087,0.0158283499174192));
#3571=CARTESIAN_POINT('',(-0.0395856546908437,0.3048,0.0175888831307506));
#3572=CARTESIAN_POINT('',(-0.0310054247353023,0.18955716001087,0.0155752532414305));
#3573=CARTESIAN_POINT('',(-0.0402660591771047,0.3048,0.0174301724161272));
#3574=CARTESIAN_POINT('',(-0.0328636321955001,0.18955716001087,0.0150485232209443));
#3575=CARTESIAN_POINT('',(-0.0416123196393363,0.3048,0.0170598559913404));
#3576=CARTESIAN_POINT('',(-0.0337899112615702,0.18955716001087,0.0147748899824846));
#3577=CARTESIAN_POINT('',(-0.0422781745623298,0.3048,0.0168482505542915));
#3578=CARTESIAN_POINT('',(-0.0356352268552563,0.18955716001087,0.0142075933636017));
#3579=CARTESIAN_POINT('',(-0.043591230261026,0.3048,0.0163734493129746));
#3580=CARTESIAN_POINT('',(-0.0365542630596665,0.18955716001087,0.0139139301000497));
#3581=CARTESIAN_POINT('',(-0.0442384302042679,0.3048,0.0161102538097245));
#3582=CARTESIAN_POINT('',(-0.0383835437095361,0.18955716001087,0.0133072034202431));
#3583=CARTESIAN_POINT('',(-0.0455101857144111,0.3048,0.0155338950594176));
#3584=CARTESIAN_POINT('',(-0.0392937878419555,0.18955716001087,0.012994140145858));
#3585=CARTESIAN_POINT('',(-0.0461347404750354,0.3048,0.0152207321777651));
#3586=CARTESIAN_POINT('',(-0.0411039893314644,0.18955716001087,0.0123493630420383));
#3587=CARTESIAN_POINT('',(-0.0473573550010039,0.3048,0.0145463693618227));
#3588=CARTESIAN_POINT('',(-0.0420039463876097,0.18955716001087,0.0120176493785969));
#3589=CARTESIAN_POINT('',(-0.0479554139912257,0.3048,0.0141851698550704));
#3590=CARTESIAN_POINT('',(-0.0437921421295817,0.18955716001087,0.0113364360811919));
#3591=CARTESIAN_POINT('',(-0.0491213497079063,0.3048,0.0134169606445011));
#3592=CARTESIAN_POINT('',(-0.0446803805284157,0.18955716001087,0.0109869366363215));
#3593=CARTESIAN_POINT('',(-0.0496892256951763,0.3048,0.0130099514277191));
#3594=CARTESIAN_POINT('',(-0.046443779608426,0.18955716001087,0.0102711260170086));
#3595=CARTESIAN_POINT('',(-0.0507912942211626,0.3048,0.0121526320877616));
#3596=CARTESIAN_POINT('',(-0.0473189400183304,0.18955716001087,0.00990481505359344));
#3597=CARTESIAN_POINT('',(-0.0513254860611813,0.3048,0.0117023225081157));
#3598=CARTESIAN_POINT('',(-0.0490549044016209,0.18955716001087,0.00915645928804438));
#3599=CARTESIAN_POINT('',(-0.0523568927775357,0.3048,0.0107611786975884));
#3600=CARTESIAN_POINT('',(-0.0499157081211283,0.18955716001087,0.008774414717571));
#3601=CARTESIAN_POINT('',(-0.0528541069999725,0.3048,0.0102703450633803));
#3602=CARTESIAN_POINT('',(-0.051621768916969,0.18955716001087,0.00799576663310643));
#3603=CARTESIAN_POINT('',(-0.0538084929413112,0.3048,0.00925117924683722));
#3604=CARTESIAN_POINT('',(-0.0524670257583822,0.18955716001087,0.00759916336998074));
#3605=CARTESIAN_POINT('',(-0.0542656640551443,0.3048,0.00872284771064057));
#3606=CARTESIAN_POINT('',(-0.0541408984416039,0.18955716001087,0.00679266255614064));
#3607=CARTESIAN_POINT('',(-0.0551371451147733,0.3048,0.00763194338424765));
#3608=CARTESIAN_POINT('',(-0.0549695140688991,0.18955716001087,0.00638276527395003));
#3609=CARTESIAN_POINT('',(-0.0555514545080612,0.3048,0.00706937128567109));
#3610=CARTESIAN_POINT('',(-0.0566091125647503,0.18955716001087,0.00555102304161297));
#3611=CARTESIAN_POINT('',(-0.0563346577154511,0.3048,0.00591345423736309));
#3612=CARTESIAN_POINT('',(-0.0574200952405225,0.18955716001087,0.00512917837599307));
#3613=CARTESIAN_POINT('',(-0.0567035510330121,0.3048,0.0053201100204686));
#3614=CARTESIAN_POINT('',(-0.0590235447860144,0.18955716001087,0.00427496165777628));
#3615=CARTESIAN_POINT('',(-0.0573936476799479,0.3048,0.00410630686322976));
#3616=CARTESIAN_POINT('',(-0.0598160114858682,0.18955716001087,0.00384258990395447));
#3617=CARTESIAN_POINT('',(-0.0577148505718099,0.3048,0.00348584869242144));
#3618=CARTESIAN_POINT('',(-0.0613816601883114,0.18955716001087,0.00296880419515413));
#3619=CARTESIAN_POINT('',(-0.0583075859829827,0.3048,0.00222164292634665));
#3620=CARTESIAN_POINT('',(-0.0621548420450003,0.18955716001087,0.00252739055135718));
#3621=CARTESIAN_POINT('',(-0.0585791181265066,0.3048,0.00157789613257084));
#3622=CARTESIAN_POINT('',(-0.0636812710664732,0.18955716001087,0.0016370619966038));
#3623=CARTESIAN_POINT('',(-0.059070837891002,0.3048,0.000271082006599012));
#3624=CARTESIAN_POINT('',(-0.0644345181102214,0.18955716001087,0.00118814740731689));
#3625=CARTESIAN_POINT('',(-0.0592910252002293,0.3048,-0.000391984497093154));
#3626=CARTESIAN_POINT('',(-0.0659205504151772,0.18955716001087,0.000284404143387302));
#3627=CARTESIAN_POINT('',(-0.0596786977021859,0.3048,-0.00173335003931559));
#3628=CARTESIAN_POINT('',(-0.06665333558096,0.18955716001087,-0.000170424201081097));
#3629=CARTESIAN_POINT('',(-0.0598461826491356,0.3048,-0.00241164822743686));
#3630=CARTESIAN_POINT('',(-0.0680980431930427,0.18955716001087,-0.00108437133126714));
#3631=CARTESIAN_POINT('',(-0.0601274177586645,0.3048,-0.00377929522129281));
#3632=CARTESIAN_POINT('',(-0.0688099655603425,0.18955716001087,-0.00154348970208899));
#3633=CARTESIAN_POINT('',(-0.0602411677177683,0.3048,-0.00446864295840667));
#3634=CARTESIAN_POINT('',(-0.0695113204317805,0.18955716001087,-0.00200392840198842));
#3635=CARTESIAN_POINT('',(-0.0603276996475096,0.3048,-0.00516139138344814));
#3636=CARTESIAN_POINT('',(-0.0678337672503793,0.210608333333334,-0.00258069569172408));
#3637=CARTESIAN_POINT('',(-0.0619298566167536,0.284694953898761,-0.00461054641285223));
#3638=CARTESIAN_POINT('',(-0.0603276996475096,0.3048,-0.00516139138344814));
#3639=CARTESIAN_POINT('',(-0.0619298566167517,0.284694953898761,-0.00461054641284572));
#3640=CARTESIAN_POINT('',(-0.0617660268965279,0.286047876396132,-0.00445908841169899));
#3641=CARTESIAN_POINT('',(-0.0615203933099403,0.288073107616272,-0.00420655227020932));
#3642=CARTESIAN_POINT('',(-0.0611861332490808,0.290759800882249,-0.00378919962716992));
#3643=CARTESIAN_POINT('',(-0.060928289850597,0.292764327386191,-0.00342111564805556));
#3644=CARTESIAN_POINT('',(-0.0607015054694391,0.294424618360386,-0.00304748253738295));
#3645=CARTESIAN_POINT('',(-0.0605051000244791,0.295734214261737,-0.00268053072219696));
#3646=CARTESIAN_POINT('',(-0.0603456807584354,0.296699619078401,-0.00235571905555536));
#3647=CARTESIAN_POINT('',(-0.0601961932134837,0.297477739142959,-0.00202195834987114));
#3648=CARTESIAN_POINT('',(-0.0600560321721143,0.298058469252959,-0.00168274728338359));
#3649=CARTESIAN_POINT('',(-0.0599335777418315,0.298453157439044,-0.0013699256479781));
#3650=CARTESIAN_POINT('',(-0.0597842835166755,0.298756033072268,-0.000966725735827919));
#3651=CARTESIAN_POINT('',(-0.0596049682595507,0.298775315498908,-0.00045397708968438));
#3652=CARTESIAN_POINT('',(-0.0594578686109775,0.298502027827105,-2.21017729598375E-05));
#3653=CARTESIAN_POINT('',(-0.0593010084095585,0.298017329831939,0.000436271229505118));
#3654=CARTESIAN_POINT('',(-0.059142820626498,0.297300415434736,0.000887868590278375));
#3655=CARTESIAN_POINT('',(-0.0589800542478713,0.296400679161515,0.00133098196065927));
#3656=CARTESIAN_POINT('',(-0.0588292523840176,0.295466165193844,0.0017206330702003));
#3657=CARTESIAN_POINT('',(-0.0586380320193072,0.294199682333467,0.00218827051536877));
#3658=CARTESIAN_POINT('',(-0.0584097754163387,0.29259727365189,0.00270150136878911));
#3659=CARTESIAN_POINT('',(-0.05813912555446,0.290654718388988,0.00324956037660452));
#3660=CARTESIAN_POINT('',(-0.0578662811164013,0.288699533054826,0.00374955791071863));
#3661=CARTESIAN_POINT('',(-0.0574952931600863,0.28608066857186,0.00436823878894345));
#3662=CARTESIAN_POINT('',(-0.057012873118006,0.282789489079379,0.00507147655163455));
#3663=CARTESIAN_POINT('',(-0.056397799069965,0.278837005287416,0.00583606842037778));
#3664=CARTESIAN_POINT('',(-0.0557421492708064,0.274883816735376,0.00654117205014503));
#3665=CARTESIAN_POINT('',(-0.0550432352626451,0.270932757391201,0.00719910821789778));
#3666=CARTESIAN_POINT('',(-0.0540511170933107,0.265669562388722,0.00802446166859051));
#3667=CARTESIAN_POINT('',(-0.0526931022966618,0.25910326176504,0.00897503027079747));
#3668=CARTESIAN_POINT('',(-0.0508634419805702,0.251251178090937,0.0100174359879148));
#3669=CARTESIAN_POINT('',(-0.0488250005944012,0.243431046196971,0.010979719138775));
#3670=CARTESIAN_POINT('',(-0.0465710491600781,0.235646470227096,0.0118737952612962));
#3671=CARTESIAN_POINT('',(-0.0441102897002425,0.227935957795908,0.0127041375856555));
#3672=CARTESIAN_POINT('',(-0.0405581778024443,0.217743909250835,0.0137360681126724));
#3673=CARTESIAN_POINT('',(-0.0356333415158718,0.205167410564417,0.0148973107208218));
#3674=CARTESIAN_POINT('',(-0.031337298334244,0.195222032640645,0.0157062622325271));
#3675=CARTESIAN_POINT('',(-0.0291977720923233,0.190244493064266,0.0160808274073095));
#3676=CARTESIAN_POINT('',(-0.0291977721211851,0.190244493053283,0.0160808273779697));
#3677=CARTESIAN_POINT('',(-0.0309224913366419,0.210608333333334,0.0163723300544847));
#3678=CARTESIAN_POINT('',(-0.0389000719502088,0.3048,0.0177206574112669));
#3679=CARTESIAN_POINT('',(-0.0338666666666666,0.3048,-0.00846666666666666));
#3680=CARTESIAN_POINT('',(-0.0338666666666666,0.327466666666667,-0.00846666666666666));
#3681=CARTESIAN_POINT('',(-0.0338666666666666,0.3048,-0.00846666666666666));
#3682=CARTESIAN_POINT('',(-0.0144020333626915,0.3048,-0.0266940954884421));
#3683=CARTESIAN_POINT('',(-0.0105164492302061,0.3048,0.00441271440468629));
#3684=CARTESIAN_POINT('',(-0.0338666666666666,0.3048,-0.00846666666666666));
#3685=CARTESIAN_POINT('',(-0.0451870791427174,0.3048,-0.0326112182773962));
#3686=CARTESIAN_POINT('',(-0.0338666666666666,0.3048,-0.00846666666666666));
#3687=CARTESIAN_POINT('',(-0.0338666666666666,0.3048,-0.00846666666666666));
#3688=CARTESIAN_POINT('',(-0.0754726294083129,0.116416666666667,0.000345941643247607));
#3689=CARTESIAN_POINT('',(-0.0602861643212338,0.3048,-0.00482887213942824));
#3690=CARTESIAN_POINT('',(-0.060134299670363,0.306683833333334,-0.004880620277255));
#3691=CARTESIAN_POINT('',(-0.075428364556625,0.116416666666667,0.000230627762165067));
#3692=CARTESIAN_POINT('',(-0.0603000094299924,0.3048,-0.00493971188743487));
#3693=CARTESIAN_POINT('',(-0.060148725878726,0.306683833333334,-0.00499141528393087));
#3694=CARTESIAN_POINT('',(-0.0753840997049371,0.116416666666667,0.000115313881082526));
#3695=CARTESIAN_POINT('',(-0.060313854538751,0.3048,-0.00505055163544151));
#3696=CARTESIAN_POINT('',(-0.0601631520870891,0.306683833333334,-0.00510221029060675));
#3697=CARTESIAN_POINT('',(-0.0753398348532491,0.116416666666667,-1.38777878078145E-17));
#3698=CARTESIAN_POINT('',(-0.0603276996475096,0.3048,-0.00516139138344814));
#3699=CARTESIAN_POINT('',(-0.0601775782954522,0.306683833333334,-0.00521300529728262));
#3700=CARTESIAN_POINT('',(-0.0750631795301995,0.116416666666667,-0.000720711756765891));
#3701=CARTESIAN_POINT('',(-0.0604142315772508,0.3048,-0.00585413980848961));
#3702=CARTESIAN_POINT('',(-0.0602677420977213,0.306683833333334,-0.00590547408900685));
#3703=CARTESIAN_POINT('',(-0.0747865242071499,0.116416666666667,-0.00144142351353178));
#3704=CARTESIAN_POINT('',(-0.0604735452672059,0.3048,-0.00655028723687246));
#3705=CARTESIAN_POINT('',(-0.0603304154778064,0.306683833333334,-0.00660137587410587));
#3706=CARTESIAN_POINT('',(-0.0742332135610506,0.116416666666667,-0.00288284702706355));
#3707=CARTESIAN_POINT('',(-0.0605373707800058,0.3048,-0.00794509109066365));
#3708=CARTESIAN_POINT('',(-0.0604004123521954,0.306683833333334,-0.00799571353129965));
#3709=CARTESIAN_POINT('',(-0.073956558238001,0.116416666666667,-0.00360355878382944));
#3710=CARTESIAN_POINT('',(-0.0605418825372103,0.3048,-0.00864374643023406));
#3711=CARTESIAN_POINT('',(-0.0604077357802024,0.306683833333334,-0.00869414830669811));
#3712=CARTESIAN_POINT('',(-0.0734032475919018,0.116416666666667,-0.00504498229736121));
#3713=CARTESIAN_POINT('',(-0.0604960762481688,0.3048,-0.0100392582612549));
#3714=CARTESIAN_POINT('',(-0.0603670045347315,0.306683833333334,-0.0100892010208939));
#3715=CARTESIAN_POINT('',(-0.0731265922688522,0.116416666666667,-0.00576569405412709));
#3716=CARTESIAN_POINT('',(-0.0604457582309635,0.3048,-0.0107361138679683));
#3717=CARTESIAN_POINT('',(-0.0603189498905846,0.306683833333334,-0.0107858180661067));
#3718=CARTESIAN_POINT('',(-0.072573281622753,0.116416666666667,-0.00720711756765886));
#3719=CARTESIAN_POINT('',(-0.0602906025510846,0.3048,-0.0121237298817258));
#3720=CARTESIAN_POINT('',(-0.0601677757603679,0.306683833333334,-0.0121728960048665));
#3721=CARTESIAN_POINT('',(-0.0722966262997033,0.116416666666667,-0.00792782932442474));
#3722=CARTESIAN_POINT('',(-0.0601857649867779,0.3048,-0.0128144894090387));
#3723=CARTESIAN_POINT('',(-0.0600646563736487,0.306683833333334,-0.0128633560098848));
#3724=CARTESIAN_POINT('',(-0.0717433156536041,0.116416666666667,-0.00936925283795651));
#3725=CARTESIAN_POINT('',(-0.0599222165024226,0.3048,-0.0141856544913789));
#3726=CARTESIAN_POINT('',(-0.0598040055109108,0.306683833333334,-0.0142338185079131));
#3727=CARTESIAN_POINT('',(-0.0714666603305545,0.116416666666667,-0.0100899645947224));
#3728=CARTESIAN_POINT('',(-0.0597635057494605,0.3048,-0.0148660591771046));
#3729=CARTESIAN_POINT('',(-0.0596464742036496,0.306683833333334,-0.0149138201229284));
#3730=CARTESIAN_POINT('',(-0.0709133496844553,0.116416666666667,-0.0115313881082542));
#3731=CARTESIAN_POINT('',(-0.0593931893246737,0.3048,-0.0162123196393362));
#3732=CARTESIAN_POINT('',(-0.0592779877210759,0.306683833333334,-0.0162591289546471));
#3733=CARTESIAN_POINT('',(-0.0706366943614056,0.116416666666667,-0.01225209986502));
#3734=CARTESIAN_POINT('',(-0.0591815838876249,0.3048,-0.0168781745623298));
#3735=CARTESIAN_POINT('',(-0.0590670327828871,0.306683833333334,-0.0169244353093028));
#3736=CARTESIAN_POINT('',(-0.0700833837153064,0.116416666666667,-0.0136935233785518));
#3737=CARTESIAN_POINT('',(-0.0587067826463079,0.3048,-0.0181912302610261));
#3738=CARTESIAN_POINT('',(-0.058593016635618,0.306683833333334,-0.0182362073298508));
#3739=CARTESIAN_POINT('',(-0.0698067283922568,0.116416666666667,-0.0144142351353177));
#3740=CARTESIAN_POINT('',(-0.0584435871430578,0.3048,-0.0188384302042679));
#3741=CARTESIAN_POINT('',(-0.0583299557305658,0.306683833333334,-0.0188826721549574));
#3742=CARTESIAN_POINT('',(-0.0692534177461576,0.116416666666667,-0.0158556586488495));
#3743=CARTESIAN_POINT('',(-0.057867228392751,0.3048,-0.0201101857144111));
#3744=CARTESIAN_POINT('',(-0.0577533664992169,0.306683833333334,-0.0201527309850667));
#3745=CARTESIAN_POINT('',(-0.068976762423108,0.116416666666667,-0.0165763704056153));
#3746=CARTESIAN_POINT('',(-0.0575540655110984,0.3048,-0.0207347404750353));
#3747=CARTESIAN_POINT('',(-0.0574398385419783,0.306683833333334,-0.0207763241757295));
#3748=CARTESIAN_POINT('',(-0.0684234517770087,0.116416666666667,-0.0180177939191471));
#3749=CARTESIAN_POINT('',(-0.056879702695156,0.3048,-0.0219573550010039));
#3750=CARTESIAN_POINT('',(-0.0567642652043375,0.306683833333334,-0.0219967506118224));
#3751=CARTESIAN_POINT('',(-0.0681467964539591,0.116416666666667,-0.018738505675913));
#3752=CARTESIAN_POINT('',(-0.0565185031884037,0.3048,-0.0225554139912257));
#3753=CARTESIAN_POINT('',(-0.0564022202557482,0.306683833333334,-0.0225935830743789));
#3754=CARTESIAN_POINT('',(-0.0675934858078599,0.116416666666667,-0.0201799291894448));
#3755=CARTESIAN_POINT('',(-0.0557502939778344,0.3048,-0.0237213497079063));
#3756=CARTESIAN_POINT('',(-0.0556318620595341,0.306683833333334,-0.0237567639130909));
#3757=CARTESIAN_POINT('',(-0.0673168304848103,0.116416666666667,-0.0209006409462106));
#3758=CARTESIAN_POINT('',(-0.0553432847610524,0.3048,-0.0242892256951763));
#3759=CARTESIAN_POINT('',(-0.0552235493038149,0.306683833333334,-0.024323111542666));
#3760=CARTESIAN_POINT('',(-0.066763519838711,0.116416666666667,-0.0223420644597425));
#3761=CARTESIAN_POINT('',(-0.0544859654210949,0.3048,-0.0253912942211626));
#3762=CARTESIAN_POINT('',(-0.0543631898769188,0.306683833333334,-0.0254217865187768));
#3763=CARTESIAN_POINT('',(-0.0664868645156614,0.116416666666667,-0.0230627762165083));
#3764=CARTESIAN_POINT('',(-0.0540356558414491,0.3048,-0.0259254860611813));
#3765=CARTESIAN_POINT('',(-0.0539111437547069,0.306683833333334,-0.025954113159628));
#3766=CARTESIAN_POINT('',(-0.0659335538695622,0.116416666666667,-0.0245041997300401));
#3767=CARTESIAN_POINT('',(-0.0530945120309218,0.3048,-0.0269568927775357));
#3768=CARTESIAN_POINT('',(-0.0529661216125353,0.306683833333334,-0.0269814197080107));
#3769=CARTESIAN_POINT('',(-0.0656568985465126,0.116416666666667,-0.025224911486806));
#3770=CARTESIAN_POINT('',(-0.0526036783967137,0.3048,-0.0274541069999725));
#3771=CARTESIAN_POINT('',(-0.0524731461952157,0.306683833333334,-0.0274763989551042));
#3772=CARTESIAN_POINT('',(-0.0651035879004133,0.116416666666667,-0.0266663350003378));
#3773=CARTESIAN_POINT('',(-0.0515845125801706,0.3048,-0.0284084929413112));
#3774=CARTESIAN_POINT('',(-0.0514493218269681,0.306683833333334,-0.0284259145207209));
#3775=CARTESIAN_POINT('',(-0.0648269325773637,0.116416666666667,-0.0273870467571037));
#3776=CARTESIAN_POINT('',(-0.0510561810439739,0.3048,-0.0288656640551443));
#3777=CARTESIAN_POINT('',(-0.05091847352864,0.306683833333334,-0.0288804502281247));
#3778=CARTESIAN_POINT('',(-0.0642736219312645,0.116416666666667,-0.0288284702706354));
#3779=CARTESIAN_POINT('',(-0.049965276717581,0.3048,-0.0297371451147734));
#3780=CARTESIAN_POINT('',(-0.0498221932654441,0.306683833333334,-0.0297462318632147));
#3781=CARTESIAN_POINT('',(-0.0639969666082149,0.116416666666667,-0.0295491820274013));
#3782=CARTESIAN_POINT('',(-0.0494027046190044,0.3048,-0.0301514545080611));
#3783=CARTESIAN_POINT('',(-0.0492567619991123,0.306683833333334,-0.0301574772328678));
#3784=CARTESIAN_POINT('',(-0.0634436559621156,0.116416666666667,-0.030990605540933));
#3785=CARTESIAN_POINT('',(-0.0482467875706964,0.3048,-0.030934657715451));
#3786=CARTESIAN_POINT('',(-0.0480948188867822,0.306683833333334,-0.0309340982371962));
#3787=CARTESIAN_POINT('',(-0.063167000639066,0.116416666666667,-0.031711317297699));
#3788=CARTESIAN_POINT('',(-0.047653443353802,0.3048,-0.0313035510330121));
#3789=CARTESIAN_POINT('',(-0.0474983077809493,0.306683833333334,-0.0312994733703652));
#3790=CARTESIAN_POINT('',(-0.0626136899929668,0.116416666666667,-0.0331527408112307));
#3791=CARTESIAN_POINT('',(-0.0464396401965631,0.3048,-0.0319936476799478));
#3792=CARTESIAN_POINT('',(-0.0462778996985991,0.306683833333334,-0.031982056748635));
#3793=CARTESIAN_POINT('',(-0.0623370346699172,0.116416666666667,-0.0338734525679966));
#3794=CARTESIAN_POINT('',(-0.0458191822096602,0.3048,-0.032314850485584));
#3795=CARTESIAN_POINT('',(-0.0456540036850576,0.306683833333334,-0.0322992644647599));
#3796=CARTESIAN_POINT('',(-0.0620603793468676,0.116416666666667,-0.0345941643247625));
#3797=CARTESIAN_POINT('',(-0.0451870791427174,0.3048,-0.0326112182773962));
#3798=CARTESIAN_POINT('',(-0.0450183461406759,0.306683833333334,-0.0325913888169226));
#3799=CARTESIAN_POINT('',(-0.0620161144951796,0.116416666666667,-0.034709478205845));
#3800=CARTESIAN_POINT('',(-0.0450859426520066,0.3048,-0.0326586371240862));
#3801=CARTESIAN_POINT('',(-0.0449166409335748,0.306683833333334,-0.0326381287132686));
#3802=CARTESIAN_POINT('',(-0.0619718496434917,0.116416666666667,-0.0348247920869275));
#3803=CARTESIAN_POINT('',(-0.0449848061612957,0.3048,-0.0327060559707762));
#3804=CARTESIAN_POINT('',(-0.0448149357264737,0.306683833333334,-0.0326848686096146));
#3805=CARTESIAN_POINT('',(-0.0619275847918037,0.116416666666667,-0.0349401059680101));
#3806=CARTESIAN_POINT('',(-0.0448836696705849,0.3048,-0.0327534748174661));
#3807=CARTESIAN_POINT('',(-0.0447132305193726,0.306683833333334,-0.0327316085059607));
#3808=CARTESIAN_POINT('',(-0.0678337672503793,0.210608333333334,-0.00258069569172408));
#3809=CARTESIAN_POINT('',(-0.0711964353439095,0.168411096519834,-0.0014245612787655));
#3810=CARTESIAN_POINT('',(-0.0619298566167535,0.28469495389876,-0.00461054641284899));
#3811=CARTESIAN_POINT('',(-0.0623614277146658,0.279860887583918,-0.00515310454034201));
#3812=CARTESIAN_POINT('',(-0.0631123189806241,0.270158219652749,-0.00584097987060385));
#3813=CARTESIAN_POINT('',(-0.0644833480742898,0.250731190830334,-0.00652266096174294));
#3814=CARTESIAN_POINT('',(-0.0661385266114601,0.22638708055154,-0.00643096971262397));
#3815=CARTESIAN_POINT('',(-0.067960958702777,0.202140072276528,-0.0052881826477368));
#3816=CARTESIAN_POINT('',(-0.0696696668906878,0.182824825547901,-0.00349468345522781));
#3817=CARTESIAN_POINT('',(-0.0706508090711335,0.173205270696514,-0.00221704378800656));
#3818=CARTESIAN_POINT('',(-0.0711964353439095,0.168411096519834,-0.0014245612787655));
#3819=CARTESIAN_POINT('',(-0.0536237292447925,0.210608333333334,-0.0336026913010794));
#3820=CARTESIAN_POINT('',(-0.0491423727612103,0.116416666666667,0.0075120013734834));
#3821=CARTESIAN_POINT('',(-0.028128332366102,0.116416666666667,0.0135376804929299));
#3822=CARTESIAN_POINT('',(-0.0279991576130483,0.114574117390087,0.0135747207573246));
#3823=CARTESIAN_POINT('',(-0.0276981032330228,0.110897320841114,0.0136610467116593));
#3824=CARTESIAN_POINT('',(-0.0269957409732262,0.105394713110162,0.0138624458487872));
#3825=CARTESIAN_POINT('',(-0.0256842508138017,0.100031042574975,0.0142385096004702));
#3826=CARTESIAN_POINT('',(-0.0240465371678269,0.0966984792206864,0.0147081164316477));
#3827=CARTESIAN_POINT('',(-0.0229449106691715,0.09525,0.0150240027469668));
#3828=CARTESIAN_POINT('',(-0.0281283323661021,0.116416666666667,0.0135376804929299));
#3829=CARTESIAN_POINT('',(-0.0229449106691714,0.09525,0.0150240027469668));
#3830=CARTESIAN_POINT('',(-0.0491423727612103,0.116416666666667,0.0075120013734834));
#3831=CARTESIAN_POINT('',(-0.0491423727612103,0.09525,0.0075120013734834));
#3832=CARTESIAN_POINT('',(-0.0278017036739393,0.116416666666667,0.013631339763264));
#3833=CARTESIAN_POINT('',(-0.0317188652974008,0.168723063098954,0.014555073466526));
#3834=CARTESIAN_POINT('',(-0.0283658945133533,0.116416666666667,0.0134695606433746));
#3835=CARTESIAN_POINT('',(-0.0322219284027631,0.168723063098954,0.0144079956371132));
#3836=CARTESIAN_POINT('',(-0.0289300853527672,0.116416666666667,0.0133077815234853));
#3837=CARTESIAN_POINT('',(-0.032724378318789,0.168723063098954,0.0142589794031286));
#3838=CARTESIAN_POINT('',(-0.0305858371126828,0.116416666666667,0.0128330023463675));
#3839=CARTESIAN_POINT('',(-0.0341969062966604,0.168723063098954,0.0138160405977141));
#3840=CARTESIAN_POINT('',(-0.0316773980331844,0.116416666666667,0.012520002289139));
#3841=CARTESIAN_POINT('',(-0.0351650862310402,0.168723063098954,0.0135168692412439));
#3842=CARTESIAN_POINT('',(-0.0338605198741877,0.116416666666667,0.0118940021746821));
#3843=CARTESIAN_POINT('',(-0.0370951586766776,0.168723063098954,0.0129046525163615));
#3844=CARTESIAN_POINT('',(-0.0349520807946892,0.116416666666667,0.0115810021174536));
#3845=CARTESIAN_POINT('',(-0.0380570509640648,0.168723063098954,0.0125916072494071));
#3846=CARTESIAN_POINT('',(-0.0371352026356925,0.116416666666667,0.0109550020029966));
#3847=CARTESIAN_POINT('',(-0.0399734789553132,0.168723063098954,0.0119521787780372));
#3848=CARTESIAN_POINT('',(-0.0382267635561941,0.116416666666667,0.0106420019457682));
#3849=CARTESIAN_POINT('',(-0.0409280144439544,0.168723063098954,0.0116257956923316));
#3850=CARTESIAN_POINT('',(-0.0404098853971973,0.116416666666667,0.0100160018313112));
#3851=CARTESIAN_POINT('',(-0.0428287050330904,0.168723063098954,0.0109603098907605));
#3852=CARTESIAN_POINT('',(-0.041501446317699,0.116416666666667,0.00970300177408273));
#3853=CARTESIAN_POINT('',(-0.0437748599283427,0.168723063098954,0.0106212073101248));
#3854=CARTESIAN_POINT('',(-0.0436845681587022,0.116416666666667,0.00907700165962578));
#3855=CARTESIAN_POINT('',(-0.0456578171939604,0.168723063098954,0.00993097924674393));
#3856=CARTESIAN_POINT('',(-0.0447761290792038,0.116416666666667,0.00876400160239731));
#3857=CARTESIAN_POINT('',(-0.0465946193703259,0.168723063098954,0.00957985391491496));
#3858=CARTESIAN_POINT('',(-0.0469592509202071,0.116416666666667,0.00813800148794036));
#3859=CARTESIAN_POINT('',(-0.0484579567228556,0.168723063098954,0.0088663512023878));
#3860=CARTESIAN_POINT('',(-0.0480508118407087,0.116416666666667,0.00782500143071188));
#3861=CARTESIAN_POINT('',(-0.0493844917174586,0.168723063098954,0.00850397398736158));
#3862=CARTESIAN_POINT('',(-0.0502339336817119,0.116416666666667,0.00719900131625493));
#3863=CARTESIAN_POINT('',(-0.0512264435306191,0.168723063098954,0.00776880773430303));
#3864=CARTESIAN_POINT('',(-0.0513254946022135,0.116416666666667,0.00688600125902645));
#3865=CARTESIAN_POINT('',(-0.0521418601811736,0.168723063098954,0.00739601887567708));
#3866=CARTESIAN_POINT('',(-0.0535086164432168,0.116416666666667,0.0062600011445695));
#3867=CARTESIAN_POINT('',(-0.0539607926776454,0.168723063098954,0.00664093375363331));
#3868=CARTESIAN_POINT('',(-0.0546001773637184,0.116416666666667,0.00594700108734103));
#3869=CARTESIAN_POINT('',(-0.0548643083701537,0.168723063098954,0.00625863768225019));
#3870=CARTESIAN_POINT('',(-0.0567832992047216,0.116416666666667,0.00532100097288407));
#3871=CARTESIAN_POINT('',(-0.0566587296943593,0.168723063098954,0.00548550116921836));
#3872=CARTESIAN_POINT('',(-0.0578748601252232,0.116416666666667,0.0050080009156556));
#3873=CARTESIAN_POINT('',(-0.0575496351881874,0.168723063098954,0.00509466093104873));
#3874=CARTESIAN_POINT('',(-0.0600579819662265,0.116416666666667,0.00438200080119865));
#3875=CARTESIAN_POINT('',(-0.0593182046040772,0.168723063098954,0.00430545179785416));
#3876=CARTESIAN_POINT('',(-0.0611495428867281,0.116416666666667,0.00406900074397017));
#3877=CARTESIAN_POINT('',(-0.0601958684046594,0.168723063098954,0.00390708311649812));
#3878=CARTESIAN_POINT('',(-0.0633326647277313,0.116416666666667,0.00344300062951322));
#3879=CARTESIAN_POINT('',(-0.0619374045617951,0.168723063098954,0.00310387922701411));
#3880=CARTESIAN_POINT('',(-0.0644242256482329,0.116416666666667,0.00313000057228474));
#3881=CARTESIAN_POINT('',(-0.0628012768140079,0.168723063098954,0.00269904424142751));
#3882=CARTESIAN_POINT('',(-0.0666073474892362,0.116416666666667,0.00250400045782779));
#3883=CARTESIAN_POINT('',(-0.064514765030981,0.168723063098954,0.00188400974185359));
#3884=CARTESIAN_POINT('',(-0.0676989084097378,0.116416666666667,0.00219100040059931));
#3885=CARTESIAN_POINT('',(-0.0653643809091826,0.168723063098954,0.00147381045790811));
#3886=CARTESIAN_POINT('',(-0.069882030250741,0.116416666666667,0.00156500028614236));
#3887=CARTESIAN_POINT('',(-0.0670489794294625,0.168723063098954,0.000649182434089107));
#3888=CARTESIAN_POINT('',(-0.0709735911712426,0.116416666666667,0.00125200022891389));
#3889=CARTESIAN_POINT('',(-0.0678839620032978,0.168723063098954,0.00023475393033961));
#3890=CARTESIAN_POINT('',(-0.0731567130122459,0.116416666666667,0.000626000114456939));
#3891=CARTESIAN_POINT('',(-0.0695390071849409,0.168723063098954,-0.000597171384612498));
#3892=CARTESIAN_POINT('',(-0.0742482739327476,0.116416666666667,0.00031300005722844));
#3893=CARTESIAN_POINT('',(-0.0703590697362519,0.168723063098954,-0.00101466789910255));
#3894=CARTESIAN_POINT('',(-0.0753398348532491,0.116416666666667,-1.38777878078145E-17));
#3895=CARTESIAN_POINT('',(-0.0711715749468534,0.168723063098954,-0.0014331086464381));
#3896=CARTESIAN_POINT('',(-0.0282119728047747,0.118122463209461,0.0135803995983356));
#3897=CARTESIAN_POINT('',(-0.028185655794278,0.117553815473213,0.0135657064954412));
#3898=CARTESIAN_POINT('',(-0.028157876837793,0.116985213446927,0.0135514379409524));
#3899=CARTESIAN_POINT('',(-0.028128332366102,0.116416666666667,0.0135376804929299));
#3900=CARTESIAN_POINT('',(-0.0282119728047747,0.118122463209461,0.0135803995983356));
#3901=CARTESIAN_POINT('',(-0.0282119728047747,0.118122463209461,0.0135803995983356));
#3902=CARTESIAN_POINT('',(-0.0296377897861279,0.118412392601562,0.0131826024483058));
#3903=CARTESIAN_POINT('',(-0.0324037731012346,0.119247422581642,0.0124205065353924));
#3904=CARTESIAN_POINT('',(-0.0363924392880931,0.120962149212896,0.0113318549634687));
#3905=CARTESIAN_POINT('',(-0.040266500830454,0.12302961555099,0.0102715903181423));
#3906=CARTESIAN_POINT('',(-0.0451787451687752,0.126107115419808,0.00890813069566079));
#3907=CARTESIAN_POINT('',(-0.0497725859554065,0.129617375449873,0.00758400611698141));
#3908=CARTESIAN_POINT('',(-0.0540295311634364,0.133548443010216,0.00627248141819952));
#3909=CARTESIAN_POINT('',(-0.0580643229717833,0.13780891059087,0.00495814366371167));
#3910=CARTESIAN_POINT('',(-0.0624734142452027,0.143597918733338,0.00336473612978502));
#3911=CARTESIAN_POINT('',(-0.065938833346454,0.14999950320534,0.0018634186783718));
#3912=CARTESIAN_POINT('',(-0.0681062969767259,0.155514059921684,0.000743895323491223));
#3913=CARTESIAN_POINT('',(-0.0698481787305249,0.161130061300098,-0.00029336925417783));
#3914=CARTESIAN_POINT('',(-0.0707438872902598,0.165472732581638,-0.000991655192641441));
#3915=CARTESIAN_POINT('',(-0.0711964353439095,0.168411096519834,-0.0014245612787655));
#3916=CARTESIAN_POINT('',(0.00468220638024939,0.09525,-0.00449430832386272));
#3917=CARTESIAN_POINT('',(-0.0340130595037153,0.09525,-0.0345941643247624));
#3918=CARTESIAN_POINT('',(-0.00596573966056317,0.09525,-0.0345941643410114));
#3919=CARTESIAN_POINT('',(-0.00596573966056317,0.09525,-0.0345941643572603));
#3920=CARTESIAN_POINT('',(-0.0145058230973209,0.09525,-0.0306813037954638));
#3921=CARTESIAN_POINT('',(-0.0230844145672108,0.09525,-0.0183190333180141));
#3922=CARTESIAN_POINT('',(-0.0324184282528753,0.09525,1.36097409422456E-18));
#3923=CARTESIAN_POINT('',(-0.0324184282528753,0.09525,-2.75437373026055E-18));
#3924=CARTESIAN_POINT('',(-0.022944910723075,0.09525,0.0150240026977024));
#3925=CARTESIAN_POINT('',(-0.0267124738521507,0.09525,0.0115806883216514));
#3926=CARTESIAN_POINT('',(-0.0299677820089657,0.09525,0.00673309521821288));
#3927=CARTESIAN_POINT('',(-0.0324184282528753,0.09525,1.44560289664734E-18));
#3928=CARTESIAN_POINT('',(-0.0340130595037153,0.116416666666667,-0.0345941643247624));
#3929=CARTESIAN_POINT('',(-0.0340130595037153,0.116416666666667,-0.0345941643247624));
#3930=CARTESIAN_POINT('',(-0.00596573966056317,0.116416666666667,-0.0345941643410114));
#3931=CARTESIAN_POINT('',(-0.00596573966056317,0.116416666666667,-0.0345941643247624));
#3932=CARTESIAN_POINT('',(0.00145317316064893,0.124870633177416,-0.0184120377149696));
#3933=CARTESIAN_POINT('',(-0.00596573966056317,0.127001333333333,-0.0345941643410114));
#3934=CARTESIAN_POINT('',(-0.00596573966056317,0.127,-0.0345941643410114));
#3935=CARTESIAN_POINT('',(-0.00596573966056317,0.116416665891728,-0.0345941643572604));
#3936=CARTESIAN_POINT('',(-0.00628839887183759,0.119941899707998,-0.0344463296771843));
#3937=CARTESIAN_POINT('',(-0.0065774125998216,0.123470091726842,-0.0343023019412523));
#3938=CARTESIAN_POINT('',(-0.00684695567648009,0.127,-0.0341606131335458));
#3939=CARTESIAN_POINT('',(-0.00684694940370095,0.127,-0.034160612976047));
#3940=CARTESIAN_POINT('',(-0.00596573966056317,0.127,-0.0345941643572603));
#3941=CARTESIAN_POINT('',(-0.0145058230973209,0.127,-0.0306813037954638));
#3942=CARTESIAN_POINT('',(-0.0230844145672108,0.127,-0.0183190333180141));
#3943=CARTESIAN_POINT('',(-0.0324184282528753,0.127,1.36097409422456E-18));
#3944=CARTESIAN_POINT('',(-0.0255973600150302,0.15366274790195,-0.00290340597825247));
#3945=CARTESIAN_POINT('',(-0.254,0.210622572843611,0.00421368090903872));
#3946=CARTESIAN_POINT('',(-0.0255973600150302,0.134837329164777,0.00148656129592992));
#3947=CARTESIAN_POINT('',(-0.254,0.210450233515047,0.00649502576223742));
#3948=CARTESIAN_POINT('',(-0.0255973600150302,0.131475105175569,0.00244194544975558));
#3949=CARTESIAN_POINT('',(-0.254,0.210748086055022,0.00691386860626266));
#3950=CARTESIAN_POINT('',(-0.0255973600150302,0.127842050325351,0.00368285861570202));
#3951=CARTESIAN_POINT('',(-0.254,0.211573696616506,0.00736581968995612));
#3952=CARTESIAN_POINT('',(-0.0255973600150302,0.127143925612122,0.00393337539757452));
#3953=CARTESIAN_POINT('',(-0.254,0.21176148347313,0.0074526297831279));
#3954=CARTESIAN_POINT('',(-0.0255973600150302,0.126140708248222,0.00431171325465675));
#3955=CARTESIAN_POINT('',(-0.254,0.212077871394166,0.00757700936604016));
#3956=CARTESIAN_POINT('',(-0.0255973600150302,0.12581363301499,0.00443825231859279));
#3957=CARTESIAN_POINT('',(-0.254,0.212189141169586,0.00761748999442545));
#3958=CARTESIAN_POINT('',(-0.0255973600150302,0.125174331582116,0.00469203245272613));
#3959=CARTESIAN_POINT('',(-0.254,0.212423226899702,0.00769647019269138));
#3960=CARTESIAN_POINT('',(-0.0255973600150302,0.124862103389729,0.00481927411022625));
#3961=CARTESIAN_POINT('',(-0.254,0.212546023080601,0.00773497559031808));
#3962=CARTESIAN_POINT('',(-0.0255973600150302,0.123338506222005,0.00545687452793041));
#3963=CARTESIAN_POINT('',(-0.254,0.213188216952642,0.00792263557889747));
#3964=CARTESIAN_POINT('',(-0.0255973600150302,0.122239768629296,0.0059714096787451));
#3965=CARTESIAN_POINT('',(-0.254,0.213792253546427,0.0080571891711878));
#3966=CARTESIAN_POINT('',(-0.0255973600150302,0.117374376506406,0.00854294691040014));
#3967=CARTESIAN_POINT('',(-0.254,0.217228412850264,0.00865570165031433));
#3968=CARTESIAN_POINT('',(-0.0255973600150302,0.115492609498186,0.0105965334239852));
#3969=CARTESIAN_POINT('',(-0.254,0.221308464565048,0.00889689409017517));
#3970=CARTESIAN_POINT('',(-0.0255973600150302,0.116215605580354,0.0132219262577889));
#3971=CARTESIAN_POINT('',(-0.254,0.228744950544411,0.0089716934371889));
#3972=CARTESIAN_POINT('',(-0.0255973600150302,0.117047545373493,0.0140212260462945));
#3973=CARTESIAN_POINT('',(-0.254,0.231443180605397,0.00894879500073055));
#3974=CARTESIAN_POINT('',(-0.0255973600150302,0.118881336755371,0.0148787366254564));
#3975=CARTESIAN_POINT('',(-0.254,0.235019357641419,0.0088676155360772));
#3976=CARTESIAN_POINT('',(-0.0255973600150302,0.119287788363769,0.0150431580334653));
#3977=CARTESIAN_POINT('',(-0.254,0.235744762521613,0.0088487518221925));
#3978=CARTESIAN_POINT('',(-0.0255973600150302,0.1199580405919,0.0152782911110305));
#3979=CARTESIAN_POINT('',(-0.254,0.236846795383419,0.00881665013907972));
#3980=CARTESIAN_POINT('',(-0.0255973600150302,0.120191588549961,0.0153547407007323));
#3981=CARTESIAN_POINT('',(-0.254,0.237216460594273,0.0088053152259945));
#3982=CARTESIAN_POINT('',(-0.0255973600150302,0.120678844282786,0.0155037287143409));
#3983=CARTESIAN_POINT('',(-0.254,0.237960211418492,0.00878139929891968));
#3984=CARTESIAN_POINT('',(-0.0255973600150302,0.120932515065881,0.0155762794848237));
#3985=CARTESIAN_POINT('',(-0.254,0.238334297031857,0.00876881828493009));
#3986=CARTESIAN_POINT('',(-0.0255973600150302,0.122250078576197,0.0159294306764407));
#3987=CARTESIAN_POINT('',(-0.254,0.2402152224933,0.0087028544706984));
#3988=CARTESIAN_POINT('',(-0.0255973600150302,0.123461600087944,0.0161812231151847));
#3989=CARTESIAN_POINT('',(-0.254,0.241753554525242,0.00864029543760512));
#3990=CARTESIAN_POINT('',(-0.0255973600150302,0.130242241895754,0.0172938080680576));
#3991=CARTESIAN_POINT('',(-0.254,0.249577741853036,0.00828217687413986));
#3992=CARTESIAN_POINT('',(-0.0255973600150302,0.137980464939053,0.0177154688596456));
#3993=CARTESIAN_POINT('',(-0.254,0.25626117865314,0.00785064714977133));
#3994=CARTESIAN_POINT('',(-0.0255973600150302,0.165666402953912,0.0178542184672848));
#3995=CARTESIAN_POINT('',(-0.254,0.27622319386629,0.00625982736064282));
#3996=CARTESIAN_POINT('',(-0.0255973600150302,0.190085386810433,0.0164450745162114));
#3997=CARTESIAN_POINT('',(-0.254,0.289413477092172,0.00480430667985991));
#3998=CARTESIAN_POINT('',(-0.0255973600150302,0.225776960740387,0.0131948480353776));
#3999=CARTESIAN_POINT('',(-0.254,0.303580087553593,0.00258406044570403));
#4000=CARTESIAN_POINT('',(-0.0255973600150302,0.237518001741233,0.0119220207827291));
#4001=CARTESIAN_POINT('',(-0.254,0.307365821977832,0.00183781749882183));
#4002=CARTESIAN_POINT('',(-0.0255973600150302,0.253660407825702,0.00986814663770361));
#4003=CARTESIAN_POINT('',(-0.254,0.310959442019457,0.000778648777636168));
#4004=CARTESIAN_POINT('',(-0.0255973600150302,0.258796350617724,0.00915941637835302));
#4005=CARTESIAN_POINT('',(-0.254,0.31180981843421,0.000435625153763884));
#4006=CARTESIAN_POINT('',(-0.0255973600150302,0.264183044934997,0.00834805369662089));
#4007=CARTESIAN_POINT('',(-0.254,0.312311781789258,6.75199894692932E-05));
#4008=CARTESIAN_POINT('',(-0.0255973600150302,0.264776132390134,0.00825770727988084));
#4009=CARTESIAN_POINT('',(-0.254,0.312361237810797,2.68666691663853E-05));
#4010=CARTESIAN_POINT('',(-0.0255973600150302,0.265951038461375,0.00807666978831033));
#4011=CARTESIAN_POINT('',(-0.254,0.312447307207362,-5.39233682676106E-05));
#4012=CARTESIAN_POINT('',(-0.0255973600150302,0.266532858896487,0.00798597864837934));
#4013=CARTESIAN_POINT('',(-0.254,0.312483938632208,-9.40607313846103E-05));
#4014=CARTESIAN_POINT('',(-0.0255973600150302,0.26826088138079,0.00771345394065821));
#4015=CARTESIAN_POINT('',(-0.254,0.312574905877544,-0.00021368795791481));
#4016=CARTESIAN_POINT('',(-0.0255973600150302,0.269389644608951,0.0075311690849399));
#4017=CARTESIAN_POINT('',(-0.254,0.312610314668832,-0.000292392958507208));
#4018=CARTESIAN_POINT('',(-0.0255973600150302,0.272701850853278,0.0069830365221446));
#4019=CARTESIAN_POINT('',(-0.254,0.312643095254752,-0.000525273340834784));
#4020=CARTESIAN_POINT('',(-0.0255973600150302,0.274811210429289,0.00661591081942724));
#4021=CARTESIAN_POINT('',(-0.254,0.312567021261436,-0.000676214103120332));
#4022=CARTESIAN_POINT('',(-0.0255973600150302,0.284806409961229,0.00477879108253523));
#4023=CARTESIAN_POINT('',(-0.254,0.311727177093342,-0.00140808487599809));
#4024=CARTESIAN_POINT('',(-0.0255973600150302,0.291037454872817,0.00330432337844495));
#4025=CARTESIAN_POINT('',(-0.254,0.309584984314019,-0.00192051577094038));
#4026=CARTESIAN_POINT('',(-0.0255973600150302,0.296628342225363,0.00122041590495208));
#4027=CARTESIAN_POINT('',(-0.254,0.304745375165858,-0.00255520047770707));
#4028=CARTESIAN_POINT('',(-0.0255973600150302,0.297866024673739,0.000547079094228214));
#4029=CARTESIAN_POINT('',(-0.254,0.302861118786608,-0.00274443510735484));
#4030=CARTESIAN_POINT('',(-0.0255973600150302,0.29845035168064,-0.000173811681605592));
#4031=CARTESIAN_POINT('',(-0.254,0.30049069125649,-0.00292992222303042));
#4032=CARTESIAN_POINT('',(-0.0255973600150302,0.298504047563248,-0.000253401894541682));
#4033=CARTESIAN_POINT('',(-0.254,0.300223829321151,-0.00295015132140162));
#4034=CARTESIAN_POINT('',(-0.0255973600150302,0.298588659273582,-0.00041152242709358));
#4035=CARTESIAN_POINT('',(-0.254,0.299683331780561,-0.00298984042516687));
#4036=CARTESIAN_POINT('',(-0.0255973600150302,0.298619612201691,-0.000490054219816691));
#4037=CARTESIAN_POINT('',(-0.254,0.299409696175308,-0.00300930043056091));
#4038=CARTESIAN_POINT('',(-0.0255973600150302,0.298678929529231,-0.000724040305406324));
#4039=CARTESIAN_POINT('',(-0.254,0.298578911645788,-0.00306651491125653));
#4040=CARTESIAN_POINT('',(-0.0255973600150302,0.298673752471874,-0.000877885305693173));
#4041=CARTESIAN_POINT('',(-0.254,0.298011885007758,-0.00310310385107157));
#4042=CARTESIAN_POINT('',(-0.0255973600150302,0.298528194067764,-0.00133279216086598));
#4043=CARTESIAN_POINT('',(-0.254,0.296273556567478,-0.00320811336040411));
#4044=CARTESIAN_POINT('',(-0.0255973600150302,0.29825778548897,-0.00162722587006417));
#4045=CARTESIAN_POINT('',(-0.254,0.295065006239036,-0.00327177661980905));
#4046=CARTESIAN_POINT('',(-0.0255973600150302,0.294363107777887,-0.0041930080957371));
#4047=CARTESIAN_POINT('',(-0.254,0.283795366861406,-0.00378537419710843));
#4048=CARTESIAN_POINT('',(-0.0255973600150302,0.280511835132078,-0.00587550851243649));
#4049=CARTESIAN_POINT('',(-0.254,0.270985472860626,-0.003819706213587));
#4050=CARTESIAN_POINT('',(-0.0255973600150302,0.252626763587792,-0.00711084923912118));
#4051=CARTESIAN_POINT('',(-0.254,0.252215226199878,-0.00304300108843494));
#4052=CARTESIAN_POINT('',(-0.0255973600150302,0.242147045977101,-0.00730789449828867));
#4053=CARTESIAN_POINT('',(-0.254,0.246032576369698,-0.00264606552173927));
#4054=CARTESIAN_POINT('',(-0.0255973600150302,0.225709909264467,-0.00723247021796761));
#4055=CARTESIAN_POINT('',(-0.254,0.23744890639763,-0.00181924833362137));
#4056=CARTESIAN_POINT('',(-0.0255973600150302,0.220111270310823,-0.00714549676301521));
#4057=CARTESIAN_POINT('',(-0.254,0.23470273386914,-0.00150507363123635));
#4058=CARTESIAN_POINT('',(-0.0255973600150302,0.208851385695886,-0.00683973751433944));
#4059=CARTESIAN_POINT('',(-0.254,0.229537016434576,-0.000795525772007014));
#4060=CARTESIAN_POINT('',(-0.0255973600150302,0.203190141500195,-0.00662094993338514));
#4061=CARTESIAN_POINT('',(-0.254,0.227117486071535,-0.000400134880652043));
#4062=CARTESIAN_POINT('',(-0.0255973600150302,0.175168839023316,-0.00517712861377137));
#4063=CARTESIAN_POINT('',(-0.254,0.216077570797466,0.00178978700064784));
#4064=CARTESIAN_POINT('',(-0.0255973600150302,0.15366274790195,-0.00290340597825247));
#4065=CARTESIAN_POINT('',(-0.254,0.210622572843611,0.00421368090903872));
#4066=CARTESIAN_POINT('',(-0.0255973600150302,0.134837329164777,0.00148656129592992));
#4067=CARTESIAN_POINT('',(-0.254,0.210450233515047,0.00649502576223742));
#4068=CARTESIAN_POINT('',(-0.0275379750219478,0.127000000000017,0.0165153560724052));
#4069=CARTESIAN_POINT('',(-0.0275412554677898,0.126214933721254,0.0164036800770665));
#4070=CARTESIAN_POINT('',(-0.0275574669164594,0.124647163099129,0.016150791234096));
#4071=CARTESIAN_POINT('',(-0.0276285150304226,0.122321936657589,0.015644192159689));
#4072=CARTESIAN_POINT('',(-0.0277885280469781,0.120059797530826,0.0149153742454863));
#4073=CARTESIAN_POINT('',(-0.0280182412653042,0.118660114725553,0.0141429388074896));
#4074=CARTESIAN_POINT('',(-0.0282119728047747,0.118122463209461,0.0135803995983355));
#4075=CARTESIAN_POINT('',(-0.0275379750219494,0.127000000000035,0.0165153560724034));
#4076=CARTESIAN_POINT('',(-0.027537975988166,0.12700000006606,0.0165153559764326));
#4077=CARTESIAN_POINT('',(-0.0274229642934287,0.129142983478998,0.0168317590326988));
#4078=CARTESIAN_POINT('',(-0.0272683843091253,0.133472478104965,0.0172521139771117));
#4079=CARTESIAN_POINT('',(-0.0271122426193677,0.142114441485819,0.0176814561264125));
#4080=CARTESIAN_POINT('',(-0.0271020556028449,0.152935336172119,0.0177461956069432));
#4081=CARTESIAN_POINT('',(-0.0272658273275207,0.165929257940616,0.0174277013215797));
#4082=CARTESIAN_POINT('',(-0.0274673066631767,0.174585127048143,0.0170304125289603));
#4083=CARTESIAN_POINT('',(-0.0275878650206562,0.178910727689238,0.0167967863928968));
#4084=CARTESIAN_POINT('',(-0.0275878650206563,0.178910727689238,0.0167967863928968));
#4085=CARTESIAN_POINT('',(-0.0283220183885297,0.202691179050181,0.015190196369705));
#4086=CARTESIAN_POINT('',(-0.0280652918478466,0.194771696713037,0.0158237658322914));
#4087=CARTESIAN_POINT('',(-0.0278129543936371,0.18684465151403,0.0163681730160607));
#4088=CARTESIAN_POINT('',(-0.0275878650206563,0.178910727689238,0.0167967863928968));
#4089=CARTESIAN_POINT('',(-0.0283220183885297,0.20269117905018,0.015190196369705));
#4090=CARTESIAN_POINT('',(-0.0291977721515193,0.19024449341144,0.0160808273830967));
#4091=CARTESIAN_POINT('',(-0.029025922712129,0.194403071146504,0.0158095082244484));
#4092=CARTESIAN_POINT('',(-0.0287234077103463,0.198553580159149,0.0155120055883824));
#4093=CARTESIAN_POINT('',(-0.0283220183885276,0.20269117905018,0.0151901963697051));
#4094=CARTESIAN_POINT('',(-0.0283826524992714,0.178919308396635,0.0150731533350022));
#4095=CARTESIAN_POINT('',(-0.0283351633939844,0.19990108809151,0.0151557084735977));
#4096=CARTESIAN_POINT('',(-0.0282915842972127,0.220882828040765,0.0152448385583558));
#4097=CARTESIAN_POINT('',(-0.0282338370630763,0.25174149421956,0.0153827994506979));
#4098=CARTESIAN_POINT('',(-0.0282163030528325,0.261618443258658,0.0154279901753886));
#4099=CARTESIAN_POINT('',(-0.0281996938898443,0.27149538665368,0.015474057147637));
#4100=CARTESIAN_POINT('',(-0.0275878650206563,0.178910727689238,0.0167967863928968));
#4101=CARTESIAN_POINT('',(-0.027608029490125,0.199892273074365,0.0169105362241851));
#4102=CARTESIAN_POINT('',(-0.0276281939595938,0.220873818459492,0.0170242860554733));
#4103=CARTESIAN_POINT('',(-0.0276578506755214,0.251732241596997,0.0171915826182994));
#4104=CARTESIAN_POINT('',(-0.0276673429219804,0.261609119349376,0.0172451293498373));
#4105=CARTESIAN_POINT('',(-0.0276768351684393,0.271485997101754,0.0172986760813752));
#4106=CARTESIAN_POINT('',(-0.0279155030247194,0.270933858317982,0.0164634498606317));
#4107=CARTESIAN_POINT('',(-0.0278357684705428,0.270933858317982,0.0167408603130198));
#4108=CARTESIAN_POINT('',(-0.0277560356394331,0.270933858317982,0.0170182712606478));
#4109=CARTESIAN_POINT('',(-0.027676304531375,0.270933858317982,0.0172956827035115));
#4110=CARTESIAN_POINT('',(-0.0279155030247194,0.270933858317982,0.0164634498606317));
#4111=CARTESIAN_POINT('',(-0.0276763045313749,0.270933858317982,0.0172956827035115));
#4112=CARTESIAN_POINT('',(-0.0283220183885293,0.20269117905018,0.0151901963697055));
#4113=CARTESIAN_POINT('',(-0.0283189267349457,0.214067643633772,0.0151873906248012));
#4114=CARTESIAN_POINT('',(-0.0281642306846353,0.236817961702451,0.0155565172590193));
#4115=CARTESIAN_POINT('',(-0.0279937391936912,0.259562293861003,0.0161432873805104));
#4116=CARTESIAN_POINT('',(-0.0279155030247194,0.270933858317982,0.0164634498606317));
#4117=CARTESIAN_POINT('',(-0.0276234138345539,0.2159,0.0169973208820201));
#4118=CARTESIAN_POINT('',(-0.0239149076780803,0.189557160011603,0.00171325192541305));
#4119=CARTESIAN_POINT('',(-0.0105164492302061,0.3048,0.00441271440468629));
#4120=CARTESIAN_POINT('',(-0.023952121199134,0.189557160011603,0.00220802839840488));
#4121=CARTESIAN_POINT('',(-0.0108536307362776,0.3048,0.00502402184552559));
#4122=CARTESIAN_POINT('',(-0.0239967369075429,0.189557160011603,0.00269315538346692));
#4123=CARTESIAN_POINT('',(-0.0112148301449296,0.3048,0.00562208065789242));
#4124=CARTESIAN_POINT('',(-0.0240999960182769,0.189557160011603,0.00364282354245878));
#4125=CARTESIAN_POINT('',(-0.0119830393554989,0.3048,0.00678801637457298));
#4126=CARTESIAN_POINT('',(-0.0241586391934211,0.189557160011603,0.00410736436034313));
#4127=CARTESIAN_POINT('',(-0.0123900485722809,0.3048,0.00735589236184299));
#4128=CARTESIAN_POINT('',(-0.0242890662637202,0.189557160011603,0.00501464444304603));
#4129=CARTESIAN_POINT('',(-0.0132473679122384,0.3048,0.00845796088782932));
#4130=CARTESIAN_POINT('',(-0.0243608499478477,0.189557160011603,0.00545738343659274));
#4131=CARTESIAN_POINT('',(-0.0136976774918843,0.3048,0.00899215272784797));
#4132=CARTESIAN_POINT('',(-0.0245165674884806,0.189557160011603,0.0063199248952706));
#4133=CARTESIAN_POINT('',(-0.0146388213024116,0.3048,0.0100235594442024));
#4134=CARTESIAN_POINT('',(-0.0246005011133253,0.189557160011603,0.00673972710652316));
#4135=CARTESIAN_POINT('',(-0.0151296549366196,0.3048,0.0105207736666392));
#4136=CARTESIAN_POINT('',(-0.0247794309834117,0.189557160011603,0.00755534853746811));
#4137=CARTESIAN_POINT('',(-0.0161488207531628,0.3048,0.0114751596079779));
#4138=CARTESIAN_POINT('',(-0.0248744269777878,0.189557160011603,0.0079511675222404));
#4139=CARTESIAN_POINT('',(-0.0166771522893595,0.3048,0.011932330721811));
#4140=CARTESIAN_POINT('',(-0.0250743042742282,0.189557160011603,0.00871787188730516));
#4141=CARTESIAN_POINT('',(-0.0177680566157523,0.3048,0.01280381178144));
#4142=CARTESIAN_POINT('',(-0.0251791853077686,0.189557160011603,0.00908875705308441));
#4143=CARTESIAN_POINT('',(-0.0183306287143289,0.3048,0.0132181211747278));
#4144=CARTESIAN_POINT('',(-0.0253975734061247,0.189557160011603,0.00980474576453964));
#4145=CARTESIAN_POINT('',(-0.0194865457626369,0.3048,0.0140013243821177));
#4146=CARTESIAN_POINT('',(-0.0255110801864139,0.189557160011603,0.0101498491174318));
#4147=CARTESIAN_POINT('',(-0.0200798899795314,0.3048,0.0143702176996788));
#4148=CARTESIAN_POINT('',(-0.0257453868405091,0.189557160011603,0.0108135348993107));
#4149=CARTESIAN_POINT('',(-0.0212936931367703,0.3048,0.0150603143466145));
#4150=CARTESIAN_POINT('',(-0.0258661864155399,0.189557160011603,0.0111321171584315));
#4151=CARTESIAN_POINT('',(-0.0219141513075785,0.3048,0.0153815172384766));
#4152=CARTESIAN_POINT('',(-0.0261136808165182,0.189557160011603,0.0117421356050667));
#4153=CARTESIAN_POINT('',(-0.0231783570736534,0.3048,0.0159742526496493));
#4154=CARTESIAN_POINT('',(-0.0262403753312841,0.189557160011603,0.0120335716466806));
#4155=CARTESIAN_POINT('',(-0.0238221038674292,0.3048,0.0162457847931732));
#4156=CARTESIAN_POINT('',(-0.0264982060209556,0.189557160011603,0.0125887914071726));
#4157=CARTESIAN_POINT('',(-0.025128917993401,0.3048,0.0167375045576687));
#4158=CARTESIAN_POINT('',(-0.0266293418741916,0.189557160011603,0.0128525750050149));
#4159=CARTESIAN_POINT('',(-0.0257919844970931,0.3048,0.016957691866896));
#4160=CARTESIAN_POINT('',(-0.0268945554022197,0.189557160011603,0.0133521065308389));
#4161=CARTESIAN_POINT('',(-0.0271333500393156,0.3048,0.0173453643688526));
#4162=CARTESIAN_POINT('',(-0.0270286327468376,0.189557160011603,0.0135878543633959));
#4163=CARTESIAN_POINT('',(-0.0278116482274369,0.3048,0.0175128493158022));
#4164=CARTESIAN_POINT('',(-0.0272981929567431,0.189557160011603,0.0140310571652179));
#4165=CARTESIAN_POINT('',(-0.0291792952212928,0.3048,0.0177940844253312));
#4166=CARTESIAN_POINT('',(-0.0274336754853872,0.189557160011603,0.0142385120652575));
#4167=CARTESIAN_POINT('',(-0.0298686431599564,0.3048,0.0179078344096108));
#4168=CARTESIAN_POINT('',(-0.0277044833104621,0.189557160011603,0.0146250004342169));
#4169=CARTESIAN_POINT('',(-0.0312541396069399,0.3048,0.0180808982187417));
#4170=CARTESIAN_POINT('',(-0.0278398082658557,0.189557160011603,0.0148040338605374));
#4171=CARTESIAN_POINT('',(-0.0319502872368724,0.3048,0.0181402119338726));
#4172=CARTESIAN_POINT('',(-0.0281087219129401,0.189557160011603,0.0151336810187233));
#4173=CARTESIAN_POINT('',(-0.0333450910906637,0.3048,0.0182040374466725));
#4174=CARTESIAN_POINT('',(-0.0282423102613029,0.189557160011603,0.0152842947348784));
#4175=CARTESIAN_POINT('',(-0.0340437464302341,0.3048,0.018208549203877));
#4176=CARTESIAN_POINT('',(-0.0285061656579849,0.189557160011603,0.0155572353894112));
#4177=CARTESIAN_POINT('',(-0.0354392582612549,0.3048,0.0181627429148355));
#4178=CARTESIAN_POINT('',(-0.0286364323628019,0.189557160011603,0.0156795623390641));
#4179=CARTESIAN_POINT('',(-0.0361361138679683,0.3048,0.0181124248976301));
#4180=CARTESIAN_POINT('',(-0.0288920637419758,0.189557160011603,0.0158961936240339));
#4181=CARTESIAN_POINT('',(-0.0375237298817258,0.3048,0.0179572692177513));
#4182=CARTESIAN_POINT('',(-0.0290174279973312,0.189557160011603,0.0159904980124271));
#4183=CARTESIAN_POINT('',(-0.0382144892095739,0.3048,0.0178524316917833));
#4184=CARTESIAN_POINT('',(-0.0291395583222109,0.189557160011603,0.01607098839777));
#4185=CARTESIAN_POINT('',(-0.0389000719502088,0.3048,0.0177206574112669));
#4186=CARTESIAN_POINT('',(-0.0279155030247194,0.270933858317982,0.0164634498606317));
#4187=CARTESIAN_POINT('',(-0.026401769322046,0.270933858317982,0.0159700246501869));
#4188=CARTESIAN_POINT('',(-0.0234738283109515,0.270933858317982,0.0145957308144476));
#4189=CARTESIAN_POINT('',(-0.0197033177460837,0.270933858317982,0.0116209662720053));
#4190=CARTESIAN_POINT('',(-0.0166248944197941,0.270933858317982,0.00791439700464845));
#4191=CARTESIAN_POINT('',(-0.01509082615016,0.270933858317982,0.00509551732992482));
#4192=CARTESIAN_POINT('',(-0.014453822625048,0.270933858317982,0.00361942973036238));
#4193=CARTESIAN_POINT('',(-0.014453822625048,0.270933858317982,0.00361942973036238));
#4194=CARTESIAN_POINT('',(-0.0214674387415407,0.210608333333334,0.00220635720234315));
#4195=CARTESIAN_POINT('',(-0.00467412077443457,0.246036311817663,0.35270803503634));
#4196=CARTESIAN_POINT('',(-0.366157906727917,0.270933858317982,0.35940613482822));
#4197=CARTESIAN_POINT('',(-0.00938025897426222,0.270933858317973,-0.00642910726370754));
#4198=CARTESIAN_POINT('',(-0.0105353466965973,0.270933858317982,-0.00641323107032436));
#4199=CARTESIAN_POINT('',(-0.0106647483661662,0.269442630837611,-0.0065114375202937));
#4200=CARTESIAN_POINT('',(-0.0102508651982564,0.269952314561742,-0.00648410940859793));
#4201=CARTESIAN_POINT('',(-0.00982254000955799,0.270449688459871,-0.00645661785207795));
#4202=CARTESIAN_POINT('',(-0.00938025897426226,0.270933858317973,-0.00642910726370754));
#4203=CARTESIAN_POINT('',(-0.0106647483661663,0.269442630837611,-0.00651143752029371));
#4204=CARTESIAN_POINT('',(-0.0105353466965973,0.270933858317982,-0.00641323107032438));
#4205=CARTESIAN_POINT('',(-0.0105782511656007,0.270436795002856,-0.0064470061537097));
#4206=CARTESIAN_POINT('',(-0.0106213863644532,0.269939718609645,-0.00647972100591556));
#4207=CARTESIAN_POINT('',(-0.0106647483661663,0.269442630837611,-0.0065114375202937));
#4208=CARTESIAN_POINT('',(-0.0107243763542477,0.269433683472729,-0.00652057513352845));
#4209=CARTESIAN_POINT('',(-0.0104955786243116,0.270933858317982,-0.00660312479804676));
#4210=CARTESIAN_POINT('',(-0.0103534299358851,0.269433683472729,-0.00645922327306361));
#4211=CARTESIAN_POINT('',(-0.0101216171129488,0.270933858317982,-0.00654437537195498));
#4212=CARTESIAN_POINT('',(-0.00998245291943238,0.269433683472729,-0.00639828998360683));
#4213=CARTESIAN_POINT('',(-0.00974762630141121,0.270933858317982,-0.00648602676185012));
#4214=CARTESIAN_POINT('',(-0.00961144557706343,0.269433683472729,-0.00633777267303496));
#4215=CARTESIAN_POINT('',(-0.00937360645032763,0.270933858317982,-0.0064280764855622));
#4216=CARTESIAN_POINT('',(-0.0104889271318893,0.270933858317982,-0.00660207989004739));
#4217=CARTESIAN_POINT('',(-0.0101194313562616,0.270933858317982,-0.00654403678174789));
#4218=CARTESIAN_POINT('',(-0.00974987495387043,0.270933858317982,-0.00648637992890929));
#4219=CARTESIAN_POINT('',(-0.0093802589742621,0.270933858317982,-0.00642910726370828));
#4220=CARTESIAN_POINT('',(-0.0104889271318893,0.270933858317982,-0.00660207989004742));
#4221=CARTESIAN_POINT('',(-0.0106647483661663,0.269442630837611,-0.0065114375202937));
#4222=CARTESIAN_POINT('',(-0.0106057562466394,0.26993965666126,-0.00654172612073283));
#4223=CARTESIAN_POINT('',(-0.0105471466574635,0.270436732246834,-0.00657194194654684));
#4224=CARTESIAN_POINT('',(-0.0104889271318893,0.270933858317982,-0.0066020798900474));
#4225=CARTESIAN_POINT('',(-0.0128091384051066,0.269230486614757,-0.0281857433980613));
#4226=CARTESIAN_POINT('',(-0.0144020333626915,0.3048,-0.0266940954884421));
#4227=CARTESIAN_POINT('',(-0.0144115337893915,0.305012145536065,-0.0266851989246354));
#4228=CARTESIAN_POINT('',(-0.012522827043561,0.269230486614757,-0.0277262017228482));
#4229=CARTESIAN_POINT('',(-0.0139248402531866,0.3048,-0.0261845124319114));
#4230=CARTESIAN_POINT('',(-0.0139332022130679,0.305012145536065,-0.0261753174087035));
#4231=CARTESIAN_POINT('',(-0.0122527857481664,0.269230486614757,-0.0272452197540131));
#4232=CARTESIAN_POINT('',(-0.013467669278189,0.3048,-0.0256561810439739));
#4233=CARTESIAN_POINT('',(-0.0134749151495323,0.305012145536065,-0.0256467036169055));
#4234=CARTESIAN_POINT('',(-0.0117475941875692,0.269230486614757,-0.0262432455374529));
#4235=CARTESIAN_POINT('',(-0.01259618821856,0.3048,-0.0245652767175809));
#4236=CARTESIAN_POINT('',(-0.0126012494470805,0.305012145536065,-0.0245552688889403));
#4237=CARTESIAN_POINT('',(-0.0115124444831746,0.269230486614757,-0.0257222539710254));
#4238=CARTESIAN_POINT('',(-0.0121818788252722,0.3048,-0.0240027046190045));
#4239=CARTESIAN_POINT('',(-0.0121858715002865,0.305012145536065,-0.0239924487935979));
#4240=CARTESIAN_POINT('',(-0.0110791745266075,0.269230486614757,-0.0246433041263561));
#4241=CARTESIAN_POINT('',(-0.0113986756178823,0.3048,-0.0228467875706964));
#4242=CARTESIAN_POINT('',(-0.0114005812028575,0.305012145536065,-0.0228360726935031));
#4243=CARTESIAN_POINT('',(-0.0108810546772219,0.269230486614757,-0.024085346442581));
#4244=CARTESIAN_POINT('',(-0.0110297823003212,0.3048,-0.0222534433538019));
#4245=CARTESIAN_POINT('',(-0.0110306693493227,0.305012145536065,-0.0222425174224129));
#4246=CARTESIAN_POINT('',(-0.0105237554937906,0.269230486614757,-0.0229356615918087));
#4247=CARTESIAN_POINT('',(-0.0103396856533855,0.3048,-0.0210396401965631));
#4248=CARTESIAN_POINT('',(-0.0103385878144991,0.305012145536065,-0.021028331847446));
#4249=CARTESIAN_POINT('',(-0.0103645765146488,0.269230486614757,-0.0223439350490478));
#4250=CARTESIAN_POINT('',(-0.0100184827615234,0.3048,-0.0204191820257548));
#4251=CARTESIAN_POINT('',(-0.0100164185712156,0.305012145536065,-0.020407702313972));
#4252=CARTESIAN_POINT('',(-0.0100868316263148,0.269230486614757,-0.0211300453158117));
#4253=CARTESIAN_POINT('',(-0.00942574735035065,0.3048,-0.01915497625968));
#4254=CARTESIAN_POINT('',(-0.00942180447723374,0.305012145536065,-0.0191431964504051));
#4255=CARTESIAN_POINT('',(-0.00996826602195544,0.269230486614757,-0.0205078827754941));
#4256=CARTESIAN_POINT('',(-0.00915421520682676,0.3048,-0.0185112294659041));
#4257=CARTESIAN_POINT('',(-0.00914936000274542,0.305012145536065,-0.0184993209227056));
#4258=CARTESIAN_POINT('',(-0.00977317202493434,0.269230486614757,-0.019236570358376));
#4259=CARTESIAN_POINT('',(-0.00866249544233133,0.3048,-0.0172044153399324));
#4260=CARTESIAN_POINT('',(-0.00865587108746713,0.305012145536065,-0.0171922950556011));
#4261=CARTESIAN_POINT('',(-0.00969664388515497,0.269230486614757,-0.0185874211536458));
#4262=CARTESIAN_POINT('',(-0.00844230813310399,0.3048,-0.0165413488362402));
#4263=CARTESIAN_POINT('',(-0.00843482695877243,0.305012145536065,-0.0165291455456328));
#4264=CARTESIAN_POINT('',(-0.00958679217337415,0.269230486614757,-0.0172656813453532));
#4265=CARTESIAN_POINT('',(-0.00805463563114745,0.3048,-0.0151999832940177));
#4266=CARTESIAN_POINT('',(-0.0080454974636537,0.305012145536065,-0.0151876629505904));
#4267=CARTESIAN_POINT('',(-0.00955346880074549,0.269230486614757,-0.0165930914316303));
#4268=CARTESIAN_POINT('',(-0.00788715068419778,0.3048,-0.0145216851058965));
#4269=CARTESIAN_POINT('',(-0.00787721234328598,0.305012145536065,-0.014509330716883));
#4270=CARTESIAN_POINT('',(-0.00953093040404166,0.269230486614757,-0.0152280923243838));
#4271=CARTESIAN_POINT('',(-0.00760591557466887,0.3048,-0.0131540381120405));
#4272=CARTESIAN_POINT('',(-0.00759443430140863,0.305012145536065,-0.0131416679303645));
#4273=CARTESIAN_POINT('',(-0.0095417155246005,0.269230486614757,-0.0145356838342157));
#4274=CARTESIAN_POINT('',(-0.00749216559038919,0.3048,-0.0124646901733769));
#4275=CARTESIAN_POINT('',(-0.00747994155839935,0.305012145536065,-0.0124523382456009));
#4276=CARTESIAN_POINT('',(-0.00960802915513504,0.269230486614757,-0.0131347249597695));
#4277=CARTESIAN_POINT('',(-0.00731910178125834,0.3048,-0.0110791937263934));
#4278=CARTESIAN_POINT('',(-0.00730545004193077,0.305012145536065,-0.0110669340204289));
#4279=CARTESIAN_POINT('',(-0.00966355775411424,0.269230486614757,-0.0124261752880266));
#4280=CARTESIAN_POINT('',(-0.00725978806612746,0.3048,-0.0103830460964609));
#4281=CARTESIAN_POINT('',(-0.00724545137831533,0.305012145536065,-0.0103708603593972));
#4282=CARTESIAN_POINT('',(-0.00981972113470391,0.269230486614757,-0.0109966454473213));
#4283=CARTESIAN_POINT('',(-0.0071959625533275,0.3048,-0.00898824224266967));
#4284=CARTESIAN_POINT('',(-0.00718031379635066,0.305012145536065,-0.00897626362013778));
#4285=CARTESIAN_POINT('',(-0.00992035594913867,0.269230486614757,-0.0102756659956807));
#4286=CARTESIAN_POINT('',(-0.007191450796123,0.3048,-0.00828958690309926));
#4287=CARTESIAN_POINT('',(-0.00717517491851158,0.305012145536065,-0.00827774142719412));
#4288=CARTESIAN_POINT('',(-0.0101668204769657,0.269230486614757,-0.00882500053812086));
#4289=CARTESIAN_POINT('',(-0.00723725708516449,0.3048,-0.00689407507207841));
#4290=CARTESIAN_POINT('',(-0.00721978443128088,0.305012145536065,-0.00688255854629247));
#4291=CARTESIAN_POINT('',(-0.0103126501668006,0.269230486614757,-0.00809531524988751));
#4292=CARTESIAN_POINT('',(-0.00728757510236986,0.3048,-0.00619721946536501));
#4293=CARTESIAN_POINT('',(-0.00726953279281593,0.305012145536065,-0.00618589874406786));
#4294=CARTESIAN_POINT('',(-0.0106493189454017,0.269230486614757,-0.00663095306563354));
#4295=CARTESIAN_POINT('',(-0.00744273078224871,0.3048,-0.00480960345160751));
#4296=CARTESIAN_POINT('',(-0.00742360588285965,0.305012145536065,-0.00479874046379984));
#4297=CARTESIAN_POINT('',(-0.0108401579543743,0.269230486614757,-0.00589627688323806));
#4298=CARTESIAN_POINT('',(-0.00754756834655543,0.3048,-0.0041188439242946));
#4299=CARTESIAN_POINT('',(-0.00752793051289079,0.305012145536065,-0.00410824286647832));
#4300=CARTESIAN_POINT('',(-0.0112663872060428,0.269230486614757,-0.0044256173736672));
#4301=CARTESIAN_POINT('',(-0.0078111168309107,0.3048,-0.00274767884195441));
#4302=CARTESIAN_POINT('',(-0.00779050872817841,0.305012145536065,-0.00273767119395996));
#4303=CARTESIAN_POINT('',(-0.0115017773132006,0.269230486614757,-0.00368963475165659));
#4304=CARTESIAN_POINT('',(-0.0079698275838728,0.3048,-0.00206727415622867));
#4305=CARTESIAN_POINT('',(-0.00794876214616028,0.305012145536065,-0.00205759798904361));
#4306=CARTESIAN_POINT('',(-0.0120163811630927,0.269230486614757,-0.00221999504328609));
#4307=CARTESIAN_POINT('',(-0.00834014400865967,0.3048,-0.000721013693997082));
#4308=CARTESIAN_POINT('',(-0.00831821800440482,0.305012145536065,-0.000712073391709234));
#4309=CARTESIAN_POINT('',(-0.0122955947153801,0.269230486614757,-0.00148633864928299));
#4310=CARTESIAN_POINT('',(-0.00855174944570844,0.3048,-5.51587710035823E-05));
#4311=CARTESIAN_POINT('',(-0.0085294202096271,0.305012145536065,-4.66228537647367E-05));
#4312=CARTESIAN_POINT('',(-0.0128968533178307,0.269230486614757,-2.49113149447673E-05));
#4313=CARTESIAN_POINT('',(-0.00902655068702539,0.3048,0.00125789692769271));
#4314=CARTESIAN_POINT('',(-0.00900346722739378,0.305012145536065,0.00126554791912897));
#4315=CARTESIAN_POINT('',(-0.0132188981238125,0.269230486614757,0.000702858950110167));
#4316=CARTESIAN_POINT('',(-0.0092897461902755,0.3048,0.00190509687093457));
#4317=CARTESIAN_POINT('',(-0.00926631173858111,0.305012145536065,0.00191226732067978));
#4318=CARTESIAN_POINT('',(-0.0139045690807587,0.269230486614757,0.00214904740217985));
#4319=CARTESIAN_POINT('',(-0.00986610494058238,0.3048,0.00317685238107778));
#4320=CARTESIAN_POINT('',(-0.00984201852335715,0.305012145536065,0.00318298246882614));
#4321=CARTESIAN_POINT('',(-0.0142681948557349,0.269230486614757,0.00286746479088096));
#4322=CARTESIAN_POINT('',(-0.0101792677241346,0.3048,0.00380140696384702));
#4323=CARTESIAN_POINT('',(-0.0101548803329194,0.305012145536065,0.00380697723018132));
#4324=CARTESIAN_POINT('',(-0.014651861435869,0.269230486614757,0.00357952974176808));
#4325=CARTESIAN_POINT('',(-0.0105164492302061,0.3048,0.00441271440468629));
#4326=CARTESIAN_POINT('',(-0.0104917845903018,0.305012145536065,0.00441768372785473));
#4327=CARTESIAN_POINT('',(-0.014453822625048,0.270933858317982,0.00361942973036238));
#4328=CARTESIAN_POINT('',(-0.0127415170026638,0.270933858317982,0.00044459435679766));
#4329=CARTESIAN_POINT('',(-0.0114023706925726,0.270933858317982,-0.00292308284659317));
#4330=CARTESIAN_POINT('',(-0.0105353466965973,0.270933858317982,-0.00641323107032435));
#4331=CARTESIAN_POINT('',(-0.0104889271318893,0.270933858317982,-0.00660207989004741));
#4332=CARTESIAN_POINT('',(-0.00961478755895621,0.270933858317982,-0.0101966263630827));
#4333=CARTESIAN_POINT('',(-0.00886663878269534,0.270933858317982,-0.0176682644148179));
#4334=CARTESIAN_POINT('',(-0.0108802160003269,0.270933858317982,-0.0249791863468785));
#4335=CARTESIAN_POINT('',(-0.0128854198028186,0.270933858317982,-0.0281143105726273));
#4336=CARTESIAN_POINT('',(-0.0128854198028186,0.270933858317982,-0.0281143105726273));
#4337=CARTESIAN_POINT('',(-0.0101838865116273,0.210608333333334,-0.0306441299228512));
#4338=CARTESIAN_POINT('',(-0.0626213257437304,0.116416666666667,-0.0345941643247624));
#4339=CARTESIAN_POINT('',(-0.04549048861485,0.3048,-0.0324689617373264));
#4340=CARTESIAN_POINT('',(-0.0453191802435611,0.306683833333334,-0.032447709711452));
#4341=CARTESIAN_POINT('',(-0.0624343436114428,0.116416666666667,-0.0345941643247624));
#4342=CARTESIAN_POINT('',(-0.0453893521241391,0.3048,-0.0325163805840163));
#4343=CARTESIAN_POINT('',(-0.0452189022092661,0.306683833333334,-0.0324956027466088));
#4344=CARTESIAN_POINT('',(-0.0622473614791551,0.116416666666667,-0.0345941643247624));
#4345=CARTESIAN_POINT('',(-0.0452882156334283,0.3048,-0.0325637994307063));
#4346=CARTESIAN_POINT('',(-0.045118624174971,0.306683833333334,-0.0325434957817657));
#4347=CARTESIAN_POINT('',(-0.0620603793468674,0.116416666666667,-0.0345941643247624));
#4348=CARTESIAN_POINT('',(-0.0451870791427174,0.3048,-0.0326112182773962));
#4349=CARTESIAN_POINT('',(-0.0450183461406759,0.306683833333334,-0.0325913888169226));
#4350=CARTESIAN_POINT('',(-0.0608917410200694,0.116416666666667,-0.0345941643247624));
#4351=CARTESIAN_POINT('',(-0.0445549760757746,0.3048,-0.0329075860692086));
#4352=CARTESIAN_POINT('',(-0.0443916084263316,0.306683833333334,-0.032890720286653));
#4353=CARTESIAN_POINT('',(-0.0597231026932714,0.116416666666667,-0.0345941643247624));
#4354=CARTESIAN_POINT('',(-0.0439112294659042,0.3048,-0.0331791181265065));
#4355=CARTESIAN_POINT('',(-0.0437531107336305,0.306683833333334,-0.033164967664524));
#4356=CARTESIAN_POINT('',(-0.0573858260396754,0.116416666666667,-0.0345941643247624));
#4357=CARTESIAN_POINT('',(-0.0426044153399324,0.3048,-0.033670837891002));
#4358=CARTESIAN_POINT('',(-0.042456601232935,0.306683833333334,-0.0336616046266644));
#4359=CARTESIAN_POINT('',(-0.0562171877128774,0.116416666666667,-0.0345941643247624));
#4360=CARTESIAN_POINT('',(-0.0419413488362402,0.3048,-0.0338910252002293));
#4361=CARTESIAN_POINT('',(-0.0417985904474739,0.306683833333334,-0.033883993808984));
#4362=CARTESIAN_POINT('',(-0.0538799110592814,0.116416666666667,-0.0345941643247624));
#4363=CARTESIAN_POINT('',(-0.0405999832940178,0.3048,-0.0342786977021858));
#4364=CARTESIAN_POINT('',(-0.0404671840163652,0.306683833333334,-0.0342755430359601));
#4365=CARTESIAN_POINT('',(-0.0527112727324834,0.116416666666667,-0.0345941643247624));
#4366=CARTESIAN_POINT('',(-0.0399216851058965,0.3048,-0.0344461826491355));
#4367=CARTESIAN_POINT('',(-0.0397937892296306,0.306683833333334,-0.0344447028323793));
#4368=CARTESIAN_POINT('',(-0.0503739960788874,0.116416666666667,-0.0345941643247624));
#4369=CARTESIAN_POINT('',(-0.0385540381120405,0.3048,-0.0347274177586644));
#4370=CARTESIAN_POINT('',(-0.038435838532372,0.306683833333334,-0.0347287502930035));
#4371=CARTESIAN_POINT('',(-0.0492053577520894,0.116416666666667,-0.0345941643247624));
#4372=CARTESIAN_POINT('',(-0.037864690173377,0.3048,-0.0348411677429441));
#4373=CARTESIAN_POINT('',(-0.0377512834975899,0.306683833333334,-0.034843637777126));
#4374=CARTESIAN_POINT('',(-0.0468680810984933,0.116416666666667,-0.0345941643247624));
#4375=CARTESIAN_POINT('',(-0.0364791937263935,0.3048,-0.035014231552075));
#4376=CARTESIAN_POINT('',(-0.0363753048526725,0.306683833333334,-0.0350184322243481));
#4377=CARTESIAN_POINT('',(-0.0456994427716953,0.116416666666667,-0.0345941643247624));
#4378=CARTESIAN_POINT('',(-0.0357830460964609,0.3048,-0.0350735452672059));
#4379=CARTESIAN_POINT('',(-0.0356838821297085,0.306683833333334,-0.0350783390766303));
#4380=CARTESIAN_POINT('',(-0.0433621661180994,0.116416666666667,-0.0345941643247624));
#4381=CARTESIAN_POINT('',(-0.0343882422426697,0.3048,-0.0351373707800058));
#4382=CARTESIAN_POINT('',(-0.0342985030039154,0.306683833333334,-0.0351428028445583));
#4383=CARTESIAN_POINT('',(-0.0421935277913013,0.116416666666667,-0.0345941643247624));
#4384=CARTESIAN_POINT('',(-0.0336895869030992,0.3048,-0.0351418825372103));
#4385=CARTESIAN_POINT('',(-0.0336045474942172,0.306683833333334,-0.0351473597193348));
#4386=CARTESIAN_POINT('',(-0.0398562511377053,0.116416666666667,-0.0345941643247624));
#4387=CARTESIAN_POINT('',(-0.0322940750720784,0.3048,-0.0350960762481689));
#4388=CARTESIAN_POINT('',(-0.0322184533114221,0.306683833333334,-0.0351010953674029));
#4389=CARTESIAN_POINT('',(-0.0386876128109073,0.116416666666667,-0.0345941643247624));
#4390=CARTESIAN_POINT('',(-0.031597219465365,0.3048,-0.0350457582309634));
#4391=CARTESIAN_POINT('',(-0.0315263155319096,0.306683833333334,-0.0350502741700255));
#4392=CARTESIAN_POINT('',(-0.0363503361573113,0.116416666666667,-0.0345941643247624));
#4393=CARTESIAN_POINT('',(-0.0302096034516076,0.3048,-0.0348906025510846));
#4394=CARTESIAN_POINT('',(-0.0301481961245505,0.306683833333334,-0.0348935669333479));
#4395=CARTESIAN_POINT('',(-0.0351816978305133,0.116416666666667,-0.0345941643247624));
#4396=CARTESIAN_POINT('',(-0.0295188439242947,0.3048,-0.0347857649867779));
#4397=CARTESIAN_POINT('',(-0.0294622153852325,0.306683833333334,-0.0347876809933981));
#4398=CARTESIAN_POINT('',(-0.0328444211769173,0.116416666666667,-0.0345941643247624));
#4399=CARTESIAN_POINT('',(-0.0281476788419544,0.3048,-0.0345222165024227));
#4400=CARTESIAN_POINT('',(-0.0281007114186048,0.306683833333334,-0.0345214970241992));
#4401=CARTESIAN_POINT('',(-0.0316757828501193,0.116416666666667,-0.0345941643247624));
#4402=CARTESIAN_POINT('',(-0.0274672741562287,0.3048,-0.0343635057494605));
#4403=CARTESIAN_POINT('',(-0.0274251890692898,0.306683833333334,-0.0343611991637075));
#4404=CARTESIAN_POINT('',(-0.0293385061965233,0.116416666666667,-0.0345941643247624));
#4405=CARTESIAN_POINT('',(-0.0261210136939971,0.3048,-0.0339931893246736));
#4406=CARTESIAN_POINT('',(-0.0260888387689719,0.306683833333334,-0.0339871795746728));
#4407=CARTESIAN_POINT('',(-0.0281698678697253,0.116416666666667,-0.0345941643247624));
#4408=CARTESIAN_POINT('',(-0.0254551587710036,0.3048,-0.0337815838876249));
#4409=CARTESIAN_POINT('',(-0.0254280116800164,0.306683833333334,-0.0337734580832535));
#4410=CARTESIAN_POINT('',(-0.0258325912161293,0.116416666666667,-0.0345941643247624));
#4411=CARTESIAN_POINT('',(-0.0241421030723073,0.3048,-0.033306782646308));
#4412=CARTESIAN_POINT('',(-0.024125198190869,0.306683833333334,-0.0332939088295234));
#4413=CARTESIAN_POINT('',(-0.0246639528893313,0.116416666666667,-0.0345941643247624));
#4414=CARTESIAN_POINT('',(-0.0234949031290655,0.3048,-0.0330435871430578));
#4415=CARTESIAN_POINT('',(-0.0234832126314628,0.306683833333334,-0.0330280813712408));
#4416=CARTESIAN_POINT('',(-0.0223266762357353,0.116416666666667,-0.0345941643247624));
#4417=CARTESIAN_POINT('',(-0.0222231476189222,0.3048,-0.032467228392751));
#4418=CARTESIAN_POINT('',(-0.0222221123327541,0.306683833333334,-0.0324459590334309));
#4419=CARTESIAN_POINT('',(-0.0211580379089372,0.116416666666667,-0.0345941643247624));
#4420=CARTESIAN_POINT('',(-0.021598592858298,0.3048,-0.0321540655110985));
#4421=CARTESIAN_POINT('',(-0.0216029984077916,0.306683833333334,-0.0321296645229618));
#4422=CARTESIAN_POINT('',(-0.0188207612553412,0.116416666666667,-0.0345941643247624));
#4423=CARTESIAN_POINT('',(-0.0203759783323295,0.3048,-0.031479702695156));
#4424=CARTESIAN_POINT('',(-0.0203915305030994,0.306683833333334,-0.03144855807886));
#4425=CARTESIAN_POINT('',(-0.0176521229285432,0.116416666666667,-0.0345941643247624));
#4426=CARTESIAN_POINT('',(-0.0197779193421076,0.3048,-0.0311185031884037));
#4427=CARTESIAN_POINT('',(-0.0197991773062433,0.306683833333334,-0.0310837465770401));
#4428=CARTESIAN_POINT('',(-0.0153148462749472,0.116416666666667,-0.0345941643247624));
#4429=CARTESIAN_POINT('',(-0.0186119836254271,0.3048,-0.0303502939778344));
#4430=CARTESIAN_POINT('',(-0.0186449549989318,0.306683833333334,-0.0303078552743651));
#4431=CARTESIAN_POINT('',(-0.0141462079481492,0.116416666666667,-0.0345941643247624));
#4432=CARTESIAN_POINT('',(-0.0180441076381571,0.3048,-0.0299432847610525));
#4433=CARTESIAN_POINT('',(-0.0180830866350571,0.306683833333334,-0.0298967759654153));
#4434=CARTESIAN_POINT('',(-0.0118089312945532,0.116416666666667,-0.0345941643247624));
#4435=CARTESIAN_POINT('',(-0.0169420391121708,0.3048,-0.0290859654210949));
#4436=CARTESIAN_POINT('',(-0.0169933701903469,0.306683833333334,-0.0290308834320582));
#4437=CARTESIAN_POINT('',(-0.0106402929677552,0.116416666666667,-0.0345941643247624));
#4438=CARTESIAN_POINT('',(-0.0164078472721521,0.3048,-0.028635655841449));
#4439=CARTESIAN_POINT('',(-0.016465522815196,0.306683833333334,-0.028576070756616));
#4440=CARTESIAN_POINT('',(-0.00830301631415918,0.116416666666667,-0.0345941643247624));
#4441=CARTESIAN_POINT('',(-0.0153764405557976,0.3048,-0.0276945120309218));
#4442=CARTESIAN_POINT('',(-0.015447174798214,0.306683833333334,-0.0276255155079833));
#4443=CARTESIAN_POINT('',(-0.00713437798736118,0.116416666666667,-0.0345941643247624));
#4444=CARTESIAN_POINT('',(-0.0148792264721964,0.3048,-0.0272036785449729));
#4445=CARTESIAN_POINT('',(-0.0149566749570448,0.306683833333334,-0.027129773687175));
#4446=CARTESIAN_POINT('',(-0.00596573966056317,0.116416666666667,-0.0345941643247624));
#4447=CARTESIAN_POINT('',(-0.0144020333626915,0.3048,-0.0266940954884421));
#4448=CARTESIAN_POINT('',(-0.0144863962997127,0.306683833333334,-0.0266150948000789));
#4449=CARTESIAN_POINT('',(-0.00577875752827549,0.116416666666667,-0.0345941643247624));
#4450=CARTESIAN_POINT('',(-0.0143256824651707,0.3048,-0.0266125621993972));
#4451=CARTESIAN_POINT('',(-0.0144111517145396,0.306683833333334,-0.0265327461781436));
#4452=CARTESIAN_POINT('',(-0.00559177539598781,0.116416666666667,-0.0345941643247624));
#4453=CARTESIAN_POINT('',(-0.0142493315676499,0.3048,-0.0265310289103523));
#4454=CARTESIAN_POINT('',(-0.0143359071293665,0.306683833333334,-0.0264503975562082));
#4455=CARTESIAN_POINT('',(-0.00540479326370013,0.116416666666667,-0.0345941643247624));
#4456=CARTESIAN_POINT('',(-0.0141729806701291,0.3048,-0.0264494956213074));
#4457=CARTESIAN_POINT('',(-0.0142606625441934,0.306683833333334,-0.0263680489342728));
#4458=CARTESIAN_POINT('',(-0.0128854198028186,0.270933858317982,-0.0281143105667852));
#4459=CARTESIAN_POINT('',(-0.0164844629323942,0.270933858317982,-0.0306152527897969));
#4460=CARTESIAN_POINT('',(-0.0204075895463395,0.270933858317982,-0.0324168138150067));
#4461=CARTESIAN_POINT('',(-0.0246262371199612,0.270933858317982,-0.0335806323561279));
#4462=CARTESIAN_POINT('',(-0.0246262371199613,0.270933858317982,-0.0335806323561279));
#4463=CARTESIAN_POINT('',(-0.00684694940370102,0.127,-0.034160612976047));
#4464=CARTESIAN_POINT('',(-0.00879625380855043,0.138924237311653,-0.0337080614787473));
#4465=CARTESIAN_POINT('',(-0.0122581449816225,0.162843166479882,-0.0330311696408467));
#4466=CARTESIAN_POINT('',(-0.0167549322486343,0.198832828429292,-0.0326218232046517));
#4467=CARTESIAN_POINT('',(-0.0207774777857465,0.234878554891567,-0.0327884373599414));
#4468=CARTESIAN_POINT('',(-0.0232678440066756,0.258924742136462,-0.0332528100673512));
#4469=CARTESIAN_POINT('',(-0.0246262371199612,0.270933858317982,-0.0335806323561279));
#4470=CARTESIAN_POINT('',(-0.0324184282528753,0.09525,-1.44560289664734E-18));
#4471=CARTESIAN_POINT('',(-0.0211666666666666,0.0529166666666667,0.));
#4472=CARTESIAN_POINT('',(-0.0318451235229014,0.09525,-0.00112517388590266));
#4473=CARTESIAN_POINT('',(-0.0209201512306251,0.0529166666666667,-0.000677295594071291));
#4474=CARTESIAN_POINT('',(-0.0312729816962537,0.09525,-0.00222896341302376));
#4475=CARTESIAN_POINT('',(-0.0206789175130108,0.0529166666666667,-0.00132505855775406));
#4476=CARTESIAN_POINT('',(-0.0301309044895027,0.09525,-0.00439238647320636));
#4477=CARTESIAN_POINT('',(-0.0202050632530467,0.0529166666666667,-0.00257126346582708));
#4478=CARTESIAN_POINT('',(-0.0295609690119238,0.09525,-0.00545202026498212));
#4479=CARTESIAN_POINT('',(-0.019972438698725,0.0529166666666667,-0.00316971318819604));
#4480=CARTESIAN_POINT('',(-0.0284231854251396,0.09525,-0.00752573014415756));
#4481=CARTESIAN_POINT('',(-0.0195135087628559,0.0529166666666667,-0.00432650543580384));
#4482=CARTESIAN_POINT('',(-0.0278553373178752,0.09525,-0.00853980629516553));
#4483=CARTESIAN_POINT('',(-0.0192872019100173,0.0529166666666667,-0.00488484955346097));
#4484=CARTESIAN_POINT('',(-0.0267216106074184,0.09525,-0.0105209807625893));
#4485=CARTESIAN_POINT('',(-0.0188383458265206,0.0529166666666667,-0.00596999866965586));
#4486=CARTESIAN_POINT('',(-0.0261557320061539,0.09525,-0.0114880791427056));
#4487=CARTESIAN_POINT('',(-0.0186157954877935,0.0529166666666667,-0.00649680530464451));
#4488=CARTESIAN_POINT('',(-0.0250258274003807,0.09525,-0.0133738579990997));
#4489=CARTESIAN_POINT('',(-0.0181716575564876,0.0529166666666667,-0.00752676656858799));
#4490=CARTESIAN_POINT('',(-0.0244618013977887,0.09525,-0.0142925385392246));
#4491=CARTESIAN_POINT('',(-0.017950069163946,0.0529166666666667,-0.00802992324593056));
#4492=CARTESIAN_POINT('',(-0.0233354859813698,0.09525,-0.0160800197943562));
#4493=CARTESIAN_POINT('',(-0.0175048553333359,0.0529166666666667,-0.00901973687644786));
#4494=CARTESIAN_POINT('',(-0.0227731965694496,0.09525,-0.016948820573411));
#4495=CARTESIAN_POINT('',(-0.0172812293533364,0.0529166666666667,-0.00950639662419904));
#4496=CARTESIAN_POINT('',(-0.0216502391683626,0.09525,-0.0186350566148684));
#4497=CARTESIAN_POINT('',(-0.0168287555753721,0.0529166666666667,-0.0104695624934965));
#4498=CARTESIAN_POINT('',(-0.0210895711810946,0.09525,-0.0194524919415748));
#4499=CARTESIAN_POINT('',(-0.0165999074457251,0.0529166666666667,-0.0109460724747633));
#4500=CARTESIAN_POINT('',(-0.0199697422481984,0.09525,-0.0210344856914764));
#4501=CARTESIAN_POINT('',(-0.0161336325322886,0.0529166666666667,-0.0118943801600848));
#4502=CARTESIAN_POINT('',(-0.0194105813044626,0.09525,-0.0217990441792855));
#4503=CARTESIAN_POINT('',(-0.0158962055788242,0.0529166666666667,-0.0123661831110186));
#4504=CARTESIAN_POINT('',(-0.018293652805552,0.09525,-0.0232737452356576));
#4505=CARTESIAN_POINT('',(-0.0154092514465649,0.0529166666666667,-0.0133094780158108));
#4506=CARTESIAN_POINT('',(-0.0177358852522649,0.09525,-0.0239838878691988));
#4507=CARTESIAN_POINT('',(-0.0151597242086531,0.0529166666666667,-0.0137809769471365));
#4508=CARTESIAN_POINT('',(-0.016621630552512,0.09525,-0.0253481886287596));
#4509=CARTESIAN_POINT('',(-0.014644886426292,0.0529166666666667,-0.0147268430397334));
#4510=CARTESIAN_POINT('',(-0.0160651434079306,0.09525,-0.026002346820176));
#4511=CARTESIAN_POINT('',(-0.0143795758758763,0.0529166666666667,-0.0152012192922611));
#4512=CARTESIAN_POINT('',(-0.0149533371586136,0.09525,-0.0272530785792594));
#4513=CARTESIAN_POINT('',(-0.0138293276205914,0.0529166666666667,-0.0161545577251895));
#4514=CARTESIAN_POINT('',(-0.0143980180557608,0.09525,-0.0278496522127966));
#4515=CARTESIAN_POINT('',(-0.0135443898967904,0.0529166666666667,-0.0166335315519636));
#4516=CARTESIAN_POINT('',(-0.0135658315748289,0.09525,-0.0287000989855603));
#4517=CARTESIAN_POINT('',(-0.0130992595620356,0.0529166666666667,-0.017355391917019));
#4518=CARTESIAN_POINT('',(-0.0132885681142611,0.09525,-0.0289761786956874));
#4519=CARTESIAN_POINT('',(-0.0129479275708942,0.0529166666666667,-0.0175965637109628));
#4520=CARTESIAN_POINT('',(-0.0127342913305538,0.09525,-0.0295133255045672));
#4521=CARTESIAN_POINT('',(-0.0126388376567938,0.0529166666666667,-0.0180798039966316));
#4522=CARTESIAN_POINT('',(-0.0124572780074731,0.09525,-0.0297743926054036));
#4523=CARTESIAN_POINT('',(-0.0124810797280659,0.0529166666666667,-0.0183218730025788));
#4524=CARTESIAN_POINT('',(-0.0119034875997296,0.09525,-0.0302813044034889));
#4525=CARTESIAN_POINT('',(-0.0121586126139822,0.0529166666666667,-0.018806552171793));
#4526=CARTESIAN_POINT('',(-0.0116267105151255,0.09525,-0.0305271491028308));
#4527=CARTESIAN_POINT('',(-0.011993903419629,0.0529166666666667,-0.0190491629094043));
#4528=CARTESIAN_POINT('',(-0.0110733787131543,0.09525,-0.0310034039631522));
#4529=CARTESIAN_POINT('',(-0.0116569988557225,0.0529166666666667,-0.0195344038815102));
#4530=CARTESIAN_POINT('',(-0.010796823995846,0.09525,-0.0312338141262344));
#4531=CARTESIAN_POINT('',(-0.0114848034730957,0.0529166666666667,-0.0197770347561281));
#4532=CARTESIAN_POINT('',(-0.0102439230833473,0.09525,-0.0316789853737623));
#4533=CARTESIAN_POINT('',(-0.0111323823479714,0.0529166666666667,-0.0202616100275075));
#4534=CARTESIAN_POINT('',(-0.00996757688821595,0.09525,-0.0318937464603209));
#4535=CARTESIAN_POINT('',(-0.0109521565874027,0.0529166666666667,-0.0205035551363235));
#4536=CARTESIAN_POINT('',(-0.00941507919924562,0.09525,-0.0323074025457918));
#4537=CARTESIAN_POINT('',(-0.0105831217190968,0.0529166666666667,-0.0209858483290599));
#4538=CARTESIAN_POINT('',(-0.0091389277054657,0.09525,-0.0325062975468275));
#4539=CARTESIAN_POINT('',(-0.0103943125872893,0.0529166666666667,-0.0212261972036504));
#4540=CARTESIAN_POINT('',(-0.00858680562089492,0.09525,-0.0328880019199585));
#4541=CARTESIAN_POINT('',(-0.0100075498146843,0.0529166666666667,-0.02170416029452));
#4542=CARTESIAN_POINT('',(-0.0083108350301632,0.09525,-0.0330708112941884));
#4543=CARTESIAN_POINT('',(-0.00980959614273116,0.0529166666666667,-0.0219417753873369));
#4544=CARTESIAN_POINT('',(-0.0077590609741346,0.09525,-0.0334201222762565));
#4545=CARTESIAN_POINT('',(-0.00940397577752213,0.0529166666666667,-0.022412881215809));
#4546=CARTESIAN_POINT('',(-0.00748325750889699,0.09525,-0.0335866238862407));
#4547=CARTESIAN_POINT('',(-0.00919630904484837,0.0529166666666667,-0.022646372921725));
#4548=CARTESIAN_POINT('',(-0.00693180394527547,0.09525,-0.0339030945419976));
#4549=CARTESIAN_POINT('',(-0.00877068774928285,0.0529166666666667,-0.0231075625415983));
#4550=CARTESIAN_POINT('',(-0.00665615384695092,0.09525,-0.0340530635899284));
#4551=CARTESIAN_POINT('',(-0.00855273313743826,0.0529166666666667,-0.0233352615280342));
#4552=CARTESIAN_POINT('',(-0.00610499327576869,0.09525,-0.0343362415988285));
#4553=CARTESIAN_POINT('',(-0.00810595629847872,0.0529166666666667,-0.0237828859311267));
#4554=CARTESIAN_POINT('',(-0.00582948280297048,0.09525,-0.0344694505619683));
#4555=CARTESIAN_POINT('',(-0.00787713401150225,0.0529166666666667,-0.0240028125316496));
#4556=CARTESIAN_POINT('',(-0.00507347562215119,0.09525,-0.0348117462544458));
#4557=CARTESIAN_POINT('',(-0.00723338265503153,0.0529166666666667,-0.0245925771319441));
#4558=CARTESIAN_POINT('',(-0.00459247580045647,0.09525,-0.0350037491334802));
#4559=CARTESIAN_POINT('',(-0.0067434084581843,0.0529166666666667,-0.025010122135171));
#4560=CARTESIAN_POINT('',(-0.00387063055565329,0.09525,-0.0352520522767619));
#4561=CARTESIAN_POINT('',(-0.00591343578426043,0.0529166666666667,-0.0256195690135181));
#4562=CARTESIAN_POINT('',(-0.00362995785761507,0.09525,-0.0353282044559131));
#4563=CARTESIAN_POINT('',(-0.00562095446016263,0.0529166666666667,-0.0258198891627946));
#4564=CARTESIAN_POINT('',(-0.00314854932282699,0.09525,-0.0354670720470672));
#4565=CARTESIAN_POINT('',(-0.005008893617093,0.0529166666666667,-0.0262019174351165));
#4566=CARTESIAN_POINT('',(-0.00290781348579001,0.09525,-0.0355297874475145));
#4567=CARTESIAN_POINT('',(-0.00468931350226015,0.0529166666666667,-0.0263836082791099));
#4568=CARTESIAN_POINT('',(-0.00242633053665071,0.09525,-0.035641587152162));
#4569=CARTESIAN_POINT('',(-0.00402777005720324,0.0529166666666667,-0.0267164249273911));
#4570=CARTESIAN_POINT('',(-0.00218558342425547,0.09525,-0.0356906714449788));
#4571=CARTESIAN_POINT('',(-0.00368580665466414,0.0529166666666667,-0.0268675341891483));
#4572=CARTESIAN_POINT('',(-0.00182449303115838,0.09525,-0.0357539376164937));
#4573=CARTESIAN_POINT('',(-0.00315974372830834,0.0529166666666667,-0.0270634685915866));
#4574=CARTESIAN_POINT('',(-0.00170413461100763,0.09525,-0.0357732997217936));
#4575=CARTESIAN_POINT('',(-0.00298220450741295,0.0529166666666667,-0.0271236721051729));
#4576=CARTESIAN_POINT('',(-0.00146343429447219,0.09525,-0.0358085490010781));
#4577=CARTESIAN_POINT('',(-0.00262338415478036,0.0529166666666667,-0.0272327497147184));
#4578=CARTESIAN_POINT('',(-0.00134309239807811,0.09525,-0.035824436174716));
#4579=CARTESIAN_POINT('',(-0.00244210304149074,0.0529166666666667,-0.0272816233538389));
#4580=CARTESIAN_POINT('',(-0.00110243155138044,0.09525,-0.0358527146608002));
#4581=CARTESIAN_POINT('',(-0.00207643717511948,0.0529166666666667,-0.0273670674916707));
#4582=CARTESIAN_POINT('',(-0.000982112601067386,0.09525,-0.0358651059729031));
#4583=CARTESIAN_POINT('',(-0.00189205244598246,0.0529166666666667,-0.0274036375629629));
#4584=CARTESIAN_POINT('',(-0.000741504056145856,0.09525,-0.0358863725814558));
#4585=CARTESIAN_POINT('',(-0.00152082731337338,0.0529166666666667,-0.0274636548756737));
#4586=CARTESIAN_POINT('',(-0.000621214461527844,0.09525,-0.0358952478775656));
#4587=CARTESIAN_POINT('',(-0.00133398693855079,0.0529166666666667,-0.0274871017243811));
#4588=CARTESIAN_POINT('',(-0.000380671025185487,0.09525,-0.0359094630853368));
#4589=CARTESIAN_POINT('',(-0.000958507382365717,0.0529166666666667,-0.027520219258806));
#4590=CARTESIAN_POINT('',(-0.000260417183451544,0.09525,-0.0359148029966618));
#4591=CARTESIAN_POINT('',(-0.000769868233522618,0.0529166666666667,-0.0275298895920934));
#4592=CARTESIAN_POINT('',(-1.99516379284307E-05,0.09525,-0.0359219288618831));
#4593=CARTESIAN_POINT('',(-0.000391455978582599,0.0529166666666667,-0.0275349783181511));
#4594=CARTESIAN_POINT('',(0.000100259814600103,0.09525,-0.0359237125636647));
#4595=CARTESIAN_POINT('',(-0.000201682908009321,0.0529166666666667,-0.0275303964045507));
#4596=CARTESIAN_POINT('',(0.000287370300543919,0.09525,-0.0359237217250563));
#4597=CARTESIAN_POINT('',(9.41181707084681E-05,0.0529166666666667,-0.0275119449812378));
#4598=CARTESIAN_POINT('',(0.00035428549943917,0.09525,-0.0359231742483583));
#4599=CARTESIAN_POINT('',(0.000199986916496608,0.0529166666666667,-0.0275030899351857));
#4600=CARTESIAN_POINT('',(0.000421193255466321,0.09525,-0.03592207723113));
#4601=CARTESIAN_POINT('',(0.000305863591265208,0.0529166666666667,-0.0274920171522709));
#4602=CARTESIAN_POINT('',(5.0519797831325E-17,0.0529166666680065,-0.0275178067249344));
#4603=CARTESIAN_POINT('',(5.65618668692274E-17,0.0640650632135542,-0.0297353224365484));
#4604=CARTESIAN_POINT('',(-7.94420115512077E-13,0.0752139467514588,-0.0319503905879742));
#4605=CARTESIAN_POINT('',(1.70831823911456E-16,0.0863637243174429,-0.0341609516212806));
#4606=CARTESIAN_POINT('',(-4.44091778396402E-13,0.0529166666666667,-0.0275178067316699));
#4607=CARTESIAN_POINT('',(3.56823994191784E-17,0.0863637243173908,-0.0341609516212703));
#4608=CARTESIAN_POINT('',(-8.54510188617945E-13,0.0529166666693249,-0.0275178067252513));
#4609=CARTESIAN_POINT('',(-0.0010615532852315,0.0529166666692694,-0.0275856858215999));
#4610=CARTESIAN_POINT('',(-0.00317129356442527,0.0529166666691588,-0.0272515971588152));
#4611=CARTESIAN_POINT('',(-0.00548052260526069,0.0529166666690203,-0.0259770875436442));
#4612=CARTESIAN_POINT('',(-0.00699152971999395,0.0529166666689095,-0.0248084754637697));
#4613=CARTESIAN_POINT('',(-0.00788037348437628,0.0529166666688265,-0.0240104635690978));
#4614=CARTESIAN_POINT('',(-0.0086939043503943,0.0529166666687434,-0.0231987373010884));
#4615=CARTESIAN_POINT('',(-0.00972473460356698,0.0529166666686326,-0.0220671799862014));
#4616=CARTESIAN_POINT('',(-0.0109006243108797,0.0529166666684942,-0.0206069711724522));
#4617=CARTESIAN_POINT('',(-0.0125824927600273,0.0529166666682727,-0.018237027871274));
#4618=CARTESIAN_POINT('',(-0.0143665418945903,0.0529166666679958,-0.0153010761663398));
#4619=CARTESIAN_POINT('',(-0.0161772169253001,0.0529166666676635,-0.0118696274438533));
#4620=CARTESIAN_POINT('',(-0.0183620938693522,0.0529166666672205,-0.00722381372994724));
#4621=CARTESIAN_POINT('',(-0.0199652879214699,0.0529166666668882,-0.00330076097480311));
#4622=CARTESIAN_POINT('',(-0.0211666666666666,0.0529166666666667,0.));
#4623=CARTESIAN_POINT('',(-0.0211666666666666,0.0529166666666667,0.));
#4624=CARTESIAN_POINT('',(-0.026792547459771,0.0740833333333333,-7.2280144832367E-19));
#4625=CARTESIAN_POINT('',(1.26900909693827E-16,0.0863637243174339,-0.0341609516212788));
#4626=CARTESIAN_POINT('',(-0.000267852305864167,0.0863675858052269,-0.0341617172019727));
#4627=CARTESIAN_POINT('',(-0.000815615770204805,0.0864111120888842,-0.0341463607974111));
#4628=CARTESIAN_POINT('',(-0.00187626916960377,0.0863977939816769,-0.0340072452543508));
#4629=CARTESIAN_POINT('',(-0.00317974806823582,0.0862812300744894,-0.0336591377901253));
#4630=CARTESIAN_POINT('',(-0.00441645427977842,0.0860880806010959,-0.0331370863124746));
#4631=CARTESIAN_POINT('',(-0.00524582662578584,0.0859668848064972,-0.032718307494018));
#4632=CARTESIAN_POINT('',(-0.0057129848206217,0.0858994396180207,-0.032464795286183));
#4633=CARTESIAN_POINT('',(-0.00618414069034093,0.0858652635850086,-0.0322054792630766));
#4634=CARTESIAN_POINT('',(-0.00671638144423911,0.0856453977932746,-0.0318513428762612));
#4635=CARTESIAN_POINT('',(-0.0075624930661554,0.085345942485139,-0.0312554290892305));
#4636=CARTESIAN_POINT('',(-0.00859523706236275,0.0849955726576491,-0.0304510101577595));
#4637=CARTESIAN_POINT('',(-0.0097808855129025,0.0846328088458766,-0.029422321872529));
#4638=CARTESIAN_POINT('',(-0.0113010547598227,0.0842126572144834,-0.0279768712572827));
#4639=CARTESIAN_POINT('',(-0.0131046358347724,0.0838091590085815,-0.0260523498502246));
#4640=CARTESIAN_POINT('',(-0.0151694848274652,0.0835403691636099,-0.0235859201699308));
#4641=CARTESIAN_POINT('',(-0.0171459220659421,0.0835288405311192,-0.0210245853374206));
#4642=CARTESIAN_POINT('',(-0.0196825836076201,0.0838983272598555,-0.01755042459717));
#4643=CARTESIAN_POINT('',(-0.0226733154071047,0.0851254353759331,-0.0132555554841268));
#4644=CARTESIAN_POINT('',(-0.0272085936266376,0.0886230232853218,-0.00678182400682536));
#4645=CARTESIAN_POINT('',(-0.0303676439514021,0.0925393539834178,-0.00261090523282546));
#4646=CARTESIAN_POINT('',(-0.0324184282528523,0.0952499999999117,1.01723455792167E-15));
#4647=CARTESIAN_POINT('',(0.,0.,0.));
#4648=CARTESIAN_POINT('',(0.00234959953218082,0.0529166666666667,-0.0270109889345775));
#4649=CARTESIAN_POINT('',(0.,0.,0.));
#4650=CARTESIAN_POINT('',(0.00156499523322667,0.0529166666666667,-0.0272953624454591));
#4651=CARTESIAN_POINT('',(0.,0.,0.));
#4652=CARTESIAN_POINT('',(0.000780680767159617,0.0529166666666667,-0.0274678892101286));
#4653=CARTESIAN_POINT('',(0.,0.,0.));
#4654=CARTESIAN_POINT('',(-0.00260226922386537,0.0529166666666667,-0.0276841985002367));
#4655=CARTESIAN_POINT('',(0.,0.,0.));
#4656=CARTESIAN_POINT('',(-0.0102879535985467,0.0529166666666667,-0.0240963992456695));
#4657=CARTESIAN_POINT('',(0.,0.,0.));
#4658=CARTESIAN_POINT('',(-0.0172223858571874,0.0529166666666667,-0.0108368224600323));
#4659=CARTESIAN_POINT('',(0.,0.,0.));
#4660=CARTESIAN_POINT('',(-0.0211666666666666,0.0529166666666667,0.));
#4661=CARTESIAN_POINT('',(5.38584070484111E-22,6.08982192728919E-07,-3.16683860537431E-07));
#4662=CARTESIAN_POINT('',(8.35807810827898E-18,0.0176392948760698,-0.00917281336828593));
#4663=CARTESIAN_POINT('',(-3.22732749936312E-19,0.0352779807699468,-0.0183453100527113));
#4664=CARTESIAN_POINT('',(-3.22732749936312E-19,0.0529166666638239,-0.0275178067371367));
#4665=CARTESIAN_POINT('',(5.42168519805175E-22,6.08982192728919E-07,-3.16683860537431E-07));
#4666=CARTESIAN_POINT('',(5.64129788754522E-22,6.08982192728919E-07,-3.16683860537431E-07));
#4667=CARTESIAN_POINT('',(8.89015572412074E-09,4.0811587755989E-07,-2.11660603381891E-07));
#4668=CARTESIAN_POINT('',(9.0119885352325E-09,2.07249562390861E-07,-1.05857813967417E-07));
#4669=CARTESIAN_POINT('',(2.80452021879956E-10,6.38324722183279E-09,-3.25936375473345E-09));
#4670=CARTESIAN_POINT('',(-3.2811540553505E-09,8.2028851391087E-09,-3.80879307874699E-19));
#4671=CARTESIAN_POINT('',(-0.0105833333333333,0.0264583333333334,0.));
#4672=CARTESIAN_POINT('',(-0.131233123339474,0.270933858317982,0.0169333333333334));
#4673=CARTESIAN_POINT('',(-0.027676304531375,0.270933858317982,0.0172956827035115));
#4674=CARTESIAN_POINT('',(-0.0260827860062464,0.270933858317982,0.0195330847852437));
#4675=CARTESIAN_POINT('',(-0.0234231802578049,0.270933858317982,0.0226166206468676));
#4676=CARTESIAN_POINT('',(-0.0192339527473271,0.270933858317982,0.0260969767059831));
#4677=CARTESIAN_POINT('',(-0.0157498232288931,0.270933858317982,0.0283338660194225));
#4678=CARTESIAN_POINT('',(-0.0120808809127563,0.270933858317982,0.0300774825321623));
#4679=CARTESIAN_POINT('',(-0.00815290221341276,0.270933858317982,0.0313549191029197));
#4680=CARTESIAN_POINT('',(-0.00411617388790892,0.270933858317982,0.0321050465120612));
#4681=CARTESIAN_POINT('',(-4.88618982596301E-05,0.270933858317982,0.0323515353903941));
#4682=CARTESIAN_POINT('',(0.00408830624698857,0.270933858317982,0.03211029166965));
#4683=CARTESIAN_POINT('',(0.00809095597715521,0.270933858317982,0.031367036680416));
#4684=CARTESIAN_POINT('',(0.0119837020085126,0.270933858317982,0.0301181979679499));
#4685=CARTESIAN_POINT('',(0.0157267575511809,0.270933858317982,0.0283468164268727));
#4686=CARTESIAN_POINT('',(0.0191505996784397,0.270933858317982,0.0261557689317524));
#4687=CARTESIAN_POINT('',(0.023392371241421,0.270933858317982,0.0226560642034662));
#4688=CARTESIAN_POINT('',(0.0260806921157072,0.270933858317982,0.0195360247416844));
#4689=CARTESIAN_POINT('',(0.027676304531375,0.270933858317982,0.0172956827035115));
#4690=CARTESIAN_POINT('',(0.0276763045313749,0.270933858317982,0.0172956827035115));
#4691=CARTESIAN_POINT('',(0.027676304531375,0.270933858317982,0.0172956827035115));
#4692=CARTESIAN_POINT('',(0.027756035639433,0.270933858317982,0.017018271260648));
#4693=CARTESIAN_POINT('',(0.0278357684705428,0.270933858317982,0.0167408603130197));
#4694=CARTESIAN_POINT('',(0.0279155030247194,0.270933858317982,0.0164634498606317));
#4695=CARTESIAN_POINT('',(0.0279155030247194,0.270933858317982,0.0164634498606317));
#4696=CARTESIAN_POINT('',(0.0279155030247194,0.270933858317982,0.0164634498606317));
#4697=CARTESIAN_POINT('',(0.026401769322046,0.270933858317982,0.0159700246501869));
#4698=CARTESIAN_POINT('',(0.0234738283109515,0.270933858317982,0.0145957308144476));
#4699=CARTESIAN_POINT('',(0.0197033177460837,0.270933858317982,0.0116209662720053));
#4700=CARTESIAN_POINT('',(0.0166248944197941,0.270933858317982,0.00791439700464845));
#4701=CARTESIAN_POINT('',(0.01509082615016,0.270933858317982,0.00509551732992482));
#4702=CARTESIAN_POINT('',(0.014453822625048,0.270933858317982,0.00361942973036238));
#4703=CARTESIAN_POINT('',(0.014453822625048,0.270933858317982,0.00361942973036238));
#4704=CARTESIAN_POINT('',(0.014453822625048,0.270933858317982,0.00361942973036238));
#4705=CARTESIAN_POINT('',(0.0127415170026638,0.270933858317982,0.00044459435679766));
#4706=CARTESIAN_POINT('',(0.0114023706925726,0.270933858317982,-0.00292308284659317));
#4707=CARTESIAN_POINT('',(0.0105353466965973,0.270933858317982,-0.00641323107032435));
#4708=CARTESIAN_POINT('',(0.0105353466965973,0.270933858317982,-0.00641323107032436));
#4709=CARTESIAN_POINT('',(0.366157906727917,0.270933858317982,0.35940613482822));
#4710=CARTESIAN_POINT('',(0.00938025897426222,0.270933858317973,-0.00642910726370754));
#4711=CARTESIAN_POINT('',(0.0104889271318893,0.270933858317982,-0.00660207989004739));
#4712=CARTESIAN_POINT('',(0.010119431359931,0.270933858317982,-0.0065440367823243));
#4713=CARTESIAN_POINT('',(0.00974987493772377,0.270933858317982,-0.00648637992640734));
#4714=CARTESIAN_POINT('',(0.00938025897426211,0.270933858317982,-0.00642910726370828));
#4715=CARTESIAN_POINT('',(0.0104889271318893,0.270933858317982,-0.00660207989004742));
#4716=CARTESIAN_POINT('',(0.0104889271318893,0.270933858317982,-0.00660207989004741));
#4717=CARTESIAN_POINT('',(0.00961478755895621,0.270933858317982,-0.0101966263630827));
#4718=CARTESIAN_POINT('',(0.00886663878269534,0.270933858317982,-0.0176682644148179));
#4719=CARTESIAN_POINT('',(0.0108802160003269,0.270933858317982,-0.0249791863468785));
#4720=CARTESIAN_POINT('',(0.0128854198028186,0.270933858317982,-0.0281143105726273));
#4721=CARTESIAN_POINT('',(0.0128854198028186,0.270933858317982,-0.0281143105726273));
#4722=CARTESIAN_POINT('',(0.0128854198028186,0.270933858317982,-0.0281143105667852));
#4723=CARTESIAN_POINT('',(0.0164844629323942,0.270933858317982,-0.0306152527897969));
#4724=CARTESIAN_POINT('',(0.0204075895463395,0.270933858317982,-0.0324168138150067));
#4725=CARTESIAN_POINT('',(0.0246262371199612,0.270933858317982,-0.0335806323561279));
#4726=CARTESIAN_POINT('',(0.0246262371199613,0.270933858317982,-0.0335806323561279));
#4727=CARTESIAN_POINT('',(-4.63496428737553E-18,0.270933858317982,-0.0352503775551973));
#4728=CARTESIAN_POINT('',(0.00206945078102542,0.270933858317982,-0.0352770755852918));
#4729=CARTESIAN_POINT('',(0.0062092534287694,0.270933858317982,-0.0352996866576193));
#4730=CARTESIAN_POINT('',(0.0124156952135241,0.270933858317982,-0.0352380437494093));
#4731=CARTESIAN_POINT('',(0.0186313243726698,0.270933858317982,-0.0351181552614592));
#4732=CARTESIAN_POINT('',(0.0227058979926382,0.270933858317982,-0.0343042142043091));
#4733=CARTESIAN_POINT('',(0.0246262371199613,0.270933858317982,-0.0335806323561279));
#4734=CARTESIAN_POINT('',(-2.954450920023E-18,0.270933858317982,-0.0352503775551972));
#4735=CARTESIAN_POINT('',(-3.86247023947961E-18,0.270933858317982,-0.0352503775551973));
#4736=CARTESIAN_POINT('',(-0.0041368654038514,0.270933858317982,-0.0353037473468646));
#4737=CARTESIAN_POINT('',(-0.0124119845607681,0.270933858317982,-0.035271915475072));
#4738=CARTESIAN_POINT('',(-0.0206836384971597,0.270933858317982,-0.035066199544513));
#4739=CARTESIAN_POINT('',(-0.0246262371199613,0.270933858317982,-0.0335806323561279));
#4740=CARTESIAN_POINT('',(-0.027537975831639,0.127,0.0165153563834139));
#4741=CARTESIAN_POINT('',(-0.027676304531375,0.270933858317982,0.0172956827035115));
#4742=CARTESIAN_POINT('',(-0.0270111654107452,0.127,0.0178868627681819));
#4743=CARTESIAN_POINT('',(-0.0272179128481552,0.270933858317982,0.0179392939889228));
#4744=CARTESIAN_POINT('',(-0.026479958357764,0.127,0.0191945733161019));
#4745=CARTESIAN_POINT('',(-0.0267489042857238,0.270933858317982,0.0185615964693704));
#4746=CARTESIAN_POINT('',(-0.0254093005666377,0.127,0.0216876368038273));
#4747=CARTESIAN_POINT('',(-0.0257907195792474,0.270933858317982,0.0197636051875961));
#4748=CARTESIAN_POINT('',(-0.0248698498284927,0.127,0.0228729897436326));
#4749=CARTESIAN_POINT('',(-0.0253015435399044,0.270933858317982,0.0203433113224892));
#4750=CARTESIAN_POINT('',(-0.0237832542460498,0.127,0.0251265720807097));
#4751=CARTESIAN_POINT('',(-0.0243041389968387,0.270933858317982,0.0214601988221053));
#4752=CARTESIAN_POINT('',(-0.0232361094017518,0.127,0.0261948014779813));
#4753=CARTESIAN_POINT('',(-0.023795910583213,0.270933858317982,0.0219973801084484));
#4754=CARTESIAN_POINT('',(-0.022134675186014,0.127,0.0282193707955718));
#4755=CARTESIAN_POINT('',(-0.0227615623567593,0.270933858317982,0.0230293422828483));
#4756=CARTESIAN_POINT('',(-0.0215803858145741,0.127,0.0291757107158907));
#4757=CARTESIAN_POINT('',(-0.0222354426379171,0.270933858317982,0.0235241230972332));
#4758=CARTESIAN_POINT('',(-0.0204652121235631,0.127,0.0309817351451567));
#4759=CARTESIAN_POINT('',(-0.0211665160894307,0.270933858317982,0.0244714638405497));
#4760=CARTESIAN_POINT('',(-0.0199043278039922,0.127,0.0318314196541037));
#4761=CARTESIAN_POINT('',(-0.0206237093574154,0.270933858317982,0.02492402370071));
#4762=CARTESIAN_POINT('',(-0.01877651379573,0.127,0.033429367326207));
#4763=CARTESIAN_POINT('',(-0.0195226534190086,0.270933858317982,0.0257871593267493));
#4764=CARTESIAN_POINT('',(-0.0182095841070389,0.127,0.0341776304893631));
#4765=CARTESIAN_POINT('',(-0.018964404313634,0.270933858317982,0.0261977350289375));
#4766=CARTESIAN_POINT('',(-0.0170702289395475,0.127,0.0355779695354657));
#4767=CARTESIAN_POINT('',(-0.017833745632263,0.270933858317982,0.0269771983961648));
#4768=CARTESIAN_POINT('',(-0.0164978034607472,0.127,0.036230045418412));
#4769=CARTESIAN_POINT('',(-0.0172613361604072,0.270933858317982,0.0273460860027603));
#4770=CARTESIAN_POINT('',(-0.0153480062920483,0.127,0.0374432439696756));
#4771=CARTESIAN_POINT('',(-0.0161036730387537,0.270933858317982,0.0280425303345503));
#4772=CARTESIAN_POINT('',(-0.0147706346021496,0.127,0.038004366637993));
#4773=CARTESIAN_POINT('',(-0.0155184194959479,0.270933858317982,0.0283700870067012));
#4774=CARTESIAN_POINT('',(-0.013611494590265,0.127,0.0390408928255797));
#4775=CARTESIAN_POINT('',(-0.0143364156459395,0.270933858317982,0.0289842893968651));
#4776=CARTESIAN_POINT('',(-0.013029726268279,0.127,0.0395162963448491));
#4777=CARTESIAN_POINT('',(-0.0137396654483004,0.270933858317982,0.029270935067373));
#4778=CARTESIAN_POINT('',(-0.0118623425712305,0.127,0.0403866182999208));
#4779=CARTESIAN_POINT('',(-0.0125360435736024,0.270933858317982,0.0298037996617951));
#4780=CARTESIAN_POINT('',(-0.0112767271961681,0.127,0.0407815367357231));
#4781=CARTESIAN_POINT('',(-0.0119291720083921,0.270933858317982,0.030050018543867));
#4782=CARTESIAN_POINT('',(-0.0101021989719777,0.127,0.0414961225894417));
#4783=CARTESIAN_POINT('',(-0.0107067072326508,0.270933858317982,0.0305025793899331));
#4784=CARTESIAN_POINT('',(-0.00951328612284969,0.127,0.0418157900073579));
#4785=CARTESIAN_POINT('',(-0.010091114135961,0.270933858317982,0.030708921317857));
#4786=CARTESIAN_POINT('',(-0.00833271252953914,0.127,0.0423851078908853));
#4787=CARTESIAN_POINT('',(-0.00885262729398191,0.270933858317982,0.0310823448742226));
#4788=CARTESIAN_POINT('',(-0.00774105178535654,0.127,0.0426347583564964));
#4789=CARTESIAN_POINT('',(-0.00822973366422881,0.270933858317982,0.0312494264724604));
#4790=CARTESIAN_POINT('',(-0.00655553198094769,0.127,0.0430692764009944));
#4791=CARTESIAN_POINT('',(-0.00697808447363197,0.270933858317982,0.0315450137725973));
#4792=CARTESIAN_POINT('',(-0.00596167292072142,0.127,0.0432541439798814));
#4793=CARTESIAN_POINT('',(-0.00634932902971733,0.270933858317982,0.0316735194502379));
#4794=CARTESIAN_POINT('',(-0.00477230606323611,0.127,0.0435643303165121));
#4795=CARTESIAN_POINT('',(-0.00508740916092374,0.270933858317982,0.0318927079141017));
#4796=CARTESIAN_POINT('',(-0.00417679826597707,0.127,0.0436896490742558));
#4797=CARTESIAN_POINT('',(-0.00445424485406107,0.270933858317982,0.0319833906820753));
#4798=CARTESIAN_POINT('',(-0.00298468351343716,0.127,0.043885971834181));
#4799=CARTESIAN_POINT('',(-0.00318497091673073,0.270933858317982,0.0321277555711568));
#4800=CARTESIAN_POINT('',(-0.00238807655815628,0.127,0.0439569758363626));
#4801=CARTESIAN_POINT('',(-0.0025488614050579,0.270933858317982,0.0321814376800717));
#4802=CARTESIAN_POINT('',(-0.0011943130685836,0.127,0.0440499031507442));
#4803=CARTESIAN_POINT('',(-0.001275167869318,0.270933858317982,0.0322526931920274));
#4804=CARTESIAN_POINT('',(-0.000597156534291801,0.127,0.0440718264629444));
#4805=CARTESIAN_POINT('',(-0.000637583964513734,0.270933858317982,0.0322702665889637));
#4806=CARTESIAN_POINT('',(0.000597156534291801,0.127,0.0440718264629444));
#4807=CARTESIAN_POINT('',(0.000637583964513742,0.270933858317982,0.0322702665889637));
#4808=CARTESIAN_POINT('',(0.0011943130685836,0.127,0.0440499031507442));
#4809=CARTESIAN_POINT('',(0.00127516786931802,0.270933858317982,0.0322526931920274));
#4810=CARTESIAN_POINT('',(0.00238807655815628,0.127,0.0439569758363626));
#4811=CARTESIAN_POINT('',(0.00254886140505792,0.270933858317982,0.0321814376800717));
#4812=CARTESIAN_POINT('',(0.00298468351343716,0.127,0.043885971834181));
#4813=CARTESIAN_POINT('',(0.00318497091673073,0.270933858317982,0.0321277555711568));
#4814=CARTESIAN_POINT('',(0.00417679826597707,0.127,0.0436896490742558));
#4815=CARTESIAN_POINT('',(0.00445424485406108,0.270933858317982,0.0319833906820753));
#4816=CARTESIAN_POINT('',(0.00477230606323611,0.127,0.0435643303165121));
#4817=CARTESIAN_POINT('',(0.00508740916092373,0.270933858317982,0.0318927079141017));
#4818=CARTESIAN_POINT('',(0.00596167292072142,0.127,0.0432541439798814));
#4819=CARTESIAN_POINT('',(0.00634932902971732,0.270933858317982,0.0316735194502379));
#4820=CARTESIAN_POINT('',(0.00655553198094769,0.127,0.0430692764009944));
#4821=CARTESIAN_POINT('',(0.00697808447363197,0.270933858317982,0.0315450137725973));
#4822=CARTESIAN_POINT('',(0.00774105178535654,0.127,0.0426347583564964));
#4823=CARTESIAN_POINT('',(0.00822973366422881,0.270933858317982,0.0312494264724604));
#4824=CARTESIAN_POINT('',(0.00833271252953914,0.127,0.0423851078908853));
#4825=CARTESIAN_POINT('',(0.00885262729398192,0.270933858317982,0.0310823448742226));
#4826=CARTESIAN_POINT('',(0.00951328612284969,0.127,0.0418157900073579));
#4827=CARTESIAN_POINT('',(0.010091114135961,0.270933858317982,0.030708921317857));
#4828=CARTESIAN_POINT('',(0.0101021989719777,0.127,0.0414961225894417));
#4829=CARTESIAN_POINT('',(0.0107067072326508,0.270933858317982,0.0305025793899331));
#4830=CARTESIAN_POINT('',(0.0112767271961681,0.127,0.0407815367357231));
#4831=CARTESIAN_POINT('',(0.0119291720083921,0.270933858317982,0.030050018543867));
#4832=CARTESIAN_POINT('',(0.0118623425712305,0.127,0.0403866182999208));
#4833=CARTESIAN_POINT('',(0.0125360435736024,0.270933858317982,0.0298037996617951));
#4834=CARTESIAN_POINT('',(0.013029726268279,0.127,0.0395162963448491));
#4835=CARTESIAN_POINT('',(0.0137396654483004,0.270933858317982,0.0292709350673729));
#4836=CARTESIAN_POINT('',(0.013611494590265,0.127,0.0390408928255797));
#4837=CARTESIAN_POINT('',(0.0143364156459395,0.270933858317982,0.0289842893968651));
#4838=CARTESIAN_POINT('',(0.0147706346021496,0.127,0.038004366637993));
#4839=CARTESIAN_POINT('',(0.0155184194959479,0.270933858317982,0.0283700870067012));
#4840=CARTESIAN_POINT('',(0.0153480062920483,0.127,0.0374432439696756));
#4841=CARTESIAN_POINT('',(0.0161036730387537,0.270933858317982,0.0280425303345503));
#4842=CARTESIAN_POINT('',(0.0164978034607472,0.127,0.036230045418412));
#4843=CARTESIAN_POINT('',(0.0172613361604072,0.270933858317982,0.0273460860027603));
#4844=CARTESIAN_POINT('',(0.0170702289395475,0.127,0.0355779695354657));
#4845=CARTESIAN_POINT('',(0.017833745632263,0.270933858317982,0.0269771983961648));
#4846=CARTESIAN_POINT('',(0.0182095841070389,0.127,0.0341776304893631));
#4847=CARTESIAN_POINT('',(0.018964404313634,0.270933858317982,0.0261977350289375));
#4848=CARTESIAN_POINT('',(0.01877651379573,0.127,0.033429367326207));
#4849=CARTESIAN_POINT('',(0.0195226534190086,0.270933858317982,0.0257871593267493));
#4850=CARTESIAN_POINT('',(0.0199043278039922,0.127,0.0318314196541037));
#4851=CARTESIAN_POINT('',(0.0206237093574154,0.270933858317982,0.02492402370071));
#4852=CARTESIAN_POINT('',(0.0204652121235631,0.127,0.0309817351451567));
#4853=CARTESIAN_POINT('',(0.0211665160894307,0.270933858317982,0.0244714638405497));
#4854=CARTESIAN_POINT('',(0.0215803858145741,0.127,0.0291757107158907));
#4855=CARTESIAN_POINT('',(0.0222354426379171,0.270933858317982,0.0235241230972333));
#4856=CARTESIAN_POINT('',(0.022134675186014,0.127,0.0282193707955718));
#4857=CARTESIAN_POINT('',(0.0227615623567593,0.270933858317982,0.0230293422828483));
#4858=CARTESIAN_POINT('',(0.0232361094017518,0.127,0.0261948014779813));
#4859=CARTESIAN_POINT('',(0.023795910583213,0.270933858317982,0.0219973801084484));
#4860=CARTESIAN_POINT('',(0.0237832542460498,0.127,0.0251265720807097));
#4861=CARTESIAN_POINT('',(0.0243041389968387,0.270933858317982,0.0214601988221053));
#4862=CARTESIAN_POINT('',(0.0248698498284927,0.127,0.0228729897436326));
#4863=CARTESIAN_POINT('',(0.0253015435399044,0.270933858317982,0.0203433113224892));
#4864=CARTESIAN_POINT('',(0.0254093005666377,0.127,0.0216876368038273));
#4865=CARTESIAN_POINT('',(0.0257907195792474,0.270933858317982,0.0197636051875961));
#4866=CARTESIAN_POINT('',(0.026479958357764,0.127,0.0191945733161019));
#4867=CARTESIAN_POINT('',(0.0267489042857238,0.270933858317982,0.0185615964693704));
#4868=CARTESIAN_POINT('',(0.0270111654107452,0.127,0.0178868627681819));
#4869=CARTESIAN_POINT('',(0.0272179128481552,0.270933858317982,0.0179392939889228));
#4870=CARTESIAN_POINT('',(0.027537975831639,0.127,0.0165153563834139));
#4871=CARTESIAN_POINT('',(0.027676304531375,0.270933858317982,0.0172956827035115));
#4872=CARTESIAN_POINT('',(-0.0328047300233829,0.127,2.89120579329468E-18));
#4873=CARTESIAN_POINT('',(-0.0232152999586362,0.127,0.0357882402172632));
#4874=CARTESIAN_POINT('',(-1.79745092119827E-17,0.127,0.0523554127086255));
#4875=CARTESIAN_POINT('',(0.0232152999586363,0.127,0.0357882402172632));
#4876=CARTESIAN_POINT('',(0.0328047300233829,0.127,4.30750319997007E-26));
#4877=CARTESIAN_POINT('',(-5.75250882777271E-20,0.127,0.0440718264629444));
#4878=CARTESIAN_POINT('',(0.0328047300233829,0.127,2.89120579329468E-18));
#4879=CARTESIAN_POINT('',(0.0232152999586362,0.127,0.0357882402172632));
#4880=CARTESIAN_POINT('',(1.79745092119827E-17,0.127,0.0523554127086255));
#4881=CARTESIAN_POINT('',(-0.0232152999586363,0.127,0.0357882402172632));
#4882=CARTESIAN_POINT('',(-0.0328047300233829,0.127,4.30750319997007E-26));
#4883=CARTESIAN_POINT('',(0.0275379750219494,0.127000000000035,0.0165153560724034));
#4884=CARTESIAN_POINT('',(0.0275878650206563,0.178910727689238,0.0167967863928968));
#4885=CARTESIAN_POINT('',(0.0274673197739602,0.174585597459443,0.0170303871219976));
#4886=CARTESIAN_POINT('',(0.0272659308370086,0.165933141026741,0.0174275019704459));
#4887=CARTESIAN_POINT('',(0.0271021937050534,0.152950015554092,0.0177459107259958));
#4888=CARTESIAN_POINT('',(0.0271120121519665,0.142115674260977,0.0176820643208426));
#4889=CARTESIAN_POINT('',(0.0272689220657514,0.133455060148166,0.0172506485946102));
#4890=CARTESIAN_POINT('',(0.0274228280520884,0.129145522747651,0.0168321338404227));
#4891=CARTESIAN_POINT('',(0.027537975834455,0.127000002930118,0.0165153563992994));
#4892=CARTESIAN_POINT('',(0.0275878650206563,0.178910727689238,0.0167967863928968));
#4893=CARTESIAN_POINT('',(0.0275878650206562,0.178910727689238,0.0167967863928968));
#4894=CARTESIAN_POINT('',(0.0276173448575625,0.209585104565486,0.0169630851631017));
#4895=CARTESIAN_POINT('',(0.0276468246944687,0.240259481441734,0.0171293839333066));
#4896=CARTESIAN_POINT('',(0.027676304531375,0.270933858317982,0.0172956827035115));
#4897=CARTESIAN_POINT('',(0.0023717825774712,0.127,-0.0357352147829586));
#4898=CARTESIAN_POINT('',(0.00018244696554295,0.270933858317985,-0.0352479756418192));
#4899=CARTESIAN_POINT('',(0.0022578999959289,0.127,-0.0357551181300834));
#4900=CARTESIAN_POINT('',(-9.97913177822859E-05,0.270933858317985,-0.0352517666967892));
#4901=CARTESIAN_POINT('',(0.0021450615470358,0.127,-0.0357732625980925));
#4902=CARTESIAN_POINT('',(-0.00038344498058462,0.270933858317985,-0.0352552227323592));
#4903=CARTESIAN_POINT('',(0.00181609461533936,0.127,-0.0358217613516431));
#4904=CARTESIAN_POINT('',(-0.00121498252128355,0.270933858317985,-0.0352644604469776));
#4905=CARTESIAN_POINT('',(0.00160105544910082,0.127,-0.0358478665695933));
#4906=CARTESIAN_POINT('',(-0.00176436842703371,0.270933858317985,-0.0352694327923642));
#4907=CARTESIAN_POINT('',(0.00116477406873368,0.127,-0.0358892332342294));
#4908=CARTESIAN_POINT('',(-0.00285495924112274,0.270933858317985,-0.0352773120349147));
#4909=CARTESIAN_POINT('',(0.0009435322478295,0.127,-0.0359045004151256));
#4910=CARTESIAN_POINT('',(-0.00339616407456289,0.270933858317985,-0.0352802200242922));
#4911=CARTESIAN_POINT('',(0.000600110403836837,0.127,-0.0359183694117194));
#4912=CARTESIAN_POINT('',(-0.00419261831631386,0.270933858317985,-0.0352828616969785));
#4913=CARTESIAN_POINT('',(0.000483709714172879,0.127,-0.035921471017967));
#4914=CARTESIAN_POINT('',(-0.00445554427128457,0.270933858317985,-0.0352834524699629));
#4915=CARTESIAN_POINT('',(0.000305352629087464,0.127,-0.0359235719235724));
#4916=CARTESIAN_POINT('',(-0.00484494335010312,0.270933858317985,-0.0352838526362559));
#4917=CARTESIAN_POINT('',(0.000245274238765976,0.127,-0.0359238458302181));
#4918=CARTESIAN_POINT('',(-0.0049739114046163,0.270933858317985,-0.0352839048081416));
#4919=CARTESIAN_POINT('',(0.000154109166301322,0.127,-0.0359235726437691));
#4920=CARTESIAN_POINT('',(-0.00516597210902823,0.270933858317985,-0.0352838527734341));
#4921=CARTESIAN_POINT('',(0.000123546226139101,0.127,-0.0359233674964523));
#4922=CARTESIAN_POINT('',(-0.00522976044789358,0.270933858317985,-0.0352838136983605));
#4923=CARTESIAN_POINT('',(7.74263720790407E-05,0.127,-0.0359228823772339));
#4924=CARTESIAN_POINT('',(-0.0053250771250427,0.270933858317985,-0.0352837212961322));
#4925=CARTESIAN_POINT('',(6.2007179986417E-05,0.127,-0.0359226910994052));
#4926=CARTESIAN_POINT('',(-0.00535678837892057,0.270933858317985,-0.0352836848628249));
#4927=CARTESIAN_POINT('',(3.88078335609702E-05,0.127,-0.0359223589957172));
#4928=CARTESIAN_POINT('',(-0.00540426155375582,0.270933858317985,-0.0352836216059601));
#4929=CARTESIAN_POINT('',(3.10629583646765E-05,0.127,-0.0359222407630078));
#4930=CARTESIAN_POINT('',(-0.00542007032770524,0.270933858317985,-0.0352835990857931));
#4931=CARTESIAN_POINT('',(1.55494055849565E-05,0.127,-0.0359219890924335));
#4932=CARTESIAN_POINT('',(-0.00545165626559111,0.270933858317985,-0.035283551149284));
#4933=CARTESIAN_POINT('',(7.78200752567974E-06,0.127,-0.035921714541575));
#4934=CARTESIAN_POINT('',(-0.00546743318581247,0.270933858317985,-0.035283498854693));
#4935=CARTESIAN_POINT('',(-7.78199207551593E-06,0.127,-0.0359217145415849));
#4936=CARTESIAN_POINT('',(-0.00549895601643155,0.270933858317985,-0.0352834988546949));
#4937=CARTESIAN_POINT('',(-1.55493901384121E-05,0.127,-0.0359219890921732));
#4938=CARTESIAN_POINT('',(-0.00551473293666057,0.270933858317985,-0.0352835511492344));
#4939=CARTESIAN_POINT('',(-3.10629429260167E-05,0.127,-0.0359222407627672));
#4940=CARTESIAN_POINT('',(-0.00554631887456177,0.270933858317985,-0.0352835990857473));
#4941=CARTESIAN_POINT('',(-3.88078181264123E-05,0.127,-0.0359223589954865));
#4942=CARTESIAN_POINT('',(-0.00556212764851886,0.270933858317985,-0.0352836216059161));
#4943=CARTESIAN_POINT('',(-6.20071645645316E-05,0.127,-0.0359226910992041));
#4944=CARTESIAN_POINT('',(-0.00560960082337687,0.270933858317985,-0.0352836848627865));
#4945=CARTESIAN_POINT('',(-7.74263566661538E-05,0.127,-0.0359228823770524));
#4946=CARTESIAN_POINT('',(-0.00564131207726974,0.270933858317985,-0.0352837212960976));
#4947=CARTESIAN_POINT('',(-0.000123546210754911,0.127,-0.0359233674963294));
#4948=CARTESIAN_POINT('',(-0.00573662875446354,0.270933858317985,-0.035283813698337));
#4949=CARTESIAN_POINT('',(-0.000154109150938479,0.127,-0.0359235726436848));
#4950=CARTESIAN_POINT('',(-0.00580041709335809,0.270933858317985,-0.035283852773418));
#4951=CARTESIAN_POINT('',(-0.000245274223473672,0.127,-0.0359238458302487));
#4952=CARTESIAN_POINT('',(-0.00599247779785595,0.270933858317985,-0.0352839048081474));
#4953=CARTESIAN_POINT('',(-0.00030535261385082,0.127,-0.0359235719236781));
#4954=CARTESIAN_POINT('',(-0.00612144585242416,0.270933858317985,-0.035283852636276));
#4955=CARTESIAN_POINT('',(-0.000483709699127777,0.127,-0.035921471018292));
#4956=CARTESIAN_POINT('',(-0.00651084493140149,0.270933858317985,-0.0352834524700248));
#4957=CARTESIAN_POINT('',(-0.000600110388952153,0.127,-0.0359183694121831));
#4958=CARTESIAN_POINT('',(-0.00677377088646963,0.270933858317985,-0.0352828616970669));
#4959=CARTESIAN_POINT('',(-0.000943532233512811,0.127,-0.0359045004159786));
#4960=CARTESIAN_POINT('',(-0.00757022512849055,0.270933858317985,-0.0352802200244547));
#4961=CARTESIAN_POINT('',(-0.0011647740549114,0.127,-0.0358892332353053));
#4962=CARTESIAN_POINT('',(-0.00811142996208098,0.270933858317985,-0.0352773120351196));
#4963=CARTESIAN_POINT('',(-0.00160105543643887,0.127,-0.0358478665710285));
#4964=CARTESIAN_POINT('',(-0.00920202077642818,0.270933858317985,-0.0352694327926376));
#4965=CARTESIAN_POINT('',(-0.00181609460334332,0.127,-0.0358217613532145));
#4966=CARTESIAN_POINT('',(-0.00975140668228625,0.270933858317985,-0.0352644604472769));
#4967=CARTESIAN_POINT('',(-0.00224915563897302,0.127,-0.0357579162724906));
#4968=CARTESIAN_POINT('',(-0.0108460653628572,0.270933858317985,-0.0352522996680334));
#4969=CARTESIAN_POINT('',(-0.00246717719015253,0.127,-0.0357201775110073));
#4970=CARTESIAN_POINT('',(-0.0113913380770862,0.270933858317985,-0.0352451114439429));
#4971=CARTESIAN_POINT('',(-0.00291537444121103,0.127,-0.0356303445660366));
#4972=CARTESIAN_POINT('',(-0.0124654735216112,0.270933858317985,-0.0352280006720526));
#4973=CARTESIAN_POINT('',(-0.00314554979899645,0.127,-0.0355782579711348));
#4974=CARTESIAN_POINT('',(-0.0129943361867476,0.270933858317985,-0.0352180795696753));
#4975=CARTESIAN_POINT('',(-0.00362722208742872,0.127,-0.0354549584029175));
#4976=CARTESIAN_POINT('',(-0.0140233539140795,0.270933858317985,-0.0351945943016968));
#4977=CARTESIAN_POINT('',(-0.00387871853744302,0.127,-0.0353837591090094));
#4978=CARTESIAN_POINT('',(-0.0145235088847274,0.270933858317985,-0.0351810327416566));
#4979=CARTESIAN_POINT('',(-0.00441220828161434,0.127,-0.0352150923491596));
#4980=CARTESIAN_POINT('',(-0.0154828150987408,0.270933858317985,-0.0351489062377976));
#4981=CARTESIAN_POINT('',(-0.00469420081237045,0.127,-0.0351176441519738));
#4982=CARTESIAN_POINT('',(-0.0159419661966988,0.270933858317985,-0.0351303449641613));
#4983=CARTESIAN_POINT('',(-0.00529788389119432,0.127,-0.0348864706262119));
#4984=CARTESIAN_POINT('',(-0.0168069734746074,0.270933858317985,-0.0350863125942142));
#4985=CARTESIAN_POINT('',(-0.00561957320215167,0.127,-0.0347527694918549));
#4986=CARTESIAN_POINT('',(-0.0172128294189214,0.270933858317985,-0.0350608461062548));
#4987=CARTESIAN_POINT('',(-0.00634883575485165,0.127,-0.0344186389528753));
#4988=CARTESIAN_POINT('',(-0.0179987652482608,0.270933858317985,-0.0349972031806453));
#4989=CARTESIAN_POINT('',(-0.00675083852905605,0.127,-0.0342174547645598));
#4990=CARTESIAN_POINT('',(-0.0184013051942095,0.270933858317985,-0.0349588829769014));
#4991=CARTESIAN_POINT('',(-0.00758933971422246,0.127,-0.0337561215528707));
#4992=CARTESIAN_POINT('',(-0.0191877093380627,0.270933858317985,-0.0348710113463632));
#4993=CARTESIAN_POINT('',(-0.00802583811875415,0.127,-0.0334959630506721));
#4994=CARTESIAN_POINT('',(-0.0195715735347425,0.270933858317985,-0.0348214581141066));
#4995=CARTESIAN_POINT('',(-0.00893009044377583,0.127,-0.0329098531293574));
#4996=CARTESIAN_POINT('',(-0.0203226207041378,0.270933858317985,-0.0347098198596831));
#4997=CARTESIAN_POINT('',(-0.00939784453698626,0.127,-0.0325838938325629));
#4998=CARTESIAN_POINT('',(-0.020689803709752,0.270933858317985,-0.0346477333370295));
#4999=CARTESIAN_POINT('',(-0.0103614435989979,0.127,-0.0318604559377074));
#5000=CARTESIAN_POINT('',(-0.0214094973980983,0.270933858317985,-0.0345099377788444));
#5001=CARTESIAN_POINT('',(-0.0108572889162091,0.127,-0.0314629710510808));
#5002=CARTESIAN_POINT('',(-0.0217620081471932,0.270933858317985,-0.0344342275455094));
#5003=CARTESIAN_POINT('',(-0.0118739734279416,0.127,-0.0305920697090229));
#5004=CARTESIAN_POINT('',(-0.0224543791075902,0.270933858317985,-0.0342683441470776));
#5005=CARTESIAN_POINT('',(-0.0123948131353762,0.127,-0.0301186485152444));
#5006=CARTESIAN_POINT('',(-0.0227942394165886,0.270933858317985,-0.0341781700794523));
#5007=CARTESIAN_POINT('',(-0.0134584441006869,0.127,-0.0290929416351437));
#5008=CARTESIAN_POINT('',(-0.023463341695323,0.270933858317985,-0.033982800368959));
#5009=CARTESIAN_POINT('',(-0.0140012360180139,0.127,-0.0285406526982271));
#5010=CARTESIAN_POINT('',(-0.0237925837906667,0.270933858317985,-0.0338776041069397));
#5011=CARTESIAN_POINT('',(-0.0148993902833169,0.127,-0.0275772457355618));
#5012=CARTESIAN_POINT('',(-0.0243210574411765,0.270933858317985,-0.0336941008634354));
#5013=CARTESIAN_POINT('',(-0.0152489957887813,0.127,-0.0271904967256077));
#5014=CARTESIAN_POINT('',(-0.0245228959640628,0.270933858317985,-0.033620435527291));
#5015=CARTESIAN_POINT('',(-0.0156019500817386,0.127,-0.0267880598209232));
#5016=CARTESIAN_POINT('',(-0.0247233027304558,0.270933858317985,-0.0335437820670429));
#5017=CARTESIAN_POINT('',(-4.69744143756501E-16,0.270933858317985,-0.0352503775551972));
#5018=CARTESIAN_POINT('',(-4.69744143756501E-16,0.246944777800718,-0.0353382277569752));
#5019=CARTESIAN_POINT('',(2.37165457037793E-16,0.198966671540796,-0.0355320603717706));
#5020=CARTESIAN_POINT('',(2.92139457100659E-19,0.150989003475874,-0.0358153451183919));
#5021=CARTESIAN_POINT('',(2.92139457100659E-19,0.127,-0.0359217145415799));
#5022=CARTESIAN_POINT('',(-5.79652205055617E-12,0.127,-0.0359217145415099));
#5023=CARTESIAN_POINT('',(0.00555403527991804,0.127,-0.0345941643253247));
#5024=CARTESIAN_POINT('',(0.00369611301474183,0.127,-0.0354353716636447));
#5025=CARTESIAN_POINT('',(-0.000153882206183542,0.127,-0.0363773226723894));
#5026=CARTESIAN_POINT('',(-0.00397808667892464,0.127,-0.0355048590852435));
#5027=CARTESIAN_POINT('',(-0.00596573966056317,0.127,-0.0345941643572604));
#5028=CARTESIAN_POINT('',(7.72954114146037E-12,0.127,-0.0359217145414398));
#5029=CARTESIAN_POINT('',(7.72954114146037E-12,0.09525,-0.0359217145414398));
#5030=CARTESIAN_POINT('',(-0.00199251966301601,0.127,-0.0359578513176323));
#5031=CARTESIAN_POINT('',(-0.00199251966301601,0.09525,-0.0359578513176323));
#5032=CARTESIAN_POINT('',(-0.00397808667635441,0.127,-0.0355048590864211));
#5033=CARTESIAN_POINT('',(-0.00397808667635441,0.09525,-0.0355048590864211));
#5034=CARTESIAN_POINT('',(-0.00596573966056317,0.127,-0.0345941643572604));
#5035=CARTESIAN_POINT('',(-0.00596573966056317,0.09525,-0.0345941643572604));
#5036=CARTESIAN_POINT('',(7.72954352670515E-12,0.127001333333333,-0.0359217145414398));
#5037=CARTESIAN_POINT('',(-7.72954352670515E-12,0.09525,-0.0359217145414398));
#5038=CARTESIAN_POINT('',(0.00555403527991804,0.09525,-0.0345941643253247));
#5039=CARTESIAN_POINT('',(0.00369611301474183,0.09525,-0.0354353716636447));
#5040=CARTESIAN_POINT('',(-0.000153882206183542,0.09525,-0.0363773226723894));
#5041=CARTESIAN_POINT('',(-0.00397808667892464,0.09525,-0.0355048590852435));
#5042=CARTESIAN_POINT('',(-0.00596573966056317,0.09525,-0.0345941643572604));
#5043=CARTESIAN_POINT('',(0.000191101155689067,0.0953204271870011,-0.0359306754044472));
#5044=CARTESIAN_POINT('',(0.000191883226127302,0.09525,-0.0359167244613762));
#5045=CARTESIAN_POINT('',(0.000323009275442603,0.0834418068445563,-0.0335776358579872));
#5046=CARTESIAN_POINT('',(0.00017388419503711,0.0953204271870011,-0.0359312589239864));
#5047=CARTESIAN_POINT('',(0.000174649861107275,0.09525,-0.0359173081025312));
#5048=CARTESIAN_POINT('',(0.000303025467660127,0.0834418068445563,-0.033578239889906));
#5049=CARTESIAN_POINT('',(0.000156667679501887,0.0953204271870011,-0.0359318061491335));
#5050=CARTESIAN_POINT('',(0.000157416919494947,0.09525,-0.0359178552676103));
#5051=CARTESIAN_POINT('',(0.000283038443434072,0.0834418068445563,-0.0335787769836444));
#5052=CARTESIAN_POINT('',(1.9333590550376E-05,0.0953204271870011,-0.0359358816808039));
#5053=CARTESIAN_POINT('',(1.99516379284308E-05,0.09525,-0.0359219288618831));
#5054=CARTESIAN_POINT('',(0.000123576716964577,0.0834418068445563,-0.033582525743642));
#5055=CARTESIAN_POINT('',(-0.000100762136881729,0.0953204271870011,-0.0359376759726418));
#5056=CARTESIAN_POINT('',(-0.000100259814600103,0.09525,-0.0359237125636647));
#5057=CARTESIAN_POINT('',(-1.60378148256309E-05,0.0834418068445563,-0.033582533860794));
#5058=CARTESIAN_POINT('',(-0.000340906029516399,0.0953204271870011,-0.0359377271965632));
#5059=CARTESIAN_POINT('',(-0.000340636003994926,0.09525,-0.0359237243330767));
#5060=CARTESIAN_POINT('',(-0.000295362102676017,0.0834418068445563,-0.0335759304793243));
#5061=CARTESIAN_POINT('',(-0.000460954353885872,0.0953204271870011,-0.0359359855714983));
#5062=CARTESIAN_POINT('',(-0.000460800900674251,0.09525,-0.0359219538324701));
#5063=CARTESIAN_POINT('',(-0.000435072126882522,0.0834418068445563,-0.0335693185532905));
#5064=CARTESIAN_POINT('',(-0.000701002082894859,0.0953204271870011,-0.0359289811907202));
#5065=CARTESIAN_POINT('',(-0.000701081395731475,0.09525,-0.0359148741116649));
#5066=CARTESIAN_POINT('',(-0.000714379403707413,0.0834418068445563,-0.033549606926671));
#5067=CARTESIAN_POINT('',(-0.000821001487812705,0.0953204271870011,-0.0359237184344292));
#5068=CARTESIAN_POINT('',(-0.000821196994185096,0.09525,-0.0359095648917323));
#5069=CARTESIAN_POINT('',(-0.000853976622431141,0.0834418068445563,-0.0335365073678502));
#5070=CARTESIAN_POINT('',(-0.0010609497163376,0.0953204271870011,-0.0359096856317453));
#5071=CARTESIAN_POINT('',(-0.00106137599978963,0.09525,-0.035895422590134));
#5072=CARTESIAN_POINT('',(-0.00113284892885106,0.0834418068445563,-0.0335040059014751));
#5073=CARTESIAN_POINT('',(-0.00118089854019804,0.0953204271870011,-0.0359009155848891));
#5074=CARTESIAN_POINT('',(-0.00118143940701629,0.09525,-0.0358865895087381));
#5075=CARTESIAN_POINT('',(-0.0012721239868374,0.0834418068445563,-0.0334846041171083));
#5076=CARTESIAN_POINT('',(-0.00142074395088213,0.0953204271870011,-0.0358798825541557));
#5077=CARTESIAN_POINT('',(-0.0014215111440055,0.09525,-0.0358654151403344));
#5078=CARTESIAN_POINT('',(-0.00155014278434201,0.0834418068445563,-0.0334397323303847));
#5079=CARTESIAN_POINT('',(-0.00154064053795159,0.0953204271870011,-0.0358676195697603));
#5080=CARTESIAN_POINT('',(-0.00154151947384382,0.09525,-0.0358530738536001));
#5081=CARTESIAN_POINT('',(-0.00168888649542558,0.0834418068445563,-0.0334142624610411));
#5082=CARTESIAN_POINT('',(-0.00190024945760632,0.0953204271870011,-0.035825613531079));
#5083=CARTESIAN_POINT('',(-0.00190145752477156,0.09525,-0.0358108123543303));
#5084=CARTESIAN_POINT('',(-0.00210400842932,0.0834418068445563,-0.0333291690938386));
#5085=CARTESIAN_POINT('',(-0.0021398809571538,0.0953204271870011,-0.0357906531093764));
#5086=CARTESIAN_POINT('',(-0.00214130030748796,0.09525,-0.0357756541168119));
#5087=CARTESIAN_POINT('',(-0.00237927606109454,0.0834418068445563,-0.0332608440146357));
#5088=CARTESIAN_POINT('',(-0.00261891500307564,0.0953204271870011,-0.0357069451037607));
#5089=CARTESIAN_POINT('',(-0.00262073100253079,0.09525,-0.035691510750031));
#5090=CARTESIAN_POINT('',(-0.0029252110371566,0.0834418068445563,-0.0331037057015872));
#5091=CARTESIAN_POINT('',(-0.00285831755582048,0.0953204271870011,-0.0356581975004052));
#5092=CARTESIAN_POINT('',(-0.00286031891727344,0.09525,-0.0356425256298476));
#5093=CARTESIAN_POINT('',(-0.00319587772086548,0.0834418068445563,-0.0330148972588722));
#5094=CARTESIAN_POINT('',(-0.00333687998014175,0.0953204271870011,-0.0355470499803609));
#5095=CARTESIAN_POINT('',(-0.00333921681077241,0.09525,-0.0355308816735773));
#5096=CARTESIAN_POINT('',(-0.0037310221438167,0.0834418068445563,-0.0328200181899398));
#5097=CARTESIAN_POINT('',(-0.00357603985656921,0.0953204271870011,-0.0354846500439753));
#5098=CARTESIAN_POINT('',(-0.00357852679193518,0.09525,-0.035468222846772));
#5099=CARTESIAN_POINT('',(-0.00399549947559542,0.0834418068445563,-0.0327139524316337));
#5100=CARTESIAN_POINT('',(-0.00405410268017936,0.0953204271870011,-0.0353463425537125));
#5101=CARTESIAN_POINT('',(-0.00405684564446949,0.09525,-0.0353293966181542));
#5102=CARTESIAN_POINT('',(-0.00451674548621353,0.0834418068445563,-0.0324881517978964));
#5103=CARTESIAN_POINT('',(-0.0042930056303807,0.0953204271870011,-0.0352704349808655));
#5104=CARTESIAN_POINT('',(-0.00429585451823385,0.09525,-0.035253229225812));
#5105=CARTESIAN_POINT('',(-0.00477351406251825,0.0834418068445563,-0.0323684217003712));
#5106=CARTESIAN_POINT('',(-0.00477053971422385,0.0953204271870011,-0.0351052673439617));
#5107=CARTESIAN_POINT('',(-0.00477354780195377,0.09525,-0.0350875626907394));
#5108=CARTESIAN_POINT('',(-0.00527789963618031,0.0834418068445563,-0.0321191072703137));
#5109=CARTESIAN_POINT('',(-0.00500917084887106,0.0953204271870011,-0.0350160072622185));
#5110=CARTESIAN_POINT('',(-0.00501223221428467,0.09525,-0.0349980635576552));
#5111=CARTESIAN_POINT('',(-0.00552551686560492,0.0834418068445563,-0.031989527530159));
#5112=CARTESIAN_POINT('',(-0.00548614571412747,0.0953204271870011,-0.0348243007158054));
#5113=CARTESIAN_POINT('',(-0.00548925296937042,0.09525,-0.0348059217626383));
#5114=CARTESIAN_POINT('',(-0.00601023175120671,0.0834418068445563,-0.0317244096615236));
#5115=CARTESIAN_POINT('',(-0.00572448944370959,0.0953204271870011,-0.0347218542347686));
#5116=CARTESIAN_POINT('',(-0.00572758931447933,0.09525,-0.0347032791105143));
#5117=CARTESIAN_POINT('',(-0.00624732997663875,0.0834418068445563,-0.0315888759315512));
#5118=CARTESIAN_POINT('',(-0.00623085355511287,0.0953204271870011,-0.0344902392416151));
#5119=CARTESIAN_POINT('',(-0.00623386512192403,0.09525,-0.0344713157280706));
#5120=CARTESIAN_POINT('',(-0.00673880027723744,0.0834418068445563,-0.0312984997655298));
#5121=CARTESIAN_POINT('',(-0.00649899523752992,0.0953204271870011,-0.0343592744044065));
#5122=CARTESIAN_POINT('',(-0.00650195055630389,0.09525,-0.0343401742104331));
#5123=CARTESIAN_POINT('',(-0.00699745486940972,0.0834418068445563,-0.0311377350765142));
#5124=CARTESIAN_POINT('',(-0.00703526830852745,0.0953204271870011,-0.0340809188679911));
#5125=CARTESIAN_POINT('',(-0.00703809285246948,0.09525,-0.0340614842234062));
#5126=CARTESIAN_POINT('',(-0.00751167076838176,0.0834418068445563,-0.0308029693382219));
#5127=CARTESIAN_POINT('',(-0.00730339969630838,0.0953204271870011,-0.0339335281694625));
#5128=CARTESIAN_POINT('',(-0.00730614971384612,0.09525,-0.0339139357525091));
#5129=CARTESIAN_POINT('',(-0.00776723214023952,0.0834418068445563,-0.0306289679209234));
#5130=CARTESIAN_POINT('',(-0.00783970279746747,0.0953204271870011,-0.0336224947239083));
#5131=CARTESIAN_POINT('',(-0.00784228621031717,0.09525,-0.0336026083540404));
#5132=CARTESIAN_POINT('',(-0.00827543481710484,0.0834418068445563,-0.030268354828379));
#5133=CARTESIAN_POINT('',(-0.00810787451010195,0.0953204271870011,-0.0334588519773479));
#5134=CARTESIAN_POINT('',(-0.00811036584500374,0.09525,-0.0334388294249698));
#5135=CARTESIAN_POINT('',(-0.00852807617801495,0.0834418068445563,-0.0300817428222891));
#5136=CARTESIAN_POINT('',(-0.00864430872845375,0.0953204271870011,-0.0331154864733918));
#5137=CARTESIAN_POINT('',(-0.00864659911242568,0.09525,-0.0330952153233002));
#5138=CARTESIAN_POINT('',(-0.00903061695400483,0.0834418068445563,-0.0296964475184611));
#5139=CARTESIAN_POINT('',(-0.0089125712334771,0.0953204271870011,-0.0329357637162676));
#5140=CARTESIAN_POINT('',(-0.00891475274475442,0.09525,-0.0329153801492105));
#5141=CARTESIAN_POINT('',(-0.00928051641685672,0.0834418068445563,-0.0294977639237575));
#5142=CARTESIAN_POINT('',(-0.00944923737368455,0.0953204271870011,-0.0325604084420293));
#5143=CARTESIAN_POINT('',(-0.00945118512202689,0.09525,-0.032539825533563));
#5144=CARTESIAN_POINT('',(-0.00977775486907935,0.0834418068445563,-0.0290887866774067));
#5145=CARTESIAN_POINT('',(-0.00971764100821861,0.0953204271870011,-0.032364775925011));
#5146=CARTESIAN_POINT('',(-0.00971946386656511,0.09525,-0.0323441060905226));
#5147=CARTESIAN_POINT('',(-0.0100250938990419,0.0834418068445563,-0.028878492759614));
#5148=CARTESIAN_POINT('',(-0.0102546396342564,0.0953204271870011,-0.0319577695895703));
#5149=CARTESIAN_POINT('',(-0.0102561974852404,0.09525,-0.0319369527205475));
#5150=CARTESIAN_POINT('',(-0.010517394987368,0.0834418068445563,-0.0284466868050725));
#5151=CARTESIAN_POINT('',(-0.0105232346251488,0.0953204271870011,-0.0317463957710848));
#5152=CARTESIAN_POINT('',(-0.0105246523589731,0.09525,-0.031725518792138));
#5153=CARTESIAN_POINT('',(-0.0107623570800224,0.0834418068445563,-0.0282251745301677));
#5154=CARTESIAN_POINT('',(-0.0110606660993432,0.0953204271870011,-0.0313080734986102));
#5155=CARTESIAN_POINT('',(-0.0110617891675874,0.09525,-0.0312871040868726));
#5156=CARTESIAN_POINT('',(-0.0112500887052935,0.0834418068445563,-0.0277712620562949));
#5157=CARTESIAN_POINT('',(-0.0113295025820677,0.0953204271870011,-0.0310811250444141));
#5158=CARTESIAN_POINT('',(-0.0113304711020657,0.09525,-0.0310601233085493));
#5159=CARTESIAN_POINT('',(-0.0114928582667126,0.0834418068445563,-0.0275388616445448));
#5160=CARTESIAN_POINT('',(-0.0118674671018162,0.0953204271870011,-0.0306118183778435));
#5161=CARTESIAN_POINT('',(-0.011868112890408,0.09525,-0.0305907804349085));
#5162=CARTESIAN_POINT('',(-0.0119763892074848,0.0834418068445563,-0.0270634481027821));
#5163=CARTESIAN_POINT('',(-0.0121365951382916,0.0953204271870011,-0.0303694601651324));
#5164=CARTESIAN_POINT('',(-0.0121370727438695,0.09525,-0.0303484183381308));
#5165=CARTESIAN_POINT('',(-0.0122171506109013,0.0834418068445563,-0.0268204347829485));
#5166=CARTESIAN_POINT('',(-0.0126751927707563,0.0953204271870011,-0.0298694970784883));
#5167=CARTESIAN_POINT('',(-0.0126753211671921,0.09525,-0.029848476298945));
#5168=CARTESIAN_POINT('',(-0.0126968487899497,0.0834418068445563,-0.026324021671482));
#5169=CARTESIAN_POINT('',(-0.0129446623662221,0.0953204271870011,-0.0296118922041021));
#5170=CARTESIAN_POINT('',(-0.0129446097366514,0.09525,-0.0295908963550838));
#5171=CARTESIAN_POINT('',(-0.0129357855855966,0.0834418068445563,-0.0260706217107662));
#5172=CARTESIAN_POINT('',(-0.0134839930812731,0.0953204271870011,-0.0290815971225918));
#5173=CARTESIAN_POINT('',(-0.0134835663398276,0.09525,-0.0290606800766999));
#5174=CARTESIAN_POINT('',(-0.0134120166211789,0.0834418068445563,-0.0255536179796585));
#5175=CARTESIAN_POINT('',(-0.0137538542003558,0.0953204271870011,-0.0288089069149097));
#5176=CARTESIAN_POINT('',(-0.0137532343731435,0.09525,-0.0287880437407309));
#5177=CARTESIAN_POINT('',(-0.0136493108777167,0.0834418068445563,-0.0252900140588755));
#5178=CARTESIAN_POINT('',(-0.0145640997528414,0.0953204271870011,-0.0279684476555921));
#5179=CARTESIAN_POINT('',(-0.0145628837355937,0.09525,-0.0279477893699239));
#5180=CARTESIAN_POINT('',(-0.0143589998783382,0.0834418068445563,-0.0244841123750378));
#5181=CARTESIAN_POINT('',(-0.0151051463780832,0.0953204271870011,-0.0273782908228462));
#5182=CARTESIAN_POINT('',(-0.0151035103325735,0.09525,-0.0273578269111265));
#5183=CARTESIAN_POINT('',(-0.0148292023243684,0.0834418068445563,-0.023926739676326));
#5184=CARTESIAN_POINT('',(-0.0161894049247807,0.0953204271870011,-0.0261395317041453));
#5185=CARTESIAN_POINT('',(-0.0161868896717039,0.09525,-0.0261195691162581));
#5186=CARTESIAN_POINT('',(-0.0157651690914934,0.0834418068445563,-0.0227725364760048));
#5187=CARTESIAN_POINT('',(-0.0167326168315194,0.0953204271870011,-0.0254909293923157));
#5188=CARTESIAN_POINT('',(-0.0167296424010754,0.09525,-0.0254712737345021));
#5189=CARTESIAN_POINT('',(-0.0162309337246987,0.0834418068445563,-0.0221757026071521));
#5190=CARTESIAN_POINT('',(-0.0178216056447904,0.0953204271870011,-0.0241365080830185));
#5191=CARTESIAN_POINT('',(-0.0178176793962458,0.09525,-0.0241175733831906));
#5192=CARTESIAN_POINT('',(-0.0171593838833141,0.0834418068445563,-0.0209428818694676));
#5193=CARTESIAN_POINT('',(-0.0183673825370638,0.0953204271870011,-0.0234306890556974));
#5194=CARTESIAN_POINT('',(-0.0183629636492903,0.09525,-0.0234121683683045));
#5195=CARTESIAN_POINT('',(-0.0176220696482224,0.0834418068445563,-0.0203068923602905));
#5196=CARTESIAN_POINT('',(-0.0194619017438703,0.0953204271870011,-0.0219630368656707));
#5197=CARTESIAN_POINT('',(-0.019456469448438,0.09525,-0.0219454439076862));
#5198=CARTESIAN_POINT('',(-0.0185456621810635,0.0834418068445563,-0.0189957158991771));
#5199=CARTESIAN_POINT('',(-0.0200106440442941,0.0953204271870011,-0.0212012036700594));
#5200=CARTESIAN_POINT('',(-0.0200046909818016,0.09525,-0.0211841244169433));
#5201=CARTESIAN_POINT('',(-0.0190065691659221,0.0834418068445563,-0.0183205268726889));
#5202=CARTESIAN_POINT('',(-0.0211114956331124,0.0953204271870011,-0.0196227004212847));
#5203=CARTESIAN_POINT('',(-0.0211044778459684,0.09525,-0.0196067393840297));
#5204=CARTESIAN_POINT('',(-0.0199278386864507,0.0834418068445563,-0.0169306278013623));
#5205=CARTESIAN_POINT('',(-0.0216636049072771,0.0953204271870011,-0.018806030332966));
#5206=CARTESIAN_POINT('',(-0.0216560431640368,0.09525,-0.0187906737971344));
#5207=CARTESIAN_POINT('',(-0.0203882014600732,0.0834418068445563,-0.0162159161073907));
#5208=CARTESIAN_POINT('',(-0.0227715935765907,0.0953204271870011,-0.017119006328165));
#5209=CARTESIAN_POINT('',(-0.0227629252318193,0.09525,-0.0171049395196911));
#5210=CARTESIAN_POINT('',(-0.0213095448860164,0.0834418068445563,-0.0147464243125272));
#5211=CARTESIAN_POINT('',(-0.0233274729571457,0.0953204271870011,-0.016248652374996));
#5212=CARTESIAN_POINT('',(-0.023318241968794,0.09525,-0.0162352707846706));
#5213=CARTESIAN_POINT('',(-0.0217705258365084,0.0834418068445563,-0.0139916428617299));
#5214=CARTESIAN_POINT('',(-0.0244434069709686,0.0953204271870011,-0.0144553905018324));
#5215=CARTESIAN_POINT('',(-0.0244330360204908,0.09525,-0.0144434490649309));
#5216=CARTESIAN_POINT('',(-0.0226941878332709,0.0834418068445563,-0.0124412848512114));
#5217=CARTESIAN_POINT('',(-0.0250034615890493,0.0953204271870011,-0.0135324825442928));
#5218=CARTESIAN_POINT('',(-0.024992513322459,0.09525,-0.0135212960359572));
#5219=CARTESIAN_POINT('',(-0.0231568692747514,0.0834418068445563,-0.0116457071222588));
#5220=CARTESIAN_POINT('',(-0.026128153654184,0.0953204271870011,-0.011635220471771));
#5221=CARTESIAN_POINT('',(-0.0261160395445008,0.09525,-0.011625601819217));
#5222=CARTESIAN_POINT('',(-0.0240849241026315,0.0834418068445563,-0.0100128878647066));
#5223=CARTESIAN_POINT('',(-0.0266927910852301,0.0953204271870011,-0.0106608663190519));
#5224=CARTESIAN_POINT('',(-0.0266800884517962,0.09525,-0.0106520605873798));
#5225=CARTESIAN_POINT('',(-0.0245502980177604,0.0834418068445563,-0.00917564523008669));
#5226=CARTESIAN_POINT('',(-0.0278270592641135,0.0953204271870011,-0.00866179874546275));
#5227=CARTESIAN_POINT('',(-0.0278131712020479,0.09525,-0.00865466461751596));
#5228=CARTESIAN_POINT('',(-0.0254846255592691,0.0834418068445563,-0.00745851914616638));
#5229=CARTESIAN_POINT('',(-0.0283966899948845,0.0953204271870011,-0.00763708528736258));
#5230=CARTESIAN_POINT('',(-0.0283822050321921,0.09525,-0.00763080983556843));
#5231=CARTESIAN_POINT('',(-0.0259535798860727,0.0834418068445563,-0.00657863453113907));
#5232=CARTESIAN_POINT('',(-0.0295413586677546,0.0953204271870011,-0.00553836619951908));
#5233=CARTESIAN_POINT('',(-0.0295256736067146,0.09525,-0.00553384129952524));
#5234=CARTESIAN_POINT('',(-0.0268958336499966,0.0834418068445563,-0.0047751727311581));
#5235=CARTESIAN_POINT('',(-0.0301163965914692,0.0953204271870011,-0.00446436053382276));
#5236=CARTESIAN_POINT('',(-0.0301001083382368,0.09525,-0.00446072750162436));
#5237=CARTESIAN_POINT('',(-0.0273691340011396,0.0834418068445563,-0.00385159418585135));
#5238=CARTESIAN_POINT('',(-0.0312722974821922,0.0953204271870011,-0.00226810543537662));
#5239=CARTESIAN_POINT('',(-0.0312547977400951,0.09525,-0.0022662766649115));
#5240=CARTESIAN_POINT('',(-0.0283206987982941,0.0834418068445563,-0.00195965537548187));
#5241=CARTESIAN_POINT('',(-0.031853160551188,0.0953204271870011,-0.00114585572658293));
#5242=CARTESIAN_POINT('',(-0.0318350525156881,0.09525,-0.00114493935046052));
#5243=CARTESIAN_POINT('',(-0.0287989638977267,0.0834418068445563,-0.000991294902667066));
#5244=CARTESIAN_POINT('',(-0.03243714706982,0.0953204271870011,1.36333018308569E-18));
#5245=CARTESIAN_POINT('',(-0.0324184282528753,0.09525,1.36097409422456E-18));
#5246=CARTESIAN_POINT('',(-0.0292799328005378,0.0834418068445563,9.65939824813997E-19));
#5247=CARTESIAN_POINT('',(-7.72709741447808E-12,0.0952500000801309,-0.035921714136788));
#5248=CARTESIAN_POINT('',(-1.02089388997937E-11,0.0922878405201601,-0.0353351347139452));
#5249=CARTESIAN_POINT('',(-1.75014519920464E-13,0.0893257504229186,-0.0347482045462516));
#5250=CARTESIAN_POINT('',(-1.17722174132614E-17,0.0863637243173951,-0.0341609516212711));
#5251=CARTESIAN_POINT('',(9.96760464394638E-07,0.0955040047971569,0.0228407495681396));
#5252=CARTESIAN_POINT('',(9.92245249345517E-07,0.09525,0.0227786547530359));
#5253=CARTESIAN_POINT('',(2.39723620286203E-07,0.0529166666666667,0.0124297143571116));
#5254=CARTESIAN_POINT('',(6.64469400559825E-07,0.0955040047971569,0.0228407495738198));
#5255=CARTESIAN_POINT('',(6.61459345845252E-07,0.09525,0.0227786547586861));
#5256=CARTESIAN_POINT('',(1.59793034779039E-07,0.0529166666666667,0.0124297143577716));
#5257=CARTESIAN_POINT('',(3.3217833624653E-07,0.0955040047971569,0.0228407495766595));
#5258=CARTESIAN_POINT('',(3.30673441869644E-07,0.09525,0.0227786547615109));
#5259=CARTESIAN_POINT('',(7.98624493193555E-08,0.0529166666666667,0.0124297143581015));
#5260=CARTESIAN_POINT('',(-0.000596293793797208,0.0955040047971569,0.0228407495755062));
#5261=CARTESIAN_POINT('',(-0.000593592795235043,0.09525,0.0227786547603625));
#5262=CARTESIAN_POINT('',(-0.000143434870090243,0.0529166666666667,0.0124297143577643));
#5263=CARTESIAN_POINT('',(-0.00119258681466942,0.0955040047971569,0.022831603118467));
#5264=CARTESIAN_POINT('',(-0.00118718482185911,0.09525,0.0227695565162447));
#5265=CARTESIAN_POINT('',(-0.000286869690559988,0.0529166666666667,0.0124286514487927));
#5266=CARTESIAN_POINT('',(-0.00238200971548293,0.0955040047971569,0.0227931520766883));
#5267=CARTESIAN_POINT('',(-0.00237122747314211,0.09525,0.0227313091718178));
#5268=CARTESIAN_POINT('',(-0.000574221022069959,0.0529166666666667,0.0124243530218203));
#5269=CARTESIAN_POINT('',(-0.00297513829049485,0.0955040047971569,0.0227638454096486));
#5270=CARTESIAN_POINT('',(-0.00296167680087944,0.09525,0.0227021580019083));
#5271=CARTESIAN_POINT('',(-0.000718137570790018,0.0529166666666667,0.0124211175508304));
#5272=CARTESIAN_POINT('',(-0.00415510730164842,0.0955040047971569,0.0226835076928681));
#5273=CARTESIAN_POINT('',(-0.00413633056145709,0.09525,0.0226222474247698));
#5274=CARTESIAN_POINT('',(-0.00100693296609656,0.0529166666666667,0.012412395569525));
#5275=CARTESIAN_POINT('',(-0.00474194647794333,0.0955040047971569,0.0226324747001456));
#5276=CARTESIAN_POINT('',(-0.00472053374219794,0.09525,0.0225714860864906));
#5277=CARTESIAN_POINT('',(-0.00115181185176797,0.0529166666666667,0.0124069091167103));
#5278=CARTESIAN_POINT('',(-0.00590628974539403,0.0955040047971569,0.0225074819548781));
#5279=CARTESIAN_POINT('',(-0.00587966928846595,0.09525,0.0224471593005998));
#5280=CARTESIAN_POINT('',(-0.00144301025983431,0.0529166666666667,0.0123935734640398));
#5281=CARTESIAN_POINT('',(-0.00648379265118132,0.0955040047971569,0.0224335204470506));
#5282=CARTESIAN_POINT('',(-0.00645460047594175,0.09525,0.022373592108586));
#5283=CARTESIAN_POINT('',(-0.00158932982367822,0.0529166666666667,0.0123857243331401));
#5284=CARTESIAN_POINT('',(-0.00762653127591644,0.0955040047971569,0.0222618878350322));
#5285=CARTESIAN_POINT('',(-0.0075922802542489,0.09525,0.0222028745717489));
#5286=CARTESIAN_POINT('',(-0.00188388445429315,0.0529166666666667,0.0123675164461307));
#5287=CARTESIAN_POINT('',(-0.00819176591238053,0.0955040047971569,0.0221642152100111));
#5288=CARTESIAN_POINT('',(-0.00815502776932003,0.09525,0.0221057227156513));
#5289=CARTESIAN_POINT('',(-0.00203211956586944,0.0529166666666667,0.0123571577714313));
#5290=CARTESIAN_POINT('',(-0.00930718486952605,0.0955040047971569,0.0219448463910491));
#5291=CARTESIAN_POINT('',(-0.00926557647721674,0.09525,0.021887522651499));
#5292=CARTESIAN_POINT('',(-0.00233097539562418,0.0529166666666667,0.0123337464966676));
#5293=CARTESIAN_POINT('',(-0.00985736823762973,0.0955040047971569,0.0218231489552044));
#5294=CARTESIAN_POINT('',(-0.0098133767234395,0.09525,0.0217664732095133));
#5295=CARTESIAN_POINT('',(-0.00248159616300293,0.0529166666666667,0.0123206939915138));
#5296=CARTESIAN_POINT('',(-0.0109400811323735,0.0955040047971569,0.0215559270191653));
#5297=CARTESIAN_POINT('',(-0.0108914456632973,0.09525,0.0215006719679641));
#5298=CARTESIAN_POINT('',(-0.00278568723956001,0.0529166666666667,0.0122916706930513));
#5299=CARTESIAN_POINT('',(-0.0114726098615826,0.0955040047971569,0.0214104015975372));
#5300=CARTESIAN_POINT('',(-0.0114217135645837,0.09525,0.0213559192531158));
#5301=CARTESIAN_POINT('',(-0.00293915760343239,0.0529166666666667,0.0122757000092593));
#5302=CARTESIAN_POINT('',(-0.0125176159034513,0.0955040047971569,0.0210962632816808));
#5303=CARTESIAN_POINT('',(-0.0124623372604056,0.09525,0.0210434450510414));
#5304=CARTESIAN_POINT('',(-0.00324940408566307,0.0529166666666667,0.0122405728661));
#5305=CARTESIAN_POINT('',(-0.0130300925968916,0.0955040047971569,0.0209276498244515));
#5306=CARTESIAN_POINT('',(-0.0129726924397808,0.09525,0.0208757230049197));
#5307=CARTESIAN_POINT('',(-0.00340618026538114,0.0529166666666667,0.0122214165320355));
#5308=CARTESIAN_POINT('',(-0.0140328242807587,0.0955040047971569,0.0205686405281316));
#5309=CARTESIAN_POINT('',(-0.0139713360142008,0.09525,0.0205186055734784));
#5310=CARTESIAN_POINT('',(-0.00372348513335345,0.0529166666666667,0.0121796039587019));
#5311=CARTESIAN_POINT('',(-0.0145230788506702,0.0955040047971569,0.0203782445182029));
#5312=CARTESIAN_POINT('',(-0.0144596239916516,0.09525,0.0203292100191887));
#5313=CARTESIAN_POINT('',(-0.00388401389089165,0.0529166666666667,0.0121569478617887));
#5314=CARTESIAN_POINT('',(-0.0154794389634483,0.0955040047971569,0.0199775518418346));
#5315=CARTESIAN_POINT('',(-0.0154122199298961,0.09525,0.0199306138978599));
#5316=CARTESIAN_POINT('',(-0.0042092592552981,0.0529166666666667,0.012107770981105));
#5317=CARTESIAN_POINT('',(-0.0159455443020282,0.0955040047971569,0.019767255425566));
#5318=CARTESIAN_POINT('',(-0.0158765276880902,0.09525,0.0197214135804588));
#5319=CARTESIAN_POINT('',(-0.00437397594073279,0.0529166666666667,0.0120812503581113));
#5320=CARTESIAN_POINT('',(-0.0168519310283214,0.0955040047971569,0.0193292192147084));
#5321=CARTESIAN_POINT('',(-0.0167795007690398,0.09525,0.0192856480502187));
#5322=CARTESIAN_POINT('',(-0.00470801887615457,0.0529166666666667,0.0120239244500768));
#5323=CARTESIAN_POINT('',(-0.0172922124421382,0.0955040047971569,0.0191014801146112));
#5324=CARTESIAN_POINT('',(-0.0172181661182759,0.09525,0.019059083528807));
#5325=CARTESIAN_POINT('',(-0.00487734521546204,0.0529166666666667,0.011993119345715));
#5326=CARTESIAN_POINT('',(-0.0181455315201916,0.0955040047971569,0.0186315772830358));
#5327=CARTESIAN_POINT('',(-0.0180684454697345,0.09525,0.0185915874681178));
#5328=CARTESIAN_POINT('',(-0.00522101303587613,0.0529166666666667,0.0119267441903197));
#5329=CARTESIAN_POINT('',(-0.0185585694513244,0.0955040047971569,0.0183894147074957));
#5330=CARTESIAN_POINT('',(-0.0184800597378678,0.09525,0.01835065707909));
#5331=CARTESIAN_POINT('',(-0.00539535461865501,0.0529166666666667,0.0118911743414762));
#5332=CARTESIAN_POINT('',(-0.0193562325324095,0.0955040047971569,0.0178942174451942));
#5333=CARTESIAN_POINT('',(-0.0192750771737009,0.09525,0.0178579573564432));
#5334=CARTESIAN_POINT('',(-0.0057494395068008,0.0529166666666667,0.0118147233664759));
#5335=CARTESIAN_POINT('',(-0.0197408581962984,0.0955040047971569,0.0176411843861059));
#5336=CARTESIAN_POINT('',(-0.0196584808529624,0.09525,0.0176061896421339));
#5337=CARTESIAN_POINT('',(-0.00592918292792963,0.0529166666666667,0.0117738424657696));
#5338=CARTESIAN_POINT('',(-0.0204807667862193,0.0955040047971569,0.0171282907293537));
#5339=CARTESIAN_POINT('',(-0.0203961548739231,0.09525,0.0170958320277858));
#5340=CARTESIAN_POINT('',(-0.00629443582256377,0.0529166666666667,0.0116861506027966));
#5341=CARTESIAN_POINT('',(-0.0208360504749252,0.0955040047971569,0.016868432233898));
#5342=CARTESIAN_POINT('',(-0.020750425974533,0.09525,0.0168372442189119));
#5343=CARTESIAN_POINT('',(-0.00647994542781141,0.0529166666666667,0.0116393398911446));
#5344=CARTESIAN_POINT('',(-0.021516565085616,0.0955040047971569,0.0163463683847103));
#5345=CARTESIAN_POINT('',(-0.0214291310623422,0.09525,0.0163176962061785));
#5346=CARTESIAN_POINT('',(-0.00685706906449224,0.0529166666666667,0.0115390900350864));
#5347=CARTESIAN_POINT('',(-0.021841797015763,0.0955040047971569,0.0160841656023826));
#5348=CARTESIAN_POINT('',(-0.021753566052584,0.09525,0.0160567385600439));
#5349=CARTESIAN_POINT('',(-0.00704868324570537,0.0529166666666667,0.0114856511685302));
#5350=CARTESIAN_POINT('',(-0.0224616914279757,0.0955040047971569,0.0155622598339997));
#5351=CARTESIAN_POINT('',(-0.0223720871581779,0.09525,0.0155372639330816));
#5352=CARTESIAN_POINT('',(-0.00743832423756275,0.0529166666666667,0.0113713591258602));
#5353=CARTESIAN_POINT('',(-0.0227563551551007,0.0955040047971569,0.0153025598744151));
#5354=CARTESIAN_POINT('',(-0.0226661745121777,0.09525,0.0152787499625065));
#5355=CARTESIAN_POINT('',(-0.00763635121826159,0.0529166666666667,0.0113105062570838));
#5356=CARTESIAN_POINT('',(-0.0233846226546722,0.0955040047971569,0.014726755904754));
#5357=CARTESIAN_POINT('',(-0.023293397436397,0.09525,0.0147055078858746));
#5358=CARTESIAN_POINT('',(-0.00808948153845073,0.0529166666666667,0.0111642382879611));
#5359=CARTESIAN_POINT('',(-0.0237150343526635,0.0955040047971569,0.0144078173144935));
#5360=CARTESIAN_POINT('',(-0.0236233840494432,0.09525,0.0143879439744364));
#5361=CARTESIAN_POINT('',(-0.0083486219986682,0.0529166666666667,0.0110757831865338));
#5362=CARTESIAN_POINT('',(-0.0243427924389218,0.0955040047971569,0.0137741694966736));
#5363=CARTESIAN_POINT('',(-0.0242505643552463,0.09525,0.0137569258861186));
#5364=CARTESIAN_POINT('',(-0.00887950738061625,0.0529166666666667,0.0108830450710207));
#5365=CARTESIAN_POINT('',(-0.0246401392743455,0.0955040047971569,0.0134594592105069));
#5366=CARTESIAN_POINT('',(-0.0245477584904577,0.09525,0.0134434706496631));
#5367=CARTESIAN_POINT('',(-0.0091512519610862,0.0529166666666667,0.0107787608359227));
#5368=CARTESIAN_POINT('',(-0.0252057798158596,0.0955040047971569,0.0128357219298872));
#5369=CARTESIAN_POINT('',(-0.0251133289689084,0.09525,0.0128221068908036));
#5370=CARTESIAN_POINT('',(-0.00970514548284031,0.0529166666666667,0.0105529765660005));
#5371=CARTESIAN_POINT('',(-0.025474073634521,0.0955040047971569,0.0125266935113105));
#5372=CARTESIAN_POINT('',(-0.0253817054214182,0.09525,0.0125141969454309));
#5373=CARTESIAN_POINT('',(-0.00998729398332302,0.0529166666666667,0.0104314753007157));
#5374=CARTESIAN_POINT('',(-0.0259853773088048,0.0955040047971569,0.0119149966884061));
#5375=CARTESIAN_POINT('',(-0.0258933739059149,0.09525,0.0119045887902088));
#5376=CARTESIAN_POINT('',(-0.0105597630216694,0.0529166666666667,0.0101699718514057));
#5377=CARTESIAN_POINT('',(-0.0262283870499026,0.0955040047971569,0.0116123266713653));
#5378=CARTESIAN_POINT('',(-0.0261366658208797,0.09525,0.0116028889699122));
#5379=CARTESIAN_POINT('',(-0.0108500830262735,0.0529166666666667,0.0100299684346022));
#5380=CARTESIAN_POINT('',(-0.0266926491571042,0.0955040047971569,0.0110132923893358));
#5381=CARTESIAN_POINT('',(-0.026601657365446,0.09525,0.0110056402949164));
#5382=CARTESIAN_POINT('',(-0.0114366451689042,0.0529166666666667,0.00973031531138273));
#5383=CARTESIAN_POINT('',(-0.0269139012734744,0.0955040047971569,0.010716926474305));
#5384=CARTESIAN_POINT('',(-0.026823356743134,0.09525,0.0107100897927133));
#5385=CARTESIAN_POINT('',(-0.0117328866917347,0.0529166666666667,0.00957066438046404));
#5386=CARTESIAN_POINT('',(-0.0273379379519794,0.0955040047971569,0.0101297646620849));
#5387=CARTESIAN_POINT('',(-0.0272484199913327,0.09525,0.0101244026300977));
#5388=CARTESIAN_POINT('',(-0.0123290416575697,0.0529166666666667,0.00923074751019766));
#5389=CARTESIAN_POINT('',(-0.027540722207365,0.0955040047971569,0.00983896720626245));
#5390=CARTESIAN_POINT('',(-0.0274517835528466,0.09525,0.00983426441317556));
#5391=CARTESIAN_POINT('',(-0.012628954416981,0.0529166666666667,0.00905048036825439));
#5392=CARTESIAN_POINT('',(-0.027930884859754,0.0955040047971569,0.00926157372229837));
#5393=CARTESIAN_POINT('',(-0.0278432052972732,0.09525,0.0092580368870106));
#5394=CARTESIAN_POINT('',(-0.0132302208711274,0.0529166666666667,0.00866857547187875));
#5395=CARTESIAN_POINT('',(-0.0281182629594042,0.0955040047971569,0.0089749763362898));
#5396=CARTESIAN_POINT('',(-0.0280312631802175,0.09525,0.00897194622105447));
#5397=CARTESIAN_POINT('',(-0.0135315738300086,0.0529166666666667,0.00846693655300397));
#5398=CARTESIAN_POINT('',(-0.0284804561835006,0.0955040047971569,0.00840402570617336));
#5399=CARTESIAN_POINT('',(-0.0283948864305434,0.09525,0.00840186516151078));
#5400=CARTESIAN_POINT('',(-0.01413353028399,0.0529166666666667,0.00804178118512005));
#5401=CARTESIAN_POINT('',(-0.0286552710765293,0.0955040047971569,0.00811967139808436));
#5402=CARTESIAN_POINT('',(-0.0285704515632965,0.09525,0.00811787370368041));
#5403=CARTESIAN_POINT('',(-0.0144341330092879,0.0529166666666667,0.00781826362825822));
#5404=CARTESIAN_POINT('',(-0.0289949701032015,0.0955040047971569,0.00755069762219766));
#5405=CARTESIAN_POINT('',(-0.028911693142618,0.09525,0.00754949538863167));
#5406=CARTESIAN_POINT('',(-0.015032461841369,0.0529166666666667,0.00734912691188156));
#5407=CARTESIAN_POINT('',(-0.0291598541199422,0.0955040047971569,0.0072660774643294));
#5408=CARTESIAN_POINT('',(-0.0290773694683068,0.09525,0.00726510783930896));
#5409=CARTESIAN_POINT('',(-0.015330187164468,0.0529166666666667,0.00710350672130682));
#5410=CARTESIAN_POINT('',(-0.0294821183516237,0.0955040047971569,0.00669353728587621));
#5411=CARTESIAN_POINT('',(-0.0294012337455428,0.09525,0.00669292128060635));
#5412=CARTESIAN_POINT('',(-0.0159207206643551,0.0529166666666667,0.00659025567461773));
#5413=CARTESIAN_POINT('',(-0.029639498606705,0.0955040047971569,0.00640561701920399));
#5414=CARTESIAN_POINT('',(-0.0295594217323619,0.09525,0.00640512202104384));
#5415=CARTESIAN_POINT('',(-0.0162135280649775,0.0529166666666667,0.00632262388578189));
#5416=CARTESIAN_POINT('',(-0.0299489783282502,0.0955040047971569,0.00582293082869282));
#5417=CARTESIAN_POINT('',(-0.0298705075726203,0.09525,0.00582258999308756));
#5418=CARTESIAN_POINT('',(-0.016792295301902,0.0529166666666667,0.00576578513171914));
#5419=CARTESIAN_POINT('',(-0.0301010780302867,0.0955040047971569,0.00552816516601316));
#5420=CARTESIAN_POINT('',(-0.030023405655776,0.09525,0.00552785747945289));
#5421=CARTESIAN_POINT('',(-0.0170782543918695,0.0529166666666667,0.00547657735457338));
#5422=CARTESIAN_POINT('',(-0.0304020117268007,0.0955040047971569,0.00492773131538373));
#5423=CARTESIAN_POINT('',(-0.0303259040309884,0.09525,0.00492743108077022));
#5424=CARTESIAN_POINT('',(-0.0176415276250489,0.0529166666666667,0.00487739292356181));
#5425=CARTESIAN_POINT('',(-0.0305508461884428,0.0955040047971569,0.00462206395543657));
#5426=CARTESIAN_POINT('',(-0.0304755047832861,0.09525,0.00462173801480125));
#5427=CARTESIAN_POINT('',(-0.0179188410745609,0.0529166666666667,0.00456741560153863));
#5428=CARTESIAN_POINT('',(-0.030847046153106,0.0955040047971569,0.00399524266358165));
#5429=CARTESIAN_POINT('',(-0.0307731847319825,0.09525,0.00399484095913537));
#5430=CARTESIAN_POINT('',(-0.0184631803702889,0.0529166666666667,0.00392789148252581));
#5431=CARTESIAN_POINT('',(-0.0309944123907251,0.0955040047971569,0.00367409018559283));
#5432=CARTESIAN_POINT('',(-0.0309212646549109,0.09525,0.00367363841169544));
#5433=CARTESIAN_POINT('',(-0.0187302055983142,0.0529166666666667,0.00359834418416979));
#5434=CARTESIAN_POINT('',(-0.0312892364393759,0.0955040047971569,0.00301115343702101));
#5435=CARTESIAN_POINT('',(-0.0312174454127783,0.09525,0.0030106174636137));
#5436=CARTESIAN_POINT('',(-0.0192525002884559,0.0529166666666667,0.00292129024946888));
#5437=CARTESIAN_POINT('',(-0.0314366952898724,0.0955040047971569,0.00266937130796522));
#5438=CARTESIAN_POINT('',(-0.03136554727788,0.09525,0.00266880118986607));
#5439=CARTESIAN_POINT('',(-0.0195077692304138,0.0529166666666667,0.00257378330122482));
#5440=CARTESIAN_POINT('',(-0.0317330024182189,0.0955040047971569,0.00195941517777765));
#5441=CARTESIAN_POINT('',(-0.0316630544197138,0.09525,0.00195883919111137));
#5442=CARTESIAN_POINT('',(-0.0200052748428678,0.0529166666666667,0.00186284322642134));
#5443=CARTESIAN_POINT('',(-0.0318818520813369,0.0955040047971569,0.00159124407323501));
#5444=CARTESIAN_POINT('',(-0.0318124610710637,0.09525,0.00159069634481764));
#5445=CARTESIAN_POINT('',(-0.0202475111129886,0.0529166666666667,0.00149940999932887));
#5446=CARTESIAN_POINT('',(-0.0321819398051364,0.0955040047971569,0.000822059754451037));
#5447=CARTESIAN_POINT('',(-0.0321135644098878,0.09525,0.000821684121551734));
#5448=CARTESIAN_POINT('',(-0.0207178804257356,0.0529166666666667,0.000759079820707249));
#5449=CARTESIAN_POINT('',(-0.0323331832337178,0.0955040047971569,0.000421040415821624));
#5450=CARTESIAN_POINT('',(-0.0322652664195934,0.09525,0.000420808678464326));
#5451=CARTESIAN_POINT('',(-0.0209460111793412,0.0529166666666667,0.000382186515016712));
#5452=CARTESIAN_POINT('',(-0.0324859400974272,0.0955040047971569,-1.45427667784102E-18));
#5453=CARTESIAN_POINT('',(-0.0324184282528753,0.09525,-1.44560289664734E-18));
#5454=CARTESIAN_POINT('',(-0.0211666666666666,0.0529166666666667,0.));
#5455=CARTESIAN_POINT('',(-0.0211666666666666,0.0529166666666667,0.));
#5456=CARTESIAN_POINT('',(-0.0158709836665314,0.0529166666666667,0.00917239201701301));
#5457=CARTESIAN_POINT('',(5.74288430954728E-18,0.0529166666666667,0.0156870366991896));
#5458=CARTESIAN_POINT('',(0.0158709836665314,0.0529166666666667,0.00917239201701299));
#5459=CARTESIAN_POINT('',(0.0211666666666666,0.0529166666666667,0.));
#5460=CARTESIAN_POINT('',(0.,0.0529166666666667,0.0124297143581013));
#5461=CARTESIAN_POINT('',(2.24008704137303E-19,0.0529166666666667,0.0124297143581013));
#5462=CARTESIAN_POINT('',(4.28507830366788E-11,0.0670277777777885,0.0158793611592402));
#5463=CARTESIAN_POINT('',(4.28507838041446E-11,0.0811388888888889,0.0193290079603739));
#5464=CARTESIAN_POINT('',(2.54606407093793E-18,0.09525,0.0227786547615102));
#5465=CARTESIAN_POINT('',(2.97320131968092E-20,0.09525,0.0227786547615102));
#5466=CARTESIAN_POINT('',(-0.0229449107230749,0.09525,0.0150240026977025));
#5467=CARTESIAN_POINT('',(-0.0163446811186746,0.09525,0.0210561950468309));
#5468=CARTESIAN_POINT('',(1.59016318631207E-17,0.09525,0.0245011144761896));
#5469=CARTESIAN_POINT('',(0.0163446811186746,0.09525,0.0210561950468309));
#5470=CARTESIAN_POINT('',(0.022944910723075,0.09525,0.0150240026977024));
#5471=CARTESIAN_POINT('',(0.,0.,0.));
#5472=CARTESIAN_POINT('',(-0.0211666666666666,0.0529166666666667,0.));
#5473=CARTESIAN_POINT('',(0.,0.,0.));
#5474=CARTESIAN_POINT('',(-0.0176362113332432,0.0529166666666667,0.006114928011342));
#5475=CARTESIAN_POINT('',(0.,0.,0.));
#5476=CARTESIAN_POINT('',(-0.0105806557776876,0.0529166666666667,0.0113439402444052));
#5477=CARTESIAN_POINT('',(0.,0.,0.));
#5478=CARTESIAN_POINT('',(-0.0026451639444219,0.0529166666666667,0.0124297143581013));
#5479=CARTESIAN_POINT('',(0.,0.,0.));
#5480=CARTESIAN_POINT('',(-2.81892564846231E-18,0.0529166666666667,0.0124297143581013));
#5481=CARTESIAN_POINT('',(-1.53153787799295E-18,0.0529166666666667,0.0124297143581013));
#5482=CARTESIAN_POINT('',(-1.53153787799295E-18,0.0352777803690984,0.00828647684741529));
#5483=CARTESIAN_POINT('',(0.,0.0176388862975683,0.004143237510686));
#5484=CARTESIAN_POINT('',(0.,0.,0.));
#5485=CARTESIAN_POINT('',(0.000137105949072704,0.127190501944432,0.0441991974507949));
#5486=CARTESIAN_POINT('',(0.000138531708936307,0.127,0.0440714321213485));
#5487=CARTESIAN_POINT('',(0.00037615592744224,0.09525,0.0227774278946296));
#5488=CARTESIAN_POINT('',(0.000377581757560796,0.0950594886685003,0.0226496562694897));
#5489=CARTESIAN_POINT('',(9.14023812845203E-05,0.127190501944432,0.0441994574391367));
#5490=CARTESIAN_POINT('',(9.23529572123926E-05,0.127,0.0440716954545212));
#5491=CARTESIAN_POINT('',(0.000250780661454496,0.09525,0.0227782486939297));
#5492=CARTESIAN_POINT('',(0.000251731284222421,0.0950594886685003,0.0226504804137855));
#5493=CARTESIAN_POINT('',(4.57005142361418E-05,0.127190501944432,0.0441995867997448));
#5494=CARTESIAN_POINT('',(4.61758017856498E-05,0.127,0.0440718264655054));
#5495=CARTESIAN_POINT('',(0.000125389584836051,0.09525,0.0227786547648022));
#5496=CARTESIAN_POINT('',(0.000125864895805565,0.0950594886685003,0.0226508881351155));
#5497=CARTESIAN_POINT('',(-0.000222536108792831,0.127190501944432,0.0441995867847387));
#5498=CARTESIAN_POINT('',(-0.000224850418625786,0.127,0.0440718264504736));
#5499=CARTESIAN_POINT('',(-0.000610564787135575,0.09525,0.0227786547454809));
#5500=CARTESIAN_POINT('',(-0.000612879211007177,0.0950594886685003,0.0226508881157684));
#5501=CARTESIAN_POINT('',(-0.000445070877367193,0.127190501944432,0.0441965195974017));
#5502=CARTESIAN_POINT('',(-0.000449699490917848,0.127,0.0440687201329203));
#5503=CARTESIAN_POINT('',(-0.00122112720873878,0.09525,0.0227690267917788));
#5504=CARTESIAN_POINT('',(-0.00122575605036643,0.0950594886685003,0.0226412210299219));
#5505=CARTESIAN_POINT('',(-0.000890532986155577,0.127190501944432,0.0441839588860567));
#5506=CARTESIAN_POINT('',(-0.000899766130628847,0.127,0.0440559927240806));
#5507=CARTESIAN_POINT('',(-0.002438607835899,0.09525,0.0227285167507423));
#5508=CARTESIAN_POINT('',(-0.00244784143533958,0.0950594886685003,0.0226005442831767));
#5509=CARTESIAN_POINT('',(-0.00111346035379606,0.127190501944432,0.0441744655512358));
#5510=CARTESIAN_POINT('',(-0.00112498371547132,0.127,0.0440463718052211));
#5511=CARTESIAN_POINT('',(-0.00304552439174361,0.09525,0.0226976320424781));
#5512=CARTESIAN_POINT('',(-0.00305704832123766,0.0950594886685003,0.0225695319845871));
#5513=CARTESIAN_POINT('',(-0.00156009944003953,0.127190501944432,0.0441487093186813));
#5514=CARTESIAN_POINT('',(-0.001576155375843,0.127,0.0440202643028758));
#5515=CARTESIAN_POINT('',(-0.00425211736290518,0.09525,0.0226129801725492));
#5516=CARTESIAN_POINT('',(-0.00426817408987204,0.0950594886685003,0.0224845288275583));
#5517=CARTESIAN_POINT('',(-0.00178381118599237,0.127190501944432,0.0441324466185295));
#5518=CARTESIAN_POINT('',(-0.00180210946911837,0.127,0.0440037779013786));
#5519=CARTESIAN_POINT('',(-0.00485179219537278,0.09525,0.0225592105940478));
#5520=CARTESIAN_POINT('',(-0.00487009138015484,0.0950594886685003,0.0224305355366886));
#5521=CARTESIAN_POINT('',(-0.00223240916300394,0.127190501944432,0.0440927510297619));
#5522=CARTESIAN_POINT('',(-0.00225512109475102,0.127,0.0439635341775479));
#5523=CARTESIAN_POINT('',(-0.00604040441624809,0.09525,0.0224276119588179));
#5524=CARTESIAN_POINT('',(-0.00606311746713572,0.0950594886685003,0.0222983887393859));
#5525=CARTESIAN_POINT('',(-0.00245729542129424,0.127190501944432,0.0440693183487784));
#5526=CARTESIAN_POINT('',(-0.00248217864539468,0.127,0.0439397770488371));
#5527=CARTESIAN_POINT('',(-0.0066293403320983,0.09525,0.0223497807608178));
#5528=CARTESIAN_POINT('',(-0.00665422478233069,0.0950594886685003,0.0222202330776713));
#5529=CARTESIAN_POINT('',(-0.00290863009307182,0.127190501944432,0.044014818701829));
#5530=CARTESIAN_POINT('',(-0.00293776254736403,0.127,0.0438845266230551));
#5531=CARTESIAN_POINT('',(-0.00779312203746097,0.09525,0.0221694018067897));
#5532=CARTESIAN_POINT('',(-0.00782225592726784,0.0950594886685003,0.0220391033078155));
#5533=CARTESIAN_POINT('',(-0.00313507853364485,0.127190501944432,0.0439837519552552));
#5534=CARTESIAN_POINT('',(-0.00316628891773774,0.127,0.0438530335333493));
#5535=CARTESIAN_POINT('',(-0.0083679665064168,0.09525,0.0220668522536971));
#5536=CARTESIAN_POINT('',(-0.00839917842841527,0.0950594886685003,0.0219361273905827));
#5537=CARTESIAN_POINT('',(-0.0035899219611759,0.127190501944432,0.0439134502110562));
#5538=CARTESIAN_POINT('',(-0.0036251736748299,0.127,0.0437817799402473));
#5539=CARTESIAN_POINT('',(-0.00950039931546169,0.09525,0.0218369587960013));
#5540=CARTESIAN_POINT('',(-0.00953565276615958,0.0950594886685003,0.0217052820370812));
#5541=CARTESIAN_POINT('',(-0.0038183169750661,0.127190501944432,0.043874215446367));
#5542=CARTESIAN_POINT('',(-0.00385553208158471,0.127,0.0437420196601183));
#5543=CARTESIAN_POINT('',(-0.0100579865262963,0.09525,0.02170961350322));
#5544=CARTESIAN_POINT('',(-0.0100952034666059,0.0950594886685003,0.0215774112029651));
#5545=CARTESIAN_POINT('',(-0.00427743385123962,0.127190501944432,0.0437869670524919));
#5546=CARTESIAN_POINT('',(-0.00431844139579503,0.127,0.0436536279920861));
#5547=CARTESIAN_POINT('',(-0.0111529623951458,0.09525,0.0214306780872175));
#5548=CARTESIAN_POINT('',(-0.0111939719603662,0.0950594886685003,0.0212973324564702));
#5549=CARTESIAN_POINT('',(-0.00450815574031928,0.127190501944432,0.0437389536716659));
#5550=CARTESIAN_POINT('',(-0.00455099232450882,0.127,0.0436049968455762));
#5551=CARTESIAN_POINT('',(-0.0116903501514141,0.09525,0.0212790870442893));
#5552=CARTESIAN_POINT('',(-0.0117331888463955,0.0950594886685003,0.0211451236174174));
#5553=CARTESIAN_POINT('',(-0.00497230177386889,0.127190501944432,0.0436334535727486));
#5554=CARTESIAN_POINT('',(-0.0050186438171913,0.127,0.0434981803408474));
#5555=CARTESIAN_POINT('',(-0.0127422388696041,0.09525,0.0209528718103782));
#5556=CARTESIAN_POINT('',(-0.0127885831964514,0.0950594886685003,0.0208175919128282));
#5557=CARTESIAN_POINT('',(-0.00520572594504816,0.127190501944432,0.0435759671204385));
#5558=CARTESIAN_POINT('',(-0.00525374440388204,0.127,0.0434399952444515));
#5559=CARTESIAN_POINT('',(-0.0132567391897094,0.09525,0.020778247221518));
#5560=CARTESIAN_POINT('',(-0.0133047600146742,0.0950594886685003,0.0206422686454563));
#5561=CARTESIAN_POINT('',(-0.00567564625242351,0.127190501944432,0.0434507348423163));
#5562=CARTESIAN_POINT('',(-0.00572684833852553,0.127,0.0433133007870571));
#5563=CARTESIAN_POINT('',(-0.0142604422532242,0.09525,0.020407858706136));
#5564=CARTESIAN_POINT('',(-0.0143116468623318,0.0950594886685003,0.0202704178787525));
#5565=CARTESIAN_POINT('',(-0.00591214241532743,0.127190501944432,0.0433829893018427));
#5566=CARTESIAN_POINT('',(-0.00596485171091587,0.127,0.0432447917107089));
#5567=CARTESIAN_POINT('',(-0.0147496446426984,0.09525,0.0202120949495663));
#5568=CARTESIAN_POINT('',(-0.0148023565355609,0.0950594886685003,0.0200738905486845));
#5569=CARTESIAN_POINT('',(-0.00638856991752499,0.127190501944432,0.0432363529894286));
#5570=CARTESIAN_POINT('',(-0.00644410962802312,0.127,0.0430965841039736));
#5571=CARTESIAN_POINT('',(-0.0157006335631334,0.09525,0.0198020076289761));
#5572=CARTESIAN_POINT('',(-0.0157561760103756,0.0950594886685003,0.0196622318563471));
#5573=CARTESIAN_POINT('',(-0.00662850128365298,0.127190501944432,0.04315746252468));
#5574=CARTESIAN_POINT('',(-0.0066853641991563,0.127,0.0430168858835704));
#5575=CARTESIAN_POINT('',(-0.0161624200508316,0.09525,0.0195876848402458));
#5576=CARTESIAN_POINT('',(-0.0162192857682804,0.0950594886685003,0.0194471012721595));
#5577=CARTESIAN_POINT('',(-0.00711215510283281,0.127190501944432,0.0429875418052509));
#5578=CARTESIAN_POINT('',(-0.00717146744810976,0.127,0.0428453307531912));
#5579=CARTESIAN_POINT('',(-0.0170567574285485,0.09525,0.0191437306652163));
#5580=CARTESIAN_POINT('',(-0.0171160726964677,0.0950594886685003,0.0190015126056435));
#5581=CARTESIAN_POINT('',(-0.00735587758302146,0.127190501944432,0.0428965118820931));
#5582=CARTESIAN_POINT('',(-0.00741631615460097,0.127,0.0427534741811613));
#5583=CARTESIAN_POINT('',(-0.0174893086029212,0.09525,0.0189141006874307));
#5584=CARTESIAN_POINT('',(-0.0175497501526383,0.0950594886685003,0.0187710559382524));
#5585=CARTESIAN_POINT('',(-0.00784746143119145,0.127190501944432,0.0427011994160815));
#5586=CARTESIAN_POINT('',(-0.00790994430671642,0.127,0.0425565193574025));
#5587=CARTESIAN_POINT('',(-0.0183236506016183,0.09525,0.0184434223663776));
#5588=CARTESIAN_POINT('',(-0.0183861365560148,0.0950594886685003,0.0182987351785244));
#5589=CARTESIAN_POINT('',(-0.00809532282684186,0.127190501944432,0.0425969172317609));
#5590=CARTESIAN_POINT('',(-0.00815872378355676,0.127,0.0424514214743481));
#5591=CARTESIAN_POINT('',(-0.0187254420483224,0.09525,0.018202376081978));
#5592=CARTESIAN_POINT('',(-0.0187888461291477,0.0950594886685003,0.018056873155197));
#5593=CARTESIAN_POINT('',(-0.0085955233760081,0.127190501944432,0.0423738588022569));
#5594=CARTESIAN_POINT('',(-0.00866054290975219,0.127,0.0422267766955186));
#5595=CARTESIAN_POINT('',(-0.0194970212592777,0.09525,0.017713342447509));
#5596=CARTESIAN_POINT('',(-0.0195620439968882,0.0950594886685003,0.0175662530932343));
#5597=CARTESIAN_POINT('',(-0.00884786255801436,0.127190501944432,0.0422550829455213));
#5598=CARTESIAN_POINT('',(-0.00891358259317491,0.127,0.0421072302020643));
#5599=CARTESIAN_POINT('',(-0.0198668099871207,0.09525,0.0174653578119051));
#5600=CARTESIAN_POINT('',(-0.0199325332606653,0.0950594886685003,0.0173174977829384));
#5601=CARTESIAN_POINT('',(-0.00935734777797299,0.127190501944432,0.0420016559255367));
#5602=CARTESIAN_POINT('',(-0.00942424338881678,0.127,0.0418523449732037));
#5603=CARTESIAN_POINT('',(-0.0205733980634742,0.09525,0.0169674402510154));
#5604=CARTESIAN_POINT('',(-0.020640296970629,0.0950594886685003,0.0168181219413187));
#5605=CARTESIAN_POINT('',(-0.00961449384559125,0.127190501944432,0.0418670051837993));
#5606=CARTESIAN_POINT('',(-0.00968186453827891,0.127,0.0417170066768488));
#5607=CARTESIAN_POINT('',(-0.0209101987120637,0.09525,0.0167175106880167));
#5608=CARTESIAN_POINT('',(-0.0209775727244722,0.0950594886685003,0.0165675047898229));
#5609=CARTESIAN_POINT('',(-0.0101339112919752,0.127190501944432,0.0415802952069018));
#5610=CARTESIAN_POINT('',(-0.0102020002768122,0.127,0.0414290461084453));
#5611=CARTESIAN_POINT('',(-0.0215500485868867,0.09525,0.0162211203294171));
#5612=CARTESIAN_POINT('',(-0.0216181409268387,0.0950594886685003,0.0160698637780939));
#5613=CARTESIAN_POINT('',(-0.0103961827020071,0.127190501944432,0.0414282364297331));
#5614=CARTESIAN_POINT('',(-0.0104645149066444,0.127,0.0412764243154436));
#5615=CARTESIAN_POINT('',(-0.0218530994363626,0.09525,0.0159746635219979));
#5616=CARTESIAN_POINT('',(-0.0219214350080998,0.0950594886685003,0.0158228439270988));
#5617=CARTESIAN_POINT('',(-0.0109261577333001,0.127190501944432,0.0411050120749443));
#5618=CARTESIAN_POINT('',(-0.0109947392025654,0.127,0.0409522427570344));
#5619=CARTESIAN_POINT('',(-0.0224248674129214,0.09525,0.0154909496552147));
#5620=CARTESIAN_POINT('',(-0.0224934522615691,0.0950594886685003,0.0153381728095286));
#5621=CARTESIAN_POINT('',(-0.0111938613879288,0.127190501944432,0.0409338469954994));
#5622=CARTESIAN_POINT('',(-0.0112624489132968,0.127,0.0407806835141288));
#5623=CARTESIAN_POINT('',(-0.0226935864637993,0.09525,0.0152536971727162));
#5624=CARTESIAN_POINT('',(-0.0227621773688482,0.0950594886685003,0.0151005261441468));
#5625=CARTESIAN_POINT('',(-0.0118805166698998,0.127190501944432,0.0404728299192896));
#5626=CARTESIAN_POINT('',(-0.0119488129308222,0.127,0.0403189393303926));
#5627=CARTESIAN_POINT('',(-0.02333140690255,0.09525,0.0146707696381673));
#5628=CARTESIAN_POINT('',(-0.0233997065288011,0.0950594886685003,0.014516871466243));
#5629=CARTESIAN_POINT('',(-0.0123031913961548,0.127190501944432,0.0401687859944815));
#5630=CARTESIAN_POINT('',(-0.0123711272199262,0.127,0.0400146171145424));
#5631=CARTESIAN_POINT('',(-0.0236936489462932,0.09525,0.0143200660553738));
#5632=CARTESIAN_POINT('',(-0.0237615881176326,0.0950594886685003,0.0141658895786944));
#5633=CARTESIAN_POINT('',(-0.0131599015285983,0.127190501944432,0.0395061916759028));
#5634=CARTESIAN_POINT('',(-0.0132267945594746,0.127,0.0393518437397679));
#5635=CARTESIAN_POINT('',(-0.0243755192439307,0.09525,0.0136274502858994));
#5636=CARTESIAN_POINT('',(-0.0244424155709908,0.0950594886685003,0.0134730947442011));
#5637=CARTESIAN_POINT('',(-0.0135939367317826,0.127190501944432,0.0391476386277554));
#5638=CARTESIAN_POINT('',(-0.0136601474126908,0.127,0.0389933899307705));
#5639=CARTESIAN_POINT('',(-0.0246951482632386,0.09525,0.0132855361664055));
#5640=CARTESIAN_POINT('',(-0.0247613622067075,0.0950594886685003,0.0131312798687473));
#5641=CARTESIAN_POINT('',(-0.0144715384303303,0.127190501944432,0.0383709435525041));
#5642=CARTESIAN_POINT('',(-0.0145361063722587,0.127,0.0382173157948744));
#5643=CARTESIAN_POINT('',(-0.0252973201873928,0.09525,0.012612950866744));
#5644=CARTESIAN_POINT('',(-0.0253618913109354,0.0950594886685003,0.0124593155390381));
#5645=CARTESIAN_POINT('',(-0.0149151046960559,0.127190501944432,0.0379527986624712));
#5646=CARTESIAN_POINT('',(-0.0149787122507147,0.127,0.0377996926056639));
#5647=CARTESIAN_POINT('',(-0.025579863154677,0.09525,0.0122822769271099));
#5648=CARTESIAN_POINT('',(-0.0256434738436264,0.0950594886685003,0.0121291633259335));
#5649=CARTESIAN_POINT('',(-0.0158099286963937,0.127190501944432,0.0370519806457682));
#5650=CARTESIAN_POINT('',(-0.0158713791028194,0.127,0.0369003773305068));
#5651=CARTESIAN_POINT('',(-0.0261130089708869,0.09525,0.0116334160198892));
#5652=CARTESIAN_POINT('',(-0.0261744624053087,0.0950594886685003,0.0114818052343069));
#5653=CARTESIAN_POINT('',(-0.0162611861768146,0.127190501944432,0.0365693044782886));
#5654=CARTESIAN_POINT('',(-0.0163214398213428,0.127,0.0364186822027536));
#5655=CARTESIAN_POINT('',(-0.0263636114090378,0.09525,0.0113152258443114));
#5656=CARTESIAN_POINT('',(-0.0264238680225912,0.0950594886685003,0.0111645961467967));
#5657=CARTESIAN_POINT('',(-0.0171695496140903,0.127190501944432,0.0355347165834309));
#5658=CARTESIAN_POINT('',(-0.0172272128052657,0.127,0.0353865445632175));
#5659=CARTESIAN_POINT('',(-0.0268376465742254,0.09525,0.0106914599234595));
#5660=CARTESIAN_POINT('',(-0.0268953126067802,0.0950594886685003,0.0105432806020038));
#5661=CARTESIAN_POINT('',(-0.0176266552950401,0.127190501944432,0.034982801673523));
#5662=CARTESIAN_POINT('',(-0.0176829247922832,0.127,0.0348360988679702));
#5663=CARTESIAN_POINT('',(-0.0270610786100733,0.09525,0.0103858808389644));
#5664=CARTESIAN_POINT('',(-0.027117350880021,0.0950594886685003,0.0102391708045656));
#5665=CARTESIAN_POINT('',(-0.0185448769350394,0.127190501944432,0.0338053544019979));
#5666=CARTESIAN_POINT('',(-0.0185981993931945,0.127,0.0336620990299348));
#5667=CARTESIAN_POINT('',(-0.0274851850430108,0.09525,0.00978644738460777));
#5668=CARTESIAN_POINT('',(-0.0275385101286538,0.0950594886685003,0.00964318495357235));
#5669=CARTESIAN_POINT('',(-0.0190059925999769,0.127190501944432,0.0331798187571074));
#5670=CARTESIAN_POINT('',(-0.019057761709892,0.127,0.033038541604331));
#5671=CARTESIAN_POINT('',(-0.0276858586288581,0.09525,0.00949258980820593));
#5672=CARTESIAN_POINT('',(-0.0277376302897192,0.0950594886685003,0.00935130569393481));
#5673=CARTESIAN_POINT('',(-0.0199304093683545,0.127190501944432,0.0318511707075182));
#5674=CARTESIAN_POINT('',(-0.0199789473300188,0.127,0.0317143718301867));
#5675=CARTESIAN_POINT('',(-0.0280685250371727,0.09525,0.00891479165666977));
#5676=CARTESIAN_POINT('',(-0.0281170653905667,0.0950594886685003,0.00877798603851256));
#5677=CARTESIAN_POINT('',(-0.0203937101635561,0.127190501944432,0.0311480549639238));
#5678=CARTESIAN_POINT('',(-0.0204405703222834,0.127,0.0310137561456312));
#5679=CARTESIAN_POINT('',(-0.0282505170607927,0.09525,0.00863084822565065));
#5680=CARTESIAN_POINT('',(-0.0282973795285752,0.0950594886685003,0.008496542789724));
#5681=CARTESIAN_POINT('',(-0.0213206947633874,0.127190501944432,0.0296608095059274));
#5682=CARTESIAN_POINT('',(-0.0213641080780571,0.127,0.0295320374334055));
#5683=CARTESIAN_POINT('',(-0.0285995866705499,0.09525,0.00807024440673156));
#5684=CARTESIAN_POINT('',(-0.02864300212443,0.0950594886685003,0.00794146598890847));
#5685=CARTESIAN_POINT('',(-0.021784378250213,0.127190501944432,0.0288766764456004));
#5686=CARTESIAN_POINT('',(-0.0218260225216174,0.127,0.0287509310658949));
#5687=CARTESIAN_POINT('',(-0.0287666635792976,0.09525,0.00779358169309028));
#5688=CARTESIAN_POINT('',(-0.0288083099027421,0.0950594886685003,0.00766783011722515));
#5689=CARTESIAN_POINT('',(-0.0227103576237086,0.127190501944432,0.0272245817063938));
#5690=CARTESIAN_POINT('',(-0.0227484038765108,0.127,0.0271054129573255));
#5691=CARTESIAN_POINT('',(-0.0290893812879211,0.09525,0.00724415750291059));
#5692=CARTESIAN_POINT('',(-0.0291274294154694,0.0950594886685003,0.00712498288174912));
#5693=CARTESIAN_POINT('',(-0.0231726531879574,0.127190501944432,0.0263566167259536));
#5694=CARTESIAN_POINT('',(-0.0232088704645681,0.127,0.0262409979245736));
#5695=CARTESIAN_POINT('',(-0.0292450216220686,0.09525,0.0069713943792249));
#5696=CARTESIAN_POINT('',(-0.0292812406833017,0.0950594886685003,0.00685576988067699));
#5697=CARTESIAN_POINT('',(-0.0240941275493441,0.127190501944432,0.0245347659785074));
#5698=CARTESIAN_POINT('',(-0.024126656387031,0.127,0.0244267585241399));
#5699=CARTESIAN_POINT('',(-0.0295480739984975,0.09525,0.00642569986617414));
#5700=CARTESIAN_POINT('',(-0.0295806044390574,0.0950594886685003,0.00631768708969119));
#5701=CARTESIAN_POINT('',(-0.0245533060246871,0.127190501944432,0.0235808770078274));
#5702=CARTESIAN_POINT('',(-0.0245839754004984,0.127,0.0234769309668596));
#5703=CARTESIAN_POINT('',(-0.0296954858625822,0.09525,0.0061527676331178));
#5704=CARTESIAN_POINT('',(-0.0297261567496407,0.0950594886685003,0.00604881647016253));
#5705=CARTESIAN_POINT('',(-0.0254668681680011,0.127190501944432,0.0215859063820474));
#5706=CARTESIAN_POINT('',(-0.0254938157200323,0.127,0.0214905740578739));
#5707=CARTESIAN_POINT('',(-0.0299850285501349,0.09525,0.0056020155366419));
#5708=CARTESIAN_POINT('',(-0.0300119774300187,0.0950594886685003,0.00550667851492564));
#5709=CARTESIAN_POINT('',(-0.0259212515202484,0.127190501944432,0.0205448216761377));
#5710=CARTESIAN_POINT('',(-0.0259463367133042,0.127,0.0204540416739631));
#5711=CARTESIAN_POINT('',(-0.0301271595490008,0.09525,0.00532419574170949));
#5712=CARTESIAN_POINT('',(-0.0301522459781407,0.0950594886685003,0.00523341126630983));
#5713=CARTESIAN_POINT('',(-0.026817511757122,0.127190501944432,0.0183897558602191));
#5714=CARTESIAN_POINT('',(-0.026838920006523,0.127,0.0183084769680936));
#5715=CARTESIAN_POINT('',(-0.0304069251547684,0.09525,0.00476213321456132));
#5716=CARTESIAN_POINT('',(-0.0304283344590704,0.0950594886685003,0.00468085031738216));
#5717=CARTESIAN_POINT('',(-0.0272594743735438,0.127190501944432,0.0172769465930865));
#5718=CARTESIAN_POINT('',(-0.0272790677379347,0.127,0.0172006103258705));
#5719=CARTESIAN_POINT('',(-0.0305445951385489,0.09525,0.00447802898246365));
#5720=CARTESIAN_POINT('',(-0.0305641894684115,0.0950594886685003,0.0044016889537441));
#5721=CARTESIAN_POINT('',(-0.0276975742247852,0.127190501944432,0.0161218465216856));
#5722=CARTESIAN_POINT('',(-0.0277153751298231,0.127,0.0160506581703691));
#5723=CARTESIAN_POINT('',(-0.0306821623541846,0.09525,0.00418605405284288));
#5724=CARTESIAN_POINT('',(-0.0306999641363701,0.0950594886685003,0.00411486219368864));
#5725=CARTESIAN_POINT('',(1.95410128700291E-18,0.09525,0.0227786547615102));
#5726=CARTESIAN_POINT('',(4.52236271678408E-10,0.105833333333333,0.0298763786619883));
#5727=CARTESIAN_POINT('',(4.52236270498847E-10,0.116416666666667,0.0369741025624663));
#5728=CARTESIAN_POINT('',(-1.55465949151381E-18,0.127,0.0440718264629444));
#5729=CARTESIAN_POINT('',(0.,0.3048,-0.00281992559425001));
#5730=CARTESIAN_POINT('',(0.0338666666666666,0.3048,-0.00846666666666666));
#5731=CARTESIAN_POINT('',(0.00922170881875857,0.304799950419296,-0.0124931356835565));
#5732=CARTESIAN_POINT('',(0.0232683087406928,0.304799999999812,0.0141442595215699));
#5733=CARTESIAN_POINT('',(0.0232686350707429,0.3048,0.014144385655038));
#5734=CARTESIAN_POINT('',(0.0220764769547508,0.3048,0.0135852212606871));
#5735=CARTESIAN_POINT('',(0.0198125865337009,0.3048,0.0122963061484555));
#5736=CARTESIAN_POINT('',(0.0167328547628755,0.3048,0.0098373824619671));
#5737=CARTESIAN_POINT('',(0.0140828665400761,0.3048,0.00692740849240616));
#5738=CARTESIAN_POINT('',(0.012648226797316,0.3048,0.00475055015791736));
#5739=CARTESIAN_POINT('',(0.0120121439227869,0.3048,0.00359600336144251));
#5740=CARTESIAN_POINT('',(0.0120121439227886,0.3048,0.00359600336144568));
#5741=CARTESIAN_POINT('',(0.0120121439227869,0.3048,0.00359600336144251));
#5742=CARTESIAN_POINT('',(0.0113377606160612,0.3048,0.0023731754353421));
#5743=CARTESIAN_POINT('',(0.0102048612944789,0.3048,-0.000156036610453072));
#5744=CARTESIAN_POINT('',(0.00914835317378319,0.3048,-0.00422572263802483));
#5745=CARTESIAN_POINT('',(0.00878383391602206,0.3048,-0.00832982474139565));
#5746=CARTESIAN_POINT('',(0.00899993937410789,0.3048,-0.0111293942852915));
#5747=CARTESIAN_POINT('',(0.00922187690181447,0.3048,-0.0124931165706459));
#5748=CARTESIAN_POINT('',(0.198966456672807,0.288242602529287,0.00097991871231048));
#5749=CARTESIAN_POINT('',(0.198966456672807,0.276481481016503,0.000892477772140095));
#5750=CARTESIAN_POINT('',(0.198966456672807,0.276481481016503,0.00300914443880675));
#5751=CARTESIAN_POINT('',(0.0338042285670655,0.32746666666667,-0.0084917726957246));
#5752=CARTESIAN_POINT('',(0.00922187690181447,0.3048,-0.0124931165706459));
#5753=CARTESIAN_POINT('',(0.00953988473466605,0.3048,-0.0144471545968346));
#5754=CARTESIAN_POINT('',(0.0103603740298727,0.3048,-0.0173050176689544));
#5755=CARTESIAN_POINT('',(0.012135599690889,0.3048,-0.0208910953231009));
#5756=CARTESIAN_POINT('',(0.0132132228882333,0.3048,-0.0225383516393342));
#5757=CARTESIAN_POINT('',(0.0138015726478351,0.3048,-0.0233317251197754));
#5758=CARTESIAN_POINT('',(0.0138016562282945,0.30480033137867,-0.0233316631381937));
#5759=CARTESIAN_POINT('',(0.0138017396780833,0.30480033137867,-0.0233316009800893));
#5760=CARTESIAN_POINT('',(0.0138017396780833,0.312355776374669,-0.0233316009800893));
#5761=CARTESIAN_POINT('',(0.0138017396780833,0.319911221370668,-0.0233316009800893));
#5762=CARTESIAN_POINT('',(0.0138017396780833,0.327466666366667,-0.0233316009800893));
#5763=CARTESIAN_POINT('',(0.0138016561103141,0.327466666366667,-0.0233316629789412));
#5764=CARTESIAN_POINT('',(0.0338042285670655,0.327466666666667,-0.0084917726957246));
#5765=CARTESIAN_POINT('',(0.00922170250067846,0.327466666616667,-0.0124931259522318));
#5766=CARTESIAN_POINT('',(0.00922153111274109,0.327466666566667,-0.0124931538488315));
#5767=CARTESIAN_POINT('',(0.00922153111274109,0.319911094939525,-0.0124931538488315));
#5768=CARTESIAN_POINT('',(0.00922153111274109,0.312355523312384,-0.0124931538488315));
#5769=CARTESIAN_POINT('',(0.00922153111274109,0.304799951685243,-0.0124931538488315));
#5770=CARTESIAN_POINT('',(0.0338666666666666,0.327466666666667,-0.00846666666666666));
#5771=CARTESIAN_POINT('',(0.0338666666666666,0.3048,-0.00846666666666666));
#5772=CARTESIAN_POINT('',(0.0172887556605762,0.304800187985217,-0.0271416943683233));
#5773=CARTESIAN_POINT('',(0.0156399603744367,0.3048,-0.0255350682108085));
#5774=CARTESIAN_POINT('',(0.017288833547653,0.327466666666667,-0.0271416073595104));
#5775=CARTESIAN_POINT('',(0.017288833547653,0.31991117377285,-0.0271416073595104));
#5776=CARTESIAN_POINT('',(0.017288833547653,0.312355680879033,-0.0271416073595104));
#5777=CARTESIAN_POINT('',(0.017288833547653,0.304800187985217,-0.0271416073595104));
#5778=CARTESIAN_POINT('',(0.017288713607318,0.327466666616667,-0.0271417424145363));
#5779=CARTESIAN_POINT('',(0.0338666666666666,0.327466666666667,-0.00846666666666666));
#5780=CARTESIAN_POINT('',(0.0138015727755254,0.3048,-0.0233317252919622));
#5781=CARTESIAN_POINT('',(0.0143686268949177,0.3048,-0.0240963821731523));
#5782=CARTESIAN_POINT('',(0.0149810480843136,0.3048,-0.0248310308942554));
#5783=CARTESIAN_POINT('',(0.0156404688716509,0.3048,-0.0255345916156502));
#5784=CARTESIAN_POINT('',(0.0338652377660245,0.327466666666665,-0.00847657182740105));
#5785=CARTESIAN_POINT('',(0.0172888329123978,0.3048,-0.0271416067950306));
#5786=CARTESIAN_POINT('',(0.0190897318995153,0.3048,-0.0287418626445251));
#5787=CARTESIAN_POINT('',(0.0221609362483726,0.3048,-0.0307531319194796));
#5788=CARTESIAN_POINT('',(0.0266270709968581,0.3048,-0.032458828799346));
#5789=CARTESIAN_POINT('',(0.0301921756829024,0.3048,-0.0332559233522178));
#5790=CARTESIAN_POINT('',(0.0337576036617009,0.3048,-0.0335264967461662));
#5791=CARTESIAN_POINT('',(0.0386103171870477,0.3048,-0.0331937084089253));
#5792=CARTESIAN_POINT('',(0.0420597568123249,0.3048,-0.0321813621618826));
#5793=CARTESIAN_POINT('',(0.0442620836736895,0.3048,-0.0311715838886046));
#5794=CARTESIAN_POINT('',(0.0442621704378319,0.304799967069934,-0.0311717731212376));
#5795=CARTESIAN_POINT('',(0.0442622571412285,0.304799967069934,-0.0311719623817235));
#5796=CARTESIAN_POINT('',(0.0442622571412285,0.312355533502178,-0.0311719623817235));
#5797=CARTESIAN_POINT('',(0.0442622571412285,0.319911099934422,-0.0311719623817235));
#5798=CARTESIAN_POINT('',(0.0442622571412285,0.327466666366667,-0.0311719623817235));
#5799=CARTESIAN_POINT('',(0.0442621704386517,0.327466666366667,-0.0311717731208623));
#5800=CARTESIAN_POINT('',(0.0338652377660245,0.327466666666667,-0.00847657182740105));
#5801=CARTESIAN_POINT('',(0.0338666666666666,0.327466666666667,-0.00846666666666666));
#5802=CARTESIAN_POINT('',(0.0338666666666666,0.3048,-0.00846666666666666));
#5803=CARTESIAN_POINT('',(0.0456057546338824,0.304799058897443,-0.0305069464616857));
#5804=CARTESIAN_POINT('',(0.0444618845213427,0.3048,-0.031078969928636));
#5805=CARTESIAN_POINT('',(0.0456057348432041,0.327466666666667,-0.0305069080253655));
#5806=CARTESIAN_POINT('',(0.0456057348432041,0.319911111111111,-0.0305069080253655));
#5807=CARTESIAN_POINT('',(0.0456057348432041,0.312355555555555,-0.0305069080253655));
#5808=CARTESIAN_POINT('',(0.0456057348432041,0.3048,-0.0305069080253655));
#5809=CARTESIAN_POINT('',(0.0456057321222109,0.327466666641667,-0.0305069029144095));
#5810=CARTESIAN_POINT('',(0.0338666666666666,0.327466666666667,-0.00846666666666666));
#5811=CARTESIAN_POINT('',(0.0442620837463207,0.3048,-0.0311715838553028));
#5812=CARTESIAN_POINT('',(0.0443287628692669,0.3048,-0.0311410111317966));
#5813=CARTESIAN_POINT('',(0.0443953540025877,0.3048,-0.0311101203674584));
#5814=CARTESIAN_POINT('',(0.0444618580060753,0.3048,-0.0310789146700301));
#5815=CARTESIAN_POINT('',(0.0338726558852791,0.32746666666667,-0.00847203127754803));
#5816=CARTESIAN_POINT('',(0.0456057343159341,0.3048,-0.0305069083061354));
#5817=CARTESIAN_POINT('',(0.0468432565098938,0.3048,-0.0298479309347689));
#5818=CARTESIAN_POINT('',(0.0492160746625959,0.3048,-0.0283110613763483));
#5819=CARTESIAN_POINT('',(0.0522773068703634,0.3048,-0.02551039094076));
#5820=CARTESIAN_POINT('',(0.0548814065703074,0.3048,-0.0221730079396005));
#5821=CARTESIAN_POINT('',(0.0561923284303965,0.3048,-0.0197387155340435));
#5822=CARTESIAN_POINT('',(0.0567456508989583,0.3048,-0.0184731666182741));
#5823=CARTESIAN_POINT('',(0.0567456849287079,0.304800007495772,-0.018473181496739));
#5824=CARTESIAN_POINT('',(0.0567457183713093,0.304800007495772,-0.0184731996820417));
#5825=CARTESIAN_POINT('',(0.0567457183713093,0.312355560452737,-0.0184731996820417));
#5826=CARTESIAN_POINT('',(0.0567457183713093,0.319911113409702,-0.0184731996820417));
#5827=CARTESIAN_POINT('',(0.0567457183713093,0.327466666366667,-0.0184731996820417));
#5828=CARTESIAN_POINT('',(0.056745683981379,0.327466666366667,-0.0184731846454164));
#5829=CARTESIAN_POINT('',(0.0338726558852791,0.327466666666667,-0.00847203127754803));
#5830=CARTESIAN_POINT('',(0.0338666666666666,0.327466666666667,-0.00846666666666666));
#5831=CARTESIAN_POINT('',(0.0338666666666666,0.3048,-0.00846666666666666));
#5832=CARTESIAN_POINT('',(0.0576360202695343,0.304798938853326,-0.000811718793234714));
#5833=CARTESIAN_POINT('',(0.0586435014881979,0.304799973726744,-0.00537346370982186));
#5834=CARTESIAN_POINT('',(0.0576359738978856,0.327466666666667,-0.000811733972578547));
#5835=CARTESIAN_POINT('',(0.0576359738978856,0.319911111111111,-0.000811733972578547));
#5836=CARTESIAN_POINT('',(0.0576359738978856,0.312355555555555,-0.000811733972578547));
#5837=CARTESIAN_POINT('',(0.0576359738978856,0.3048,-0.000811733972578547));
#5838=CARTESIAN_POINT('',(0.0576359738970652,0.327466666566667,-0.000811733970025995));
#5839=CARTESIAN_POINT('',(0.0338666666666666,0.327466666666667,-0.00846666666666666));
#5840=CARTESIAN_POINT('',(0.0567456521912386,0.3048,-0.0184731636625938));
#5841=CARTESIAN_POINT('',(0.0576348850793916,0.3048,-0.0164393259319796));
#5842=CARTESIAN_POINT('',(0.0588811395719511,0.3048,-0.0120509530551225));
#5843=CARTESIAN_POINT('',(0.0589228424685026,0.3048,-0.00761555697970689));
#5844=CARTESIAN_POINT('',(0.0586419425666467,0.3048,-0.00537377679979727));
#5845=CARTESIAN_POINT('',(0.0385763093122575,0.327466666666667,0.0160577802968441));
#5846=CARTESIAN_POINT('',(0.0385763093122575,0.3048,0.0160577802968441));
#5847=CARTESIAN_POINT('',(0.0407821837400597,0.327466666666667,0.0156336965243003));
#5848=CARTESIAN_POINT('',(0.0407821837400597,0.3048,0.0156336965243003));
#5849=CARTESIAN_POINT('',(0.0439277432057615,0.327466666666667,0.0145796944021284));
#5850=CARTESIAN_POINT('',(0.0439277432057615,0.3048,0.0145796944021284));
#5851=CARTESIAN_POINT('',(0.047830297568564,0.327466666666667,0.0123261416569098));
#5852=CARTESIAN_POINT('',(0.047830297568564,0.3048,0.0123261416569098));
#5853=CARTESIAN_POINT('',(0.051331561725907,0.327466666666667,0.00962323850595614));
#5854=CARTESIAN_POINT('',(0.051331561725907,0.3048,0.00962323850595614));
#5855=CARTESIAN_POINT('',(0.0542940275554586,0.327466666666666,0.00619793539102598));
#5856=CARTESIAN_POINT('',(0.0542940275554586,0.3048,0.00619793539102598));
#5857=CARTESIAN_POINT('',(0.0564603064893039,0.327466666666667,0.00234468230981255));
#5858=CARTESIAN_POINT('',(0.0564603064893039,0.3048,0.00234468230981255));
#5859=CARTESIAN_POINT('',(0.0572941464928551,0.327466666666666,0.000251842031065123));
#5860=CARTESIAN_POINT('',(0.0572941464928551,0.304799999999999,0.000251842031065123));
#5861=CARTESIAN_POINT('',(0.0576359738978857,0.327466666666667,-0.000811733972578569));
#5862=CARTESIAN_POINT('',(0.0576359738978857,0.3048,-0.000811733972578569));
#5863=CARTESIAN_POINT('',(0.0576359738175574,0.3048,-0.000811733722641904));
#5864=CARTESIAN_POINT('',(0.0572941464044283,0.3048,0.000251842267721391));
#5865=CARTESIAN_POINT('',(0.0564603063892502,0.3048,0.00234468251538499));
#5866=CARTESIAN_POINT('',(0.0542940274442723,0.3048,0.0061979355401194));
#5867=CARTESIAN_POINT('',(0.0513315616218903,0.3048,0.00962323860171133));
#5868=CARTESIAN_POINT('',(0.0478302974858536,0.3048,0.0123261417107067));
#5869=CARTESIAN_POINT('',(0.0439277431540832,0.3048,0.0145796944209227));
#5870=CARTESIAN_POINT('',(0.0407821837184316,0.3048,0.0156336965284614));
#5871=CARTESIAN_POINT('',(0.0385763093122251,0.3048,0.0160577802968504));
#5872=CARTESIAN_POINT('',(0.0385763093475794,0.304800000140042,0.0160577802899711));
#5873=CARTESIAN_POINT('',(0.0385763139203212,0.3274666665,0.0160578042793786));
#5874=CARTESIAN_POINT('',(0.0385763139203212,0.319911111046681,0.0160578042793786));
#5875=CARTESIAN_POINT('',(0.0385763139203212,0.312355555593361,0.0160578042793786));
#5876=CARTESIAN_POINT('',(0.0385763139203212,0.304800000140042,0.0160578042793786));
#5877=CARTESIAN_POINT('',(0.0385763093131694,0.3274666665,0.0160577802966686));
#5878=CARTESIAN_POINT('',(0.0576359738978856,0.327466666666667,-0.000811733972578548));
#5879=CARTESIAN_POINT('',(0.0572941464928552,0.327466666666667,0.000251842031065145));
#5880=CARTESIAN_POINT('',(0.0564603064893038,0.327466666666667,0.00234468230981258));
#5881=CARTESIAN_POINT('',(0.0542940275554587,0.327466666666666,0.00619793539102598));
#5882=CARTESIAN_POINT('',(0.0513315617259069,0.327466666666667,0.00962323850595607));
#5883=CARTESIAN_POINT('',(0.047830297568564,0.327466666666667,0.0123261416569098));
#5884=CARTESIAN_POINT('',(0.0439277432057617,0.327466666666667,0.0145796944021283));
#5885=CARTESIAN_POINT('',(0.0407821837400597,0.327466666666667,0.0156336965243003));
#5886=CARTESIAN_POINT('',(0.0385763093122575,0.327466666666667,0.0160577802968441));
#5887=CARTESIAN_POINT('',(0.0338666540233624,0.327466666666667,-0.00845348494309429));
#5888=CARTESIAN_POINT('',(0.0385763093122576,0.3048,0.0160577802968441));
#5889=CARTESIAN_POINT('',(0.0372822678588716,0.3048,0.0163064136728379));
#5890=CARTESIAN_POINT('',(0.0346906668700736,0.3048,0.0165958499932279));
#5891=CARTESIAN_POINT('',(0.0294171172832276,0.3048,0.0163509304553033));
#5892=CARTESIAN_POINT('',(0.0256521037512255,0.3048,0.015262316912057));
#5893=CARTESIAN_POINT('',(0.0232686350707429,0.3048,0.014144385655038));
#5894=CARTESIAN_POINT('',(0.0232686143660458,0.3048,0.0141444298083751));
#5895=CARTESIAN_POINT('',(0.0232686143660458,0.312355555455555,0.0141444298083751));
#5896=CARTESIAN_POINT('',(0.0232686143660458,0.319911110911111,0.0141444298083751));
#5897=CARTESIAN_POINT('',(0.0232686143660458,0.327466666366667,0.0141444298083751));
#5898=CARTESIAN_POINT('',(0.0232686247194062,0.327466666366667,0.0141444077321834));
#5899=CARTESIAN_POINT('',(0.0338666540233624,0.327466666666667,-0.00845348494309429));
#5900=CARTESIAN_POINT('',(0.0338666666666666,0.327466666666667,-0.00846666666666666));
#5901=CARTESIAN_POINT('',(0.0338666666666666,0.327466666666667,-0.00846666666666666));
#5902=CARTESIAN_POINT('',(0.0623978607689352,0.116398074244492,-0.0329009330648291));
#5903=CARTESIAN_POINT('',(0.0594689202957605,0.147994536961088,-0.0325543326449481));
#5904=CARTESIAN_POINT('',(0.0535801876504168,0.211184738517279,-0.031867038001406));
#5905=CARTESIAN_POINT('',(0.047573739586813,0.274365009044582,-0.0312443526094745));
#5906=CARTESIAN_POINT('',(0.0445328748281699,0.305952302700202,-0.0309840817953917));
#5907=CARTESIAN_POINT('',(0.0620529024937956,0.116398864329888,-0.0329009243865361));
#5908=CARTESIAN_POINT('',(0.0591501018734316,0.147995346841303,-0.0325690754394532));
#5909=CARTESIAN_POINT('',(0.0533133947078684,0.211185589278733,-0.0319113359227288));
#5910=CARTESIAN_POINT('',(0.0473581029553549,0.274365901821545,-0.031319121517408));
#5911=CARTESIAN_POINT('',(0.0443428819544067,0.305953236002146,-0.0310746938602078));
#5912=CARTESIAN_POINT('',(0.0613629859435162,0.116400427921137,-0.0329009083420987));
#5913=CARTESIAN_POINT('',(0.058516488045169,0.14799732029742,-0.0325981875679732));
#5914=CARTESIAN_POINT('',(0.0527941796933251,0.211188584654864,-0.0319983181204223));
#5915=CARTESIAN_POINT('',(0.0469593142798785,0.274370526382087,-0.0314573442521963));
#5916=CARTESIAN_POINT('',(0.0440037017645215,0.305958593326858,-0.0312342312440194));
#5917=CARTESIAN_POINT('',(0.0599831528429575,0.11640338542257,-0.03290088199281));
#5918=CARTESIAN_POINT('',(0.0572454044376926,0.148000851867385,-0.0326532989370273));
#5919=CARTESIAN_POINT('',(0.0517427228297444,0.211193527879581,-0.0321631998781356));
#5920=CARTESIAN_POINT('',(0.0461348415957406,0.274377716034271,-0.0317245222995273));
#5921=CARTESIAN_POINT('',(0.0432925672408903,0.305966897306876,-0.0315474219630806));
#5922=CARTESIAN_POINT('',(0.0575684449169796,0.116408157880728,-0.0329008488423697));
#5923=CARTESIAN_POINT('',(0.0550201947196013,0.148006772097166,-0.0327422164406508));
#5924=CARTESIAN_POINT('',(0.0499012909787492,0.211202268197801,-0.0324288447731652));
#5925=CARTESIAN_POINT('',(0.0446940533711492,0.274391008721402,-0.0321508411177407));
#5926=CARTESIAN_POINT('',(0.0420527023103873,0.305982541822421,-0.0320426330651671));
#5927=CARTESIAN_POINT('',(0.0527390290650241,0.116415994074477,-0.032900823054523));
#5928=CARTESIAN_POINT('',(0.0505553790314493,0.148016393970696,-0.0328883234783424));
#5929=CARTESIAN_POINT('',(0.0461729062835096,0.211216199579093,-0.0328652615234432));
#5930=CARTESIAN_POINT('',(0.0417294097814771,0.274411994182571,-0.0328579737094119));
#5931=CARTESIAN_POINT('',(0.0394765968667686,0.306007818930021,-0.032868928567493));
#5932=CARTESIAN_POINT('',(0.0446571494760369,0.116423285110796,-0.0329008442529103));
#5933=CARTESIAN_POINT('',(0.0430593411025596,0.148026200778821,-0.0330243378524279));
#5934=CARTESIAN_POINT('',(0.0398611558249648,0.211232022997994,-0.0332706316893494));
#5935=CARTESIAN_POINT('',(0.0366520287236928,0.274437768231274,-0.0335107968705118));
#5936=CARTESIAN_POINT('',(0.0350391112684814,0.306040467638959,-0.0336254565056697));
#5937=CARTESIAN_POINT('',(0.0340127227002981,0.116419973881714,-0.032900824869241));
#5938=CARTESIAN_POINT('',(0.0331662936642433,0.148024226279228,-0.0329625727120146));
#5939=CARTESIAN_POINT('',(0.0314853516104301,0.211233170003487,-0.033086640805183));
#5940=CARTESIAN_POINT('',(0.0298529784585613,0.274443993590055,-0.0332159649756466));
#5941=CARTESIAN_POINT('',(0.0290659467577037,0.306050519500131,-0.033285203139033));
#5942=CARTESIAN_POINT('',(0.0233682959245592,0.116401705781875,-0.0329008390059149));
#5943=CARTESIAN_POINT('',(0.0233252643392582,0.148005268434653,-0.0326217801594538));
#5944=CARTESIAN_POINT('',(0.0232674787058251,0.211212728953089,-0.0320699082383683));
#5945=CARTESIAN_POINT('',(0.0233223105399178,0.274421191567647,-0.0315673578185917));
#5946=CARTESIAN_POINT('',(0.0233965692006834,0.306025573935994,-0.0313624408032466));
#5947=CARTESIAN_POINT('',(0.0152864163355721,0.116379011486156,-0.0329012078237185));
#5948=CARTESIAN_POINT('',(0.0159322643089395,0.14798041679628,-0.0321992726568483));
#5949=CARTESIAN_POINT('',(0.01727142069083,0.211182658687596,-0.0308035454822001));
#5950=CARTESIAN_POINT('',(0.0187808484175482,0.274384859921128,-0.0295394392740973));
#5951=CARTESIAN_POINT('',(0.0195582105596879,0.305987308363218,-0.0289962585204664));
#5952=CARTESIAN_POINT('',(0.0104570004836165,0.116362577721621,-0.0329016821787252));
#5953=CARTESIAN_POINT('',(0.0115513735485307,0.1479621893341,-0.0318933960187839));
#5954=CARTESIAN_POINT('',(0.0137997637393677,0.211159837228235,-0.0298841999445205));
#5955=CARTESIAN_POINT('',(0.0162495676697154,0.274357194245923,-0.0280634485035301));
#5956=CARTESIAN_POINT('',(0.0174732219193789,0.305959292123251,-0.0272626364427137));
#5957=CARTESIAN_POINT('',(0.00804229255763867,0.116353691039778,-0.0329019989275519));
#5958=CARTESIAN_POINT('',(0.00937291838430376,0.147952224898512,-0.0317281586702908));
#5959=CARTESIAN_POINT('',(0.0121024217083331,0.211146888551188,-0.0293860445240084));
#5960=CARTESIAN_POINT('',(0.0150520212439445,0.274341659529937,-0.0272738242148714));
#5961=CARTESIAN_POINT('',(0.0165058651054993,0.305944284642795,-0.0263373745476659));
#5962=CARTESIAN_POINT('',(0.00666245945707992,0.11634843724265,-0.0329022045608762));
#5963=CARTESIAN_POINT('',(0.00813028545699723,0.147946357144449,-0.0316303846480472));
#5964=CARTESIAN_POINT('',(0.0111380699411658,0.211139317244747,-0.0290913761126128));
#5965=CARTESIAN_POINT('',(0.0143739793664508,0.274332580623589,-0.0268010624441862));
#5966=CARTESIAN_POINT('',(0.015961840081481,0.305935466880116,-0.0257796083031355));
#5967=CARTESIAN_POINT('',(0.00597254290680053,0.116345746597177,-0.032902316233574));
#5968=CARTESIAN_POINT('',(0.00751106528453994,0.147943310130031,-0.0315804085217065));
#5969=CARTESIAN_POINT('',(0.0106635804570322,0.211135213325549,-0.0289402467125287));
#5970=CARTESIAN_POINT('',(0.0140507410294949,0.274327719080199,-0.0265650391877327));
#5971=CARTESIAN_POINT('',(0.0157061328446284,0.305930985878755,-0.0255040392724675));
#5972=CARTESIAN_POINT('',(0.00562758463166085,0.116344395314576,-0.0329023739626179));
#5973=CARTESIAN_POINT('',(0.00720006072380191,0.147941840830072,-0.031555153654043));
#5974=CARTESIAN_POINT('',(0.0104200046176022,0.211133456449754,-0.0288645183291933));
#5975=CARTESIAN_POINT('',(0.0138735959016558,0.274325579758456,-0.0264365111196402));
#5976=CARTESIAN_POINT('',(0.015563358722241,0.305928727832288,-0.0253486499915566));
#5977=CARTESIAN_POINT('',(0.0156357178846125,0.304696304909615,-0.0255388259933111));
#5978=CARTESIAN_POINT('',(0.0156373101845257,0.304730855718227,-0.0255374251472716));
#5979=CARTESIAN_POINT('',(0.0156389024851687,0.304765406521925,-0.0255360241808604));
#5980=CARTESIAN_POINT('',(0.0156404949797184,0.304799957320181,-0.0255346233006504));
#5981=CARTESIAN_POINT('',(0.0156357178846388,0.304696304912451,-0.0255388259930846));
#5982=CARTESIAN_POINT('',(0.0156357178846388,0.304696304912451,-0.0255388259930846));
#5983=CARTESIAN_POINT('',(0.0149132749495906,0.289018010370121,-0.0261746049735837));
#5984=CARTESIAN_POINT('',(0.0135163909415978,0.257659172427244,-0.027453263286477));
#5985=CARTESIAN_POINT('',(0.0118623962977504,0.21060687363075,-0.0294342609684121));
#5986=CARTESIAN_POINT('',(0.0110740422065261,0.163521934586266,-0.0313499461138164));
#5987=CARTESIAN_POINT('',(0.0113236332792108,0.132137652594986,-0.0324381922023));
#5988=CARTESIAN_POINT('',(0.0117643690096809,0.116450949754076,-0.0328990937556867));
#5989=CARTESIAN_POINT('',(0.0117643690096808,0.116450949754076,-0.0328990937556867));
#5990=CARTESIAN_POINT('',(0.0117643690096808,0.116450949754076,-0.0328990937556867));
#5991=CARTESIAN_POINT('',(0.0117636536833983,0.116431234173624,-0.0328996728175439));
#5992=CARTESIAN_POINT('',(0.0117629382726379,0.116411518596728,-0.0329002518961168));
#5993=CARTESIAN_POINT('',(0.0117622227773247,0.116391803023393,-0.0329008309914291));
#5994=CARTESIAN_POINT('',(0.0117622227773248,0.116391803023393,-0.0329008309914291));
#5995=CARTESIAN_POINT('',(0.033497946690692,0.116416666666677,-0.0329008309914291));
#5996=CARTESIAN_POINT('',(0.0262527010667418,0.116412730392221,-0.0329008309914291));
#5997=CARTESIAN_POINT('',(0.0190074581802968,0.116404154518711,-0.0329008309914291));
#5998=CARTESIAN_POINT('',(0.0117622227773248,0.116391803023392,-0.0329008309914291));
#5999=CARTESIAN_POINT('',(0.0334979466906924,0.11641666666666,-0.0329008309914291));
#6000=CARTESIAN_POINT('',(0.0514812274660725,0.116416666666667,-0.0329008309914291));
#6001=CARTESIAN_POINT('',(0.0454868005409457,0.116416666666667,-0.0329008309914291));
#6002=CARTESIAN_POINT('',(0.039492373615819,0.116416666666667,-0.0329008309914291));
#6003=CARTESIAN_POINT('',(0.0334979466906923,0.116416666666667,-0.0329008309914291));
#6004=CARTESIAN_POINT('',(0.0514812274660622,0.116416666666822,-0.0329008309914291));
#6005=CARTESIAN_POINT('',(0.0514812274660713,0.116416666666685,-0.0329008309914291));
#6006=CARTESIAN_POINT('',(0.0546177985248506,0.116414962141678,-0.0329008309914291));
#6007=CARTESIAN_POINT('',(0.0577543691750116,0.116412423797651,-0.0329008309914291));
#6008=CARTESIAN_POINT('',(0.0608909388082801,0.11640904949084,-0.0329008309914291));
#6009=CARTESIAN_POINT('',(0.0608909388082801,0.116409049490862,-0.0329008309914289));
#6010=CARTESIAN_POINT('',(0.0444690443671275,0.304719566154652,-0.0310797698664651));
#6011=CARTESIAN_POINT('',(0.0500760271369988,0.241961721705799,-0.0317470115001597));
#6012=CARTESIAN_POINT('',(0.0554863991843798,0.17918566728443,-0.0323360383497732));
#6013=CARTESIAN_POINT('',(0.0608909388082802,0.116409049490862,-0.0329008309914289));
#6014=CARTESIAN_POINT('',(0.0444690443671275,0.304719566154652,-0.031079769866465));
#6015=CARTESIAN_POINT('',(0.0444690443671273,0.304719566154657,-0.0310797698664649));
#6016=CARTESIAN_POINT('',(0.0444666490192568,0.304746376460744,-0.031079484833721));
#6017=CARTESIAN_POINT('',(0.0444642536704645,0.304773186766422,-0.0310791997703359));
#6018=CARTESIAN_POINT('',(0.0444618582681091,0.304799997067254,-0.0310789147012118));
#6019=CARTESIAN_POINT('',(0.00644656390071711,0.115221273010237,-0.0362609883958678));
#6020=CARTESIAN_POINT('',(0.00732397634370026,0.131115844759839,-0.0355343100278318));
#6021=CARTESIAN_POINT('',(0.00873157494877399,0.154951310670649,-0.0343924847292028));
#6022=CARTESIAN_POINT('',(0.0106392209673267,0.186714033723465,-0.0324734574815348));
#6023=CARTESIAN_POINT('',(0.0118995787074055,0.210537121500325,-0.0308691723634108));
#6024=CARTESIAN_POINT('',(0.0129393757590176,0.234373329191754,-0.0293346321662723));
#6025=CARTESIAN_POINT('',(0.0142075060350628,0.266170382108309,-0.0275284529064409));
#6026=CARTESIAN_POINT('',(0.0151648040630063,0.29002617195455,-0.0263734022508212));
#6027=CARTESIAN_POINT('',(0.0158266092255579,0.305930060271261,-0.0256304049081744));
#6028=CARTESIAN_POINT('',(0.00660189979158739,0.115223409674523,-0.0361917841710067));
#6029=CARTESIAN_POINT('',(0.00745393378466737,0.13111819410239,-0.0354589131236892));
#6030=CARTESIAN_POINT('',(0.00882446336698599,0.154954094296207,-0.0343085637375416));
#6031=CARTESIAN_POINT('',(0.0106855979568863,0.186716947007038,-0.0323732588636706));
#6032=CARTESIAN_POINT('',(0.0119086829365571,0.210539765292511,-0.0307538502681238));
#6033=CARTESIAN_POINT('',(0.012908144258317,0.234375608827512,-0.029206544202035));
#6034=CARTESIAN_POINT('',(0.0141230723407213,0.266172228890908,-0.027387216442749));
#6035=CARTESIAN_POINT('',(0.0150419801142442,0.290027770215697,-0.0262233820665801));
#6036=CARTESIAN_POINT('',(0.0156783158558353,0.305931523478715,-0.0254742168030753));
#6037=CARTESIAN_POINT('',(0.0069671663744937,0.115224247079654,-0.0360261179510437));
#6038=CARTESIAN_POINT('',(0.00776738978559767,0.131119314692584,-0.0352763682116193));
#6039=CARTESIAN_POINT('',(0.00905332426961443,0.154955958941656,-0.034095182796521));
#6040=CARTESIAN_POINT('',(0.0107810307021752,0.186721939230464,-0.0321535481716562));
#6041=CARTESIAN_POINT('',(0.0119211794230868,0.210546538623924,-0.0305500063740033));
#6042=CARTESIAN_POINT('',(0.0128590388196349,0.234381848819229,-0.0290012414135556));
#6043=CARTESIAN_POINT('',(0.0139869102784052,0.266176648938244,-0.0271528401497393));
#6044=CARTESIAN_POINT('',(0.014829839320577,0.290031182768519,-0.0259601138733273));
#6045=CARTESIAN_POINT('',(0.0154147628090005,0.305934489435173,-0.0251938937961849));
#6046=CARTESIAN_POINT('',(0.00766188590788272,0.115228495047573,-0.0356829576270222));
#6047=CARTESIAN_POINT('',(0.00835956936789166,0.131124230046966,-0.0349035412613045));
#6048=CARTESIAN_POINT('',(0.00948257613263347,0.154962478045805,-0.0336740063760861));
#6049=CARTESIAN_POINT('',(0.0109758697032993,0.18673238733824,-0.0317064565403009));
#6050=CARTESIAN_POINT('',(0.0119582800867044,0.210558938130345,-0.0301027873521066));
#6051=CARTESIAN_POINT('',(0.0127605796592646,0.23439351950857,-0.0285378987198548));
#6052=CARTESIAN_POINT('',(0.0137056068863962,0.266185660743138,-0.0266381520666382));
#6053=CARTESIAN_POINT('',(0.0143995450003182,0.290038450860188,-0.0253964828843345));
#6054=CARTESIAN_POINT('',(0.0148837097138691,0.305940947380246,-0.024600067934611));
#6055=CARTESIAN_POINT('',(0.00889974937212206,0.115235099781291,-0.0350081041021598));
#6056=CARTESIAN_POINT('',(0.00941868894649931,0.131131936781001,-0.0341777397905026));
#6057=CARTESIAN_POINT('',(0.0102530528587046,0.154972884525708,-0.0328666148667327));
#6058=CARTESIAN_POINT('',(0.0113310971740815,0.186750085347349,-0.0308714778325938));
#6059=CARTESIAN_POINT('',(0.0120394044010805,0.210580884909382,-0.0292851107337547));
#6060=CARTESIAN_POINT('',(0.0126136671405944,0.234415075918643,-0.0277068092271335));
#6061=CARTESIAN_POINT('',(0.0132544418669617,0.266202961431402,-0.0257261515480007));
#6062=CARTESIAN_POINT('',(0.0136954856731945,0.290052441385501,-0.0243977742746764));
#6063=CARTESIAN_POINT('',(0.0140070043471382,0.305953398859736,-0.0235484846023518));
#6064=CARTESIAN_POINT('',(0.0113069282929578,0.115254291146603,-0.0334282884326491));
#6065=CARTESIAN_POINT('',(0.0114767132772719,0.131153336088061,-0.0325150436033215));
#6066=CARTESIAN_POINT('',(0.0117590598773645,0.154999151259935,-0.031090130163759));
#6067=CARTESIAN_POINT('',(0.0120985765807738,0.18678516351905,-0.0290324235049656));
#6068=CARTESIAN_POINT('',(0.0122909264006084,0.21062141446301,-0.0274274295130779));
#6069=CARTESIAN_POINT('',(0.0123966370127256,0.234457074368821,-0.0258115891472391));
#6070=CARTESIAN_POINT('',(0.0124351585319798,0.266240879120758,-0.0237115522831185));
#6071=CARTESIAN_POINT('',(0.012400713692921,0.290084669722787,-0.0222418244675874));
#6072=CARTESIAN_POINT('',(0.0123845573168359,0.305982694194476,-0.0213015783423366));
#6073=CARTESIAN_POINT('',(0.0149177599358153,0.115285699770172,-0.0303181361499052));
#6074=CARTESIAN_POINT('',(0.0145960193344736,0.13118709340931,-0.0293254336764561));
#6075=CARTESIAN_POINT('',(0.014118581655926,0.155037552339379,-0.027802921289859));
#6076=CARTESIAN_POINT('',(0.0134547495653322,0.186833255999815,-0.0257020365111216));
#6077=CARTESIAN_POINT('',(0.0129342083333462,0.210677168034431,-0.0240957240596821));
#6078=CARTESIAN_POINT('',(0.0123792441949207,0.234518159800042,-0.0224638887397819));
#6079=CARTESIAN_POINT('',(0.011577913246903,0.266303624699971,-0.0202777659574599));
#6080=CARTESIAN_POINT('',(0.0109084020615764,0.290142616152969,-0.0186666285897496));
#6081=CARTESIAN_POINT('',(0.0104501989352138,0.306037016033469,-0.0176239972899199));
#6082=CARTESIAN_POINT('',(0.0193235252692137,0.11532448035318,-0.0252855891226634));
#6083=CARTESIAN_POINT('',(0.0184832027538111,0.131227457789064,-0.0242790369373749));
#6084=CARTESIAN_POINT('',(0.0172249239649089,0.155081104352318,-0.0227533003218414));
#6085=CARTESIAN_POINT('',(0.0155406227752452,0.18688307918503,-0.0206787922384882));
#6086=CARTESIAN_POINT('',(0.0142691173753018,0.210732801041082,-0.0191019729272994));
#6087=CARTESIAN_POINT('',(0.0129839827151405,0.234580503608909,-0.0175058454256016));
#6088=CARTESIAN_POINT('',(0.0112456855705283,0.266374523913109,-0.0153565517699998));
#6089=CARTESIAN_POINT('',(0.00990524593490502,0.29021673885829,-0.0137295204482872));
#6090=CARTESIAN_POINT('',(0.00899298934881474,0.306110844596151,-0.0126513947389236));
#6091=CARTESIAN_POINT('',(0.023360542918943,0.115351643767342,-0.0196001273592894));
#6092=CARTESIAN_POINT('',(0.0221404169348034,0.131255371406695,-0.0186614046803082));
#6093=CARTESIAN_POINT('',(0.0203119017241823,0.155110628303334,-0.017244793267003));
#6094=CARTESIAN_POINT('',(0.0178742093332526,0.186916408338467,-0.0153335118044799));
#6095=CARTESIAN_POINT('',(0.01604486103313,0.210769927485199,-0.0138873509751061));
#6096=CARTESIAN_POINT('',(0.0142126389323657,0.234622390059378,-0.012426957544188));
#6097=CARTESIAN_POINT('',(0.0117623334850466,0.266423911744509,-0.0104595897358693));
#6098=CARTESIAN_POINT('',(0.00991149661469738,0.290272608552904,-0.00896053226587991));
#6099=CARTESIAN_POINT('',(0.00866647633304905,0.306170331646904,-0.0079529389703908));
#6100=CARTESIAN_POINT('',(0.0266558792987083,0.115367261463666,-0.0143202060977347));
#6101=CARTESIAN_POINT('',(0.0251882371085704,0.13127128830332,-0.0134965215067812));
#6102=CARTESIAN_POINT('',(0.0229882261581019,0.155127228055778,-0.0122561598597801));
#6103=CARTESIAN_POINT('',(0.0200574333292673,0.18693472155025,-0.0105888619965263));
#6104=CARTESIAN_POINT('',(0.0178603458388456,0.210790041867901,-0.00933042027656807));
#6105=CARTESIAN_POINT('',(0.0156638443375435,0.234644951505121,-0.00806261871444205));
#6106=CARTESIAN_POINT('',(0.0127349028430002,0.266450736317077,-0.00635756358857115));
#6107=CARTESIAN_POINT('',(0.0105363455006291,0.290303926595161,-0.00505949539070229));
#6108=CARTESIAN_POINT('',(0.00906702215809131,0.306205143762897,-0.00418304995265519));
#6109=CARTESIAN_POINT('',(0.0289043715042501,0.115374632197726,-0.0104423186801708));
#6110=CARTESIAN_POINT('',(0.0272961567262173,0.131278720475896,-0.00972681423514688));
#6111=CARTESIAN_POINT('',(0.0248849589802327,0.155134840491893,-0.00865057717319015));
#6112=CARTESIAN_POINT('',(0.0216726329368458,0.186942902447725,-0.0072070954828535));
#6113=CARTESIAN_POINT('',(0.0192647568598216,0.210798868656796,-0.00611936255463913));
#6114=CARTESIAN_POINT('',(0.0168582857638697,0.234654712794983,-0.00502546131297367));
#6115=CARTESIAN_POINT('',(0.0136514265953024,0.266462250755541,-0.00355685121636801));
#6116=CARTESIAN_POINT('',(0.0112481011776927,0.290317494951414,-0.00244164424347454));
#6117=CARTESIAN_POINT('',(0.00964592221119429,0.306220590464431,-0.0016889095720263));
#6118=CARTESIAN_POINT('',(0.0305790513712987,0.115378363616752,-0.00741671963531399));
#6119=CARTESIAN_POINT('',(0.0288805684514667,0.131282412412419,-0.00679860504599143));
#6120=CARTESIAN_POINT('',(0.026333612365323,0.155138501662593,-0.00586965282412565));
#6121=CARTESIAN_POINT('',(0.0229396620730313,0.186946642212423,-0.00462590810251554));
#6122=CARTESIAN_POINT('',(0.0203953330708696,0.210802752247849,-0.00368997059833514));
#6123=CARTESIAN_POINT('',(0.0178522907263965,0.234658857735341,-0.00275022472528156));
#6124=CARTESIAN_POINT('',(0.0144634993207948,0.266466967371571,-0.00149087892514705));
#6125=CARTESIAN_POINT('',(0.0119243538342237,0.290322981531591,-0.000537566088984226));
#6126=CARTESIAN_POINT('',(0.0102328451271266,0.306226885053573,0.000104347988303593));
#6127=CARTESIAN_POINT('',(0.0317676725627132,0.115380136876603,-0.00520571049864932));
#6128=CARTESIAN_POINT('',(0.0300119803022211,0.131284122280135,-0.00466489212153401));
#6129=CARTESIAN_POINT('',(0.0273789252674653,0.155140120745232,-0.00385263864535704));
#6130=CARTESIAN_POINT('',(0.0238695211631675,0.18694817007432,-0.00276664999180177));
#6131=CARTESIAN_POINT('',(0.0212382610077685,0.21080423576812,-0.00195033307419354));
#6132=CARTESIAN_POINT('',(0.0186079422124006,0.234660333312776,-0.00113178183484004));
#6133=CARTESIAN_POINT('',(0.0151023672059288,0.266468509193932,-3.66139120859992E-05));
#6134=CARTESIAN_POINT('',(0.012475231308689,0.290324696976116,0.000790020150600826));
#6135=CARTESIAN_POINT('',(0.0107251635758138,0.306228844120797,0.00134505137633986));
#6136=CARTESIAN_POINT('',(0.0327137525986977,0.115381051454711,-0.00340754580071607));
#6137=CARTESIAN_POINT('',(0.030916489675583,0.131284947595407,-0.00293388831583344));
#6138=CARTESIAN_POINT('',(0.0282207935950412,0.15514080290745,-0.00222300326746388));
#6139=CARTESIAN_POINT('',(0.0246271007844102,0.186948641178415,-0.00127399173333898));
#6140=CARTESIAN_POINT('',(0.0219321762273161,0.210804538572497,-0.000561518517531187));
#6141=CARTESIAN_POINT('',(0.0192376706777615,0.234660458377605,0.000151831850917295));
#6142=CARTESIAN_POINT('',(0.0156456951228565,0.266468388071539,0.00110445233694677));
#6143=CARTESIAN_POINT('',(0.0129526805677619,0.29032438529999,0.00182100057647964));
#6144=CARTESIAN_POINT('',(0.0111580434690467,0.306228417855506,0.00230028794846272));
#6145=CARTESIAN_POINT('',(0.0334371713452023,0.115381367581524,-0.00201185008228722));
#6146=CARTESIAN_POINT('',(0.0316107174113109,0.131285207894874,-0.00159184542694057));
#6147=CARTESIAN_POINT('',(0.0288710764546643,0.155140972049021,-0.000961770455446989));
#6148=CARTESIAN_POINT('',(0.0252183496787524,0.186948669596829,-0.000121469685469961));
#6149=CARTESIAN_POINT('',(0.0224788870026872,0.210804450571932,0.000508879805740957));
#6150=CARTESIAN_POINT('',(0.019739530281198,0.234660241678329,0.00113938225716524));
#6151=CARTESIAN_POINT('',(0.0160872463669148,0.26646798169775,0.00198031317071336));
#6152=CARTESIAN_POINT('',(0.0133483141167002,0.290323814055709,0.00261137894505287));
#6153=CARTESIAN_POINT('',(0.0115226058401434,0.306227726854934,0.00303237308923652));
#6154=CARTESIAN_POINT('',(0.0340405321776039,0.115381572682261,-0.000831794112832711));
#6155=CARTESIAN_POINT('',(0.0321907507466717,0.131285298990886,-0.000460349214119893));
#6156=CARTESIAN_POINT('',(0.0294158320228661,0.155140870897655,9.63524548338864E-05));
#6157=CARTESIAN_POINT('',(0.0257152009905974,0.186948246731616,0.000837255733391855));
#6158=CARTESIAN_POINT('',(0.0229392672824731,0.210803745113778,0.00139209360438869));
#6159=CARTESIAN_POINT('',(0.0201627601483538,0.234659201478876,0.00194589868637703));
#6160=CARTESIAN_POINT('',(0.0164597580888351,0.266466403132225,0.00268255036955538));
#6161=CARTESIAN_POINT('',(0.0136810953018414,0.290321699121043,0.00323257512559411));
#6162=CARTESIAN_POINT('',(0.0118275222465154,0.306225143374945,0.00359736923761985));
#6163=CARTESIAN_POINT('',(0.0343890684863005,0.115381364663026,-0.000146649887104649));
#6164=CARTESIAN_POINT('',(0.0325273081097877,0.131285108977068,0.000198401157390153));
#6165=CARTESIAN_POINT('',(0.0297344822171355,0.15514071136174,0.000715625875518298));
#6166=CARTESIAN_POINT('',(0.0260101603345296,0.186948138656705,0.00140422733019577));
#6167=CARTESIAN_POINT('',(0.0232165745183659,0.210803682521442,0.00192004434210864));
#6168=CARTESIAN_POINT('',(0.0204225604855276,0.234659193120358,0.00243508147581109));
#6169=CARTESIAN_POINT('',(0.0166964690021624,0.266466482674179,0.00312047256797659));
#6170=CARTESIAN_POINT('',(0.0139008507434914,0.290321867179725,0.00363265582512356));
#6171=CARTESIAN_POINT('',(0.0120362684557669,0.306225389713576,0.00397268566498308));
#6172=CARTESIAN_POINT('',(0.0345639786689169,0.115381322087976,0.000196526307588057));
#6173=CARTESIAN_POINT('',(0.0326959234265478,0.131285059559296,0.00052801804945785));
#6174=CARTESIAN_POINT('',(0.0298936430371958,0.155140650440997,0.00102488101583781));
#6175=CARTESIAN_POINT('',(0.0261566782346443,0.186948058629607,0.0016862665505713));
#6176=CARTESIAN_POINT('',(0.0233535871145021,0.210803585798614,0.00218163046115907));
#6177=CARTESIAN_POINT('',(0.0205500388480822,0.234659076732733,0.00267616383699621));
#6178=CARTESIAN_POINT('',(0.0168111846203356,0.266466334870747,0.00333413045495422));
#6179=CARTESIAN_POINT('',(0.0140059222468499,0.290321688371416,0.00382562438374835));
#6180=CARTESIAN_POINT('',(0.0121348518615119,0.306225184119681,0.00415176851142431));
#6181=CARTESIAN_POINT('',(0.0342610042732676,0.116513005905196,-0.000113628099883985));
#6182=CARTESIAN_POINT('',(0.0267887317575575,0.179271014626197,0.00100172035178647));
#6183=CARTESIAN_POINT('',(0.0193832031672847,0.242034341951458,0.00225950868341962));
#6184=CARTESIAN_POINT('',(0.012012143922792,0.3048,0.00359600336145187));
#6185=CARTESIAN_POINT('',(0.0342612966155111,0.116511253770208,-0.000113347533011671));
#6186=CARTESIAN_POINT('',(0.0117643690096805,0.116450949754088,-0.0328990937556864));
#6187=CARTESIAN_POINT('',(0.0130515777024964,0.116456517402028,-0.0318570889049035));
#6188=CARTESIAN_POINT('',(0.01548613469464,0.11646774936886,-0.0295537078640506));
#6189=CARTESIAN_POINT('',(0.0198364201067253,0.116486516163571,-0.0244880195839654));
#6190=CARTESIAN_POINT('',(0.0245859893729436,0.116502366138731,-0.0176202122825504));
#6191=CARTESIAN_POINT('',(0.02965455072053,0.116511593287768,-0.00898825920945637));
#6192=CARTESIAN_POINT('',(0.0327475733094321,0.116513270304419,-0.00308390360886488));
#6193=CARTESIAN_POINT('',(0.0342610042732676,0.116513005905196,-0.000113628099883962));
#6194=CARTESIAN_POINT('',(0.0344404749230139,0.11537606110132,-0.000252169705870723));
#6195=CARTESIAN_POINT('',(0.0335107192786202,0.123281304761545,-0.000160493494815378));
#6196=CARTESIAN_POINT('',(0.0321070935243264,0.135138140058764,-2.57994493401934E-05));
#6197=CARTESIAN_POINT('',(0.0302961473234177,0.150286383205321,0.00014835815011855));
#6198=CARTESIAN_POINT('',(0.0291085129385484,0.160164827646966,0.000264087753980521));
#6199=CARTESIAN_POINT('',(0.0281544037294758,0.168067054388883,0.000358693765081402));
#6200=CARTESIAN_POINT('',(0.0273569167010222,0.174651918918457,0.000439106111706354));
#6201=CARTESIAN_POINT('',(0.0265575148337404,0.181236519188929,0.000521008764266787));
#6202=CARTESIAN_POINT('',(0.0255957555565246,0.189137690717254,0.000621543564777629));
#6203=CARTESIAN_POINT('',(0.0243900240035486,0.199013643117959,0.000751103021963017));
#6204=CARTESIAN_POINT('',(0.0230194116371843,0.210205767776607,0.000903622764500623));
#6205=CARTESIAN_POINT('',(0.0214027755088882,0.223372309478168,0.00109052341035814));
#6206=CARTESIAN_POINT('',(0.0194584375325148,0.239171406762554,0.00132515093803916));
#6207=CARTESIAN_POINT('',(0.0160496492630953,0.266818599726462,0.00175790393070393));
#6208=CARTESIAN_POINT('',(0.0132860750349745,0.289198512276687,0.00213867508067969));
#6209=CARTESIAN_POINT('',(0.0113370568624764,0.30499608185192,0.00241802023629179));
#6210=CARTESIAN_POINT('',(0.0343662281233638,0.115373857141767,-5.220049160704E-05));
#6211=CARTESIAN_POINT('',(0.0334462602578441,0.123279100671164,4.33146408096389E-05));
#6212=CARTESIAN_POINT('',(0.0320573199448278,0.13513594848765,0.000183775813794656));
#6213=CARTESIAN_POINT('',(0.0302651507619932,0.150284229465262,0.00036530923079345));
#6214=CARTESIAN_POINT('',(0.0290897674196219,0.160162706273947,0.000485849667335029));
#6215=CARTESIAN_POINT('',(0.0281454623089642,0.168064963282075,0.000584303624515861));
#6216=CARTESIAN_POINT('',(0.0273561473248329,0.174649855489716,0.000667921655286125));
#6217=CARTESIAN_POINT('',(0.0265649190515718,0.181234485294727,0.00075302893123044));
#6218=CARTESIAN_POINT('',(0.0256129700420306,0.189135694514774,0.000857407492557363));
#6219=CARTESIAN_POINT('',(0.0244195039609792,0.19901169691473,0.000991768282636749));
#6220=CARTESIAN_POINT('',(0.0230627952038761,0.210203881039205,0.00114972433906166));
#6221=CARTESIAN_POINT('',(0.0214625184440782,0.22337049466477,0.00134301369838597));
#6222=CARTESIAN_POINT('',(0.0195378131265022,0.23916967908661,0.00158529818198931));
#6223=CARTESIAN_POINT('',(0.0161633813912576,0.266817021947675,0.00203143149193636));
#6224=CARTESIAN_POINT('',(0.0134276139916839,0.289197046174897,0.00242301037712418));
#6225=CARTESIAN_POINT('',(0.0114982195247552,0.304994686939102,0.00270997902645645));
#6226=CARTESIAN_POINT('',(0.03426453734486,0.115370775299076,0.000221484155468843));
#6227=CARTESIAN_POINT('',(0.0333580734685607,0.123276040341781,0.000322009542553815));
#6228=CARTESIAN_POINT('',(0.0319893526912105,0.135132934614432,0.000469931083185654));
#6229=CARTESIAN_POINT('',(0.0302229200364857,0.150281292619513,0.000660955746016125));
#6230=CARTESIAN_POINT('',(0.0290642809585779,0.16015982480624,0.000787683167273145));
#6231=CARTESIAN_POINT('',(0.02813334609768,0.168062128550809,0.000891091385027815));
#6232=CARTESIAN_POINT('',(0.0273551579739153,0.174647060855961,0.00097884391751133));
#6233=CARTESIAN_POINT('',(0.0265750447360285,0.181231731499471,0.00106809238315931));
#6234=CARTESIAN_POINT('',(0.0256364188573036,0.189132990453792,0.0011774515935931));
#6235=CARTESIAN_POINT('',(0.0244595865083027,0.199009055616808,0.00131805926255579));
#6236=CARTESIAN_POINT('',(0.0231217080884957,0.210201310889056,0.00148312750126487));
#6237=CARTESIAN_POINT('',(0.0215435671783353,0.223368007297568,0.00168482729416161));
#6238=CARTESIAN_POINT('',(0.0196454122911838,0.239167288815952,0.00193726312173502));
#6239=CARTESIAN_POINT('',(0.0163174432407264,0.266814794622517,0.00240128070951244));
#6240=CARTESIAN_POINT('',(0.0136193221627736,0.289194938036888,0.00280748449026742));
#6241=CARTESIAN_POINT('',(0.0117165333243633,0.304992655911954,0.00310480988967628));
#6242=CARTESIAN_POINT('',(0.0341369921189112,0.115367084215329,0.000565249464768797));
#6243=CARTESIAN_POINT('',(0.0332471784705618,0.123272313494034,0.000672772642948831));
#6244=CARTESIAN_POINT('',(0.0319035076902453,0.135129181369257,0.000831315053349968));
#6245=CARTESIAN_POINT('',(0.0301692946403758,0.150277563354376,0.00103600464541608));
#6246=CARTESIAN_POINT('',(0.0290317547770615,0.160156133282722,0.00117165072363422));
#6247=CARTESIAN_POINT('',(0.028117753265175,0.168058480575526,0.00128218332494088));
#6248=CARTESIAN_POINT('',(0.0273537085222096,0.174643457025256,0.00137585938731709));
#6249=CARTESIAN_POINT('',(0.0265877640808977,0.181228177958766,0.00147101624756836));
#6250=CARTESIAN_POINT('',(0.0256661728033943,0.189129504986317,0.00158744012193446));
#6251=CARTESIAN_POINT('',(0.0245106770288138,0.199005665692577,0.00173683088885442));
#6252=CARTESIAN_POINT('',(0.023197025471854,0.210198040303435,0.00191177988193257));
#6253=CARTESIAN_POINT('',(0.0216474238278916,0.223364886378325,0.00212500617632606));
#6254=CARTESIAN_POINT('',(0.0197835420833941,0.239164354416884,0.00239114027499933));
#6255=CARTESIAN_POINT('',(0.0165155492652604,0.266812187692462,0.00287885853482583));
#6256=CARTESIAN_POINT('',(0.0138659029622755,0.289192578604325,0.00330391397746445));
#6257=CARTESIAN_POINT('',(0.011997261356684,0.304990452365748,0.00361447047425554));
#6258=CARTESIAN_POINT('',(0.0340313042784648,0.1153633165938,0.000848272364810133));
#6259=CARTESIAN_POINT('',(0.0331564196770224,0.123268767541074,0.000958738345291573));
#6260=CARTESIAN_POINT('',(0.0318347220195915,0.135125952597512,0.00112102592730487));
#6261=CARTESIAN_POINT('',(0.0301274160712292,0.150274645481291,0.00132999696651669));
#6262=CARTESIAN_POINT('',(0.0290069474574707,0.1601533738942,0.00146839941078896));
#6263=CARTESIAN_POINT('',(0.0281063055824409,0.168055817847953,0.0015811940986754));
#6264=CARTESIAN_POINT('',(0.0273532162736021,0.174640855718888,0.00167682778576856));
#6265=CARTESIAN_POINT('',(0.0265980873442855,0.181225622306222,0.00177402380365688));
#6266=CARTESIAN_POINT('',(0.0256892982097527,0.189126983275093,0.00189303148501766));
#6267=CARTESIAN_POINT('',(0.0245495663372666,0.199003156244496,0.0020459089525986));
#6268=CARTESIAN_POINT('',(0.0232535297222615,0.210195509747755,0.00222520468967072));
#6269=CARTESIAN_POINT('',(0.0217244456612287,0.223362296924823,0.00244407169785299));
#6270=CARTESIAN_POINT('',(0.0198850383939753,0.23916166098277,0.00271769321538202));
#6271=CARTESIAN_POINT('',(0.0166598764601292,0.266809273683066,0.00321997461636359));
#6272=CARTESIAN_POINT('',(0.0140453143010611,0.289189477627299,0.0036586206683359));
#6273=CARTESIAN_POINT('',(0.0122018195762759,0.304987243760059,0.00397918002695522));
#6274=CARTESIAN_POINT('',(0.0338830263961011,0.115358170550284,0.00123750898549996));
#6275=CARTESIAN_POINT('',(0.033029114700901,0.123263854083197,0.00135278169964619));
#6276=CARTESIAN_POINT('',(0.0317384439113255,0.135121384740178,0.00152149911125318));
#6277=CARTESIAN_POINT('',(0.0300694932054697,0.150270433182763,0.0017380618833198));
#6278=CARTESIAN_POINT('',(0.0289735053492189,0.160149350091578,0.0018813579867024));
#6279=CARTESIAN_POINT('',(0.028092113528028,0.1680519143641,0.0019981246788776));
#6280=CARTESIAN_POINT('',(0.027354866243537,0.174637032805247,0.00209714742333513));
#6281=CARTESIAN_POINT('',(0.0266154222695043,0.181221863592782,0.00219782282840669));
#6282=CARTESIAN_POINT('',(0.0257252573052568,0.18912327986557,0.00232115884831096));
#6283=CARTESIAN_POINT('',(0.0246085398209137,0.19899949037238,0.00247973666136125));
#6284=CARTESIAN_POINT('',(0.0233383116433184,0.210191849635005,0.00266593976491368));
#6285=CARTESIAN_POINT('',(0.0218393728482297,0.223358607839865,0.00289352745080154));
#6286=CARTESIAN_POINT('',(0.0200359980684686,0.239157902372085,0.00317841977488696));
#6287=CARTESIAN_POINT('',(0.0168739477233661,0.266805353582591,0.0037020455541956));
#6288=CARTESIAN_POINT('',(0.0143110080632367,0.289185418448657,0.00415993381765344));
#6289=CARTESIAN_POINT('',(0.0125043903017444,0.30498311045967,0.00449449185408492));
#6290=CARTESIAN_POINT('',(0.0336458710068205,0.115349758161699,0.00184296692517885));
#6291=CARTESIAN_POINT('',(0.0328263011915403,0.123255820076133,0.00196537034782149));
#6292=CARTESIAN_POINT('',(0.0315864580959469,0.135113926130304,0.00214333451984362));
#6293=CARTESIAN_POINT('',(0.0299802013547299,0.150263573600279,0.00237047524218448));
#6294=CARTESIAN_POINT('',(0.0289241523960912,0.160142808363409,0.00252053209794939));
#6295=CARTESIAN_POINT('',(0.0280741134846684,0.168045574621754,0.00264279362683175));
#6296=CARTESIAN_POINT('',(0.0273626349342102,0.174630827457498,0.00274653064130308));
#6297=CARTESIAN_POINT('',(0.0266486778977882,0.181215764348939,0.00285208041880215));
#6298=CARTESIAN_POINT('',(0.025788745412113,0.189117270151598,0.00298154071514512));
#6299=CARTESIAN_POINT('',(0.0247093506667399,0.198993537608735,0.0031482958530886));
#6300=CARTESIAN_POINT('',(0.0234809459652356,0.210185898087302,0.00334457249576021));
#6301=CARTESIAN_POINT('',(0.0220308513901095,0.223352597238806,0.00358508088473704));
#6302=CARTESIAN_POINT('',(0.0202858855357528,0.239151763704685,0.00388691760535388));
#6303=CARTESIAN_POINT('',(0.0172262634646374,0.266798930182197,0.00444305050865731));
#6304=CARTESIAN_POINT('',(0.014747335148087,0.28917876238952,0.00493063437149776));
#6305=CARTESIAN_POINT('',(0.0130008137958083,0.304976334344087,0.00528680657384543));
#6306=CARTESIAN_POINT('',(0.0333075091259608,0.115337558070387,0.00267065433308464));
#6307=CARTESIAN_POINT('',(0.0325383341719364,0.12324410542904,0.00280266177505234));
#6308=CARTESIAN_POINT('',(0.0313732634902008,0.135102992022561,0.00299270463174918));
#6309=CARTESIAN_POINT('',(0.0298592590774662,0.150253486100594,0.00323308925191453));
#6310=CARTESIAN_POINT('',(0.0288619386972839,0.160133179224301,0.00339147827813026));
#6311=CARTESIAN_POINT('',(0.0280579626541345,0.168036241163375,0.00352050422944528));
#6312=CARTESIAN_POINT('',(0.0273843227302001,0.174621692485152,0.00363007629644256));
#6313=CARTESIAN_POINT('',(0.0267077764137015,0.181206787482283,0.00374169872587918));
#6314=CARTESIAN_POINT('',(0.0258921991917168,0.189108429574623,0.00387886141751751));
#6315=CARTESIAN_POINT('',(0.0248675418415485,0.198984790143925,0.00405605504827856));
#6316=CARTESIAN_POINT('',(0.0237004892895542,0.210177167082418,0.00426541907629187));
#6317=CARTESIAN_POINT('',(0.0223221041764065,0.223343802313486,0.00452297446664063));
#6318=CARTESIAN_POINT('',(0.0206630061159244,0.239142816805176,0.00484745752479309));
#6319=CARTESIAN_POINT('',(0.0177542651508996,0.266789647805551,0.00544745695039354));
#6320=CARTESIAN_POINT('',(0.0153994848470733,0.289169227540905,0.00597536215581758));
#6321=CARTESIAN_POINT('',(0.013741820077413,0.304966685178491,0.00636076552014914));
#6322=CARTESIAN_POINT('',(0.0327912916749402,0.115318605442259,0.00386213516995578));
#6323=CARTESIAN_POINT('',(0.0321016493063403,0.123225773637919,0.00400731976291632));
#6324=CARTESIAN_POINT('',(0.0310550229874968,0.135085760052419,0.00421299580275535));
#6325=CARTESIAN_POINT('',(0.0296871268837418,0.150237535748221,0.00446896066290458));
#6326=CARTESIAN_POINT('',(0.0287826854019453,0.160117942996854,0.00463679759971678));
#6327=CARTESIAN_POINT('',(0.0280514501422592,0.168021473182428,0.00477344501188407));
#6328=CARTESIAN_POINT('',(0.0274374685266676,0.174607245768758,0.00488966047393486));
#6329=CARTESIAN_POINT('',(0.0268198303788512,0.181192602945547,0.00500833687478216));
#6330=CARTESIAN_POINT('',(0.0260740429027563,0.189094476979134,0.00515470881301564));
#6331=CARTESIAN_POINT('',(0.0251354853668956,0.198971005259527,0.00534482689900471));
#6332=CARTESIAN_POINT('',(0.0240649393677128,0.210163437089355,0.00557101993065004));
#6333=CARTESIAN_POINT('',(0.0227994704233802,0.223330016213161,0.00585122939188379));
#6334=CARTESIAN_POINT('',(0.0212758618553059,0.23912886134024,0.00620660165634566));
#6335=CARTESIAN_POINT('',(0.0186059218871505,0.266775322782159,0.00686753292819));
#6336=CARTESIAN_POINT('',(0.0164485488756482,0.289154672285877,0.00745207397457449));
#6337=CARTESIAN_POINT('',(0.0149322582276402,0.30495206228308,0.0078782701883646));
#6338=CARTESIAN_POINT('',(0.0320621161426593,0.115291475245991,0.00541203831767513));
#6339=CARTESIAN_POINT('',(0.031489260036874,0.123199213319501,0.00557275392718582));
#6340=CARTESIAN_POINT('',(0.0306176455828307,0.13506047925549,0.00579483473116925));
#6341=CARTESIAN_POINT('',(0.0294658264699032,0.150213979586864,0.00606307260419634));
#6342=CARTESIAN_POINT('',(0.0286984095929955,0.160095416235904,0.00623716281660925));
#6343=CARTESIAN_POINT('',(0.0280741172455014,0.167999657982725,0.00637880253192603));
#6344=CARTESIAN_POINT('',(0.0275477192400849,0.174585924617372,0.00649968546577132));
#6345=CARTESIAN_POINT('',(0.0270164848827513,0.181171687475453,0.00662364260568402));
#6346=CARTESIAN_POINT('',(0.0263728475187215,0.189073938783777,0.00677748557922007));
#6347=CARTESIAN_POINT('',(0.0255600445118601,0.198950785357672,0.00697940875490548));
#6348=CARTESIAN_POINT('',(0.0246305518809833,0.210143394379386,0.00722282878401902));
#6349=CARTESIAN_POINT('',(0.0235305350591332,0.223310021854843,0.00752808418245216));
#6350=CARTESIAN_POINT('',(0.0222061949910004,0.239108805664714,0.00791945879007095));
#6351=CARTESIAN_POINT('',(0.0198891919909014,0.266755116819811,0.00865371265205757));
#6352=CARTESIAN_POINT('',(0.0180254940653127,0.28913449415818,0.00930738404306026));
#6353=CARTESIAN_POINT('',(0.0167195074006225,0.304932011956257,0.00978268262535773));
#6354=CARTESIAN_POINT('',(0.0309228997447918,0.115249394344338,0.00757883311740637));
#6355=CARTESIAN_POINT('',(0.0305390756330433,0.123157223746107,0.00775665915165637));
#6356=CARTESIAN_POINT('',(0.0299538810726895,0.135019599846671,0.00799208909300555));
#6357=CARTESIAN_POINT('',(0.0291564875130481,0.150175461943778,0.00825731710302689));
#6358=CARTESIAN_POINT('',(0.028613109491147,0.160058483028589,0.00842506527826199));
#6359=CARTESIAN_POINT('',(0.0281630963417587,0.167963876388556,0.00856062342593672));
#6360=CARTESIAN_POINT('',(0.0277784807082582,0.174551036623015,0.00867687487257072));
#6361=CARTESIAN_POINT('',(0.0273863274557148,0.181137620922391,0.00879765975839118));
#6362=CARTESIAN_POINT('',(0.0269068830403589,0.189040688236089,0.00895064990899301));
#6363=CARTESIAN_POINT('',(0.0262965381324757,0.19891825861335,0.00915655211993596));
#6364=CARTESIAN_POINT('',(0.0255942772820669,0.210111420780576,0.00941196422612262));
#6365=CARTESIAN_POINT('',(0.0247618292850615,0.223278506048729,0.00974074428342451));
#6366=CARTESIAN_POINT('',(0.0237619338685565,0.239077714958634,0.0101712442390171));
#6367=CARTESIAN_POINT('',(0.0220241524850629,0.26672477654388,0.0109904586270079));
#6368=CARTESIAN_POINT('',(0.0206463423656436,0.289104969536599,0.0117253038213581));
#6369=CARTESIAN_POINT('',(0.0196876351694821,0.304903123639016,0.0122564405230991));
#6370=CARTESIAN_POINT('',(0.0294103317357885,0.115196642057594,0.0100392149173957));
#6371=CARTESIAN_POINT('',(0.0292832248807627,0.123102872832467,0.0102251624835895));
#6372=CARTESIAN_POINT('',(0.0290938353977402,0.134964277174301,0.0104568651836913));
#6373=CARTESIAN_POINT('',(0.0287925854733823,0.150121723157197,0.0106749772219513));
#6374=CARTESIAN_POINT('',(0.0285607314474223,0.160006679615578,0.0107986725393661));
#6375=CARTESIAN_POINT('',(0.0283490663641581,0.167913971471682,0.0108972027015994));
#6376=CARTESIAN_POINT('',(0.0281578054109328,0.174502584568579,0.0109846865453365));
#6377=CARTESIAN_POINT('',(0.0279552244773906,0.18109044428861,0.0110783890732003));
#6378=CARTESIAN_POINT('',(0.0276971420507938,0.188994979482656,0.0112023777460694));
#6379=CARTESIAN_POINT('',(0.0273563965641473,0.198874376656649,0.011383194741128));
#6380=CARTESIAN_POINT('',(0.0269591245123041,0.210069325126121,0.0116271020989746));
#6381=CARTESIAN_POINT('',(0.0264911433656455,0.223238198530785,0.0119590026709282));
#6382=CARTESIAN_POINT('',(0.0259398281246381,0.2390393318682,0.0124094746597773));
#6383=CARTESIAN_POINT('',(0.0250130294067151,0.266689578459168,0.0132819852546591));
#6384=CARTESIAN_POINT('',(0.0243208290181106,0.289072115603121,0.0140662576041535));
#6385=CARTESIAN_POINT('',(0.0238492194863029,0.304871730167734,0.0146271603662736));
#6386=CARTESIAN_POINT('',(0.0270781111334085,0.115128403568723,0.0131893027111609));
#6387=CARTESIAN_POINT('',(0.0273390643278247,0.12302976079123,0.0133558269084966));
#6388=CARTESIAN_POINT('',(0.0277611717970795,0.134883518054573,0.0135496947392442));
#6389=CARTESIAN_POINT('',(0.0282496043801788,0.150038440776994,0.0136219760016362));
#6390=CARTESIAN_POINT('',(0.0285137385238441,0.159924594547044,0.0136149754070429));
#6391=CARTESIAN_POINT('',(0.0286786017639442,0.16783411139733,0.0135896273838058));
#6392=CARTESIAN_POINT('',(0.0287792687512517,0.174426024554042,0.0135694400215478));
#6393=CARTESIAN_POINT('',(0.0288512905720685,0.181018175337893,0.0135655317858289));
#6394=CARTESIAN_POINT('',(0.0289132947206229,0.188927820042544,0.0135958721293969));
#6395=CARTESIAN_POINT('',(0.0289740342047917,0.198812408625905,0.0136895282373908));
#6396=CARTESIAN_POINT('',(0.0290381807251338,0.210012612028898,0.013868856901869));
#6397=CARTESIAN_POINT('',(0.0291353811305753,0.223187139646231,0.0141585489280177));
#6398=CARTESIAN_POINT('',(0.0292976959694272,0.238994167272933,0.0145810751412988));
#6399=CARTESIAN_POINT('',(0.0296773624040818,0.266652742020915,0.015409504026924));
#6400=CARTESIAN_POINT('',(0.0300841474429627,0.289039603697498,0.0161388526992559));
#6401=CARTESIAN_POINT('',(0.0303854424175998,0.304841718437317,0.0166520411902066));
#6402=CARTESIAN_POINT('',(0.0252111700314192,0.115094277839372,0.0151471448203151));
#6403=CARTESIAN_POINT('',(0.025762080766027,0.122991453182712,0.0152576319825563));
#6404=CARTESIAN_POINT('',(0.0266264791093467,0.134835144949516,0.0153974958515304));
#6405=CARTESIAN_POINT('',(0.0277667224563768,0.149974229799486,0.0153158525192138));
#6406=CARTESIAN_POINT('',(0.0284531857079065,0.159856004297637,0.0151129065804108));
#6407=CARTESIAN_POINT('',(0.02890374016254,0.167768843976271,0.01489812473033));
#6408=CARTESIAN_POINT('',(0.0292177750167437,0.174365077095474,0.0147289356769953));
#6409=CARTESIAN_POINT('',(0.0294878522763657,0.180962017983343,0.0145818446060121));
#6410=CARTESIAN_POINT('',(0.0297576104443837,0.188879476838487,0.0144586834864166));
#6411=CARTESIAN_POINT('',(0.0300632945135084,0.19877615245731,0.0144345591873195));
#6412=CARTESIAN_POINT('',(0.0304634627701152,0.209987469518292,0.014554039618635));
#6413=CARTESIAN_POINT('',(0.0310245994715721,0.223170686257496,0.0147873804915705));
#6414=CARTESIAN_POINT('',(0.0317919041214419,0.238984016474287,0.015125203902979));
#6415=CARTESIAN_POINT('',(0.0332597908067575,0.266648837707578,0.0157581851486769));
#6416=CARTESIAN_POINT('',(0.0345475039742911,0.289037458073152,0.0162888186267752));
#6417=CARTESIAN_POINT('',(0.0354635274227994,0.304840744658404,0.0166597922302282));
#6418=CARTESIAN_POINT('',(0.0239723228676171,0.115083554324864,0.0162619311905585));
#6419=CARTESIAN_POINT('',(0.0246990738637783,0.122979593943147,0.0163184846393826));
#6420=CARTESIAN_POINT('',(0.0258156731660802,0.134821579402551,0.0163915680689969));
#6421=CARTESIAN_POINT('',(0.0273276235165774,0.149949141899204,0.0162508329467367));
#6422=CARTESIAN_POINT('',(0.0283182962208384,0.15981739152867,0.0159607124690098));
#6423=CARTESIAN_POINT('',(0.0290017876276626,0.16772386628245,0.0155442383998122));
#6424=CARTESIAN_POINT('',(0.0294201009095597,0.174325981195346,0.0151570282866428));
#6425=CARTESIAN_POINT('',(0.0297225696602303,0.180936922667365,0.0148386225118571));
#6426=CARTESIAN_POINT('',(0.0300305229168374,0.188872202597089,0.0146317995593529));
#6427=CARTESIAN_POINT('',(0.030500107139138,0.198780900491756,0.0145991357422559));
#6428=CARTESIAN_POINT('',(0.0311744674092214,0.209996850576391,0.0146925317172704));
#6429=CARTESIAN_POINT('',(0.032082008036959,0.223181614738485,0.0148583732443425));
#6430=CARTESIAN_POINT('',(0.0332640421998432,0.238995067137084,0.0150845704377104));
#6431=CARTESIAN_POINT('',(0.0354382297378396,0.266659476703667,0.015493406971935));
#6432=CARTESIAN_POINT('',(0.0372777850306452,0.289047714357946,0.0158262845515448));
#6433=CARTESIAN_POINT('',(0.0385805948674755,0.304850851312575,0.0160585123166993));
#6434=CARTESIAN_POINT('',(0.0385763095660616,0.304800000122179,0.0160577802518161));
#6435=CARTESIAN_POINT('',(0.0372552421890061,0.289124006037007,0.0158321101126557));
#6436=CARTESIAN_POINT('',(0.0352804517717233,0.265609407166966,0.0154915994345135));
#6437=CARTESIAN_POINT('',(0.0327158193684683,0.234251433670849,0.0150189242826365));
#6438=CARTESIAN_POINT('',(0.0308568754989742,0.210727552869274,0.0146464615180441));
#6439=CARTESIAN_POINT('',(0.0293144002843815,0.187182602691792,0.0141880366389256));
#6440=CARTESIAN_POINT('',(0.0285090649488227,0.163604530313737,0.0135138350636331));
#6441=CARTESIAN_POINT('',(0.0281555486839988,0.140026606498285,0.0126930600721713));
#6442=CARTESIAN_POINT('',(0.0281222194595362,0.124307895068705,0.0120846018540775));
#6443=CARTESIAN_POINT('',(0.0281428328296713,0.116448419739609,0.0117719488405177));
#6444=CARTESIAN_POINT('',(0.0281428328296713,0.116448419739609,0.0117719488405177));
#6445=CARTESIAN_POINT('',(0.0281428328296713,0.116448419739609,0.0117719488405177));
#6446=CARTESIAN_POINT('',(0.0281422597332476,0.116431716145132,0.0117721131732728));
#6447=CARTESIAN_POINT('',(0.0281416859948391,0.116415012574519,0.011772277690114));
#6448=CARTESIAN_POINT('',(0.0281411116138025,0.116398309027794,0.0117724423912259));
#6449=CARTESIAN_POINT('',(0.0281411116138025,0.116398309027794,0.011772442391226));
#6450=CARTESIAN_POINT('',(0.0293317428944125,0.116416666666669,0.0100739790734176));
#6451=CARTESIAN_POINT('',(0.0289513440613002,0.116410404956276,0.0106509635008878));
#6452=CARTESIAN_POINT('',(0.0285541626203941,0.116404210620588,0.0112183581226793));
#6453=CARTESIAN_POINT('',(0.0281411116138025,0.116398309027795,0.011772442391226));
#6454=CARTESIAN_POINT('',(0.029331742894424,0.116416666665791,0.0100739790734));
#6455=CARTESIAN_POINT('',(0.0293317428944125,0.11641666666667,0.0100739790734176));
#6456=CARTESIAN_POINT('',(0.0303721619979267,0.116433804265835,0.00849588374683939));
#6457=CARTESIAN_POINT('',(0.0322233807303807,0.116468821569242,0.00518065031662889));
#6458=CARTESIAN_POINT('',(0.0336148051119722,0.116496099799728,0.00166395704541572));
#6459=CARTESIAN_POINT('',(0.0342617134510087,0.116505997365246,-0.000113409008543498));
#6460=CARTESIAN_POINT('',(0.0223794313239946,0.11531644384978,0.0133808961316238));
#6461=CARTESIAN_POINT('',(0.0250880175663077,0.147118044733515,0.0138317951931977));
#6462=CARTESIAN_POINT('',(0.0289290053949989,0.192170001658596,0.0144696691179686));
#6463=CARTESIAN_POINT('',(0.0343675378527383,0.255771450186789,0.0153675658306027));
#6464=CARTESIAN_POINT('',(0.0370946819951973,0.287571522259676,0.0158154642089886));
#6465=CARTESIAN_POINT('',(0.0386898323500408,0.306121203837946,0.0160763817638535));
#6466=CARTESIAN_POINT('',(0.0275166831283942,0.115319024980771,0.0119060265580072));
#6467=CARTESIAN_POINT('',(0.0298830212162659,0.147122456104918,0.0125069737502098));
#6468=CARTESIAN_POINT('',(0.0332337030646858,0.192177483406309,0.0133583797746948));
#6469=CARTESIAN_POINT('',(0.037957354648044,0.255785379662589,0.0145590362018521));
#6470=CARTESIAN_POINT('',(0.0403159914472096,0.287589748773287,0.0151581947954542));
#6471=CARTESIAN_POINT('',(0.0416900817692749,0.30614255824326,0.0155064050870211));
#6472=CARTESIAN_POINT('',(0.0363245543968632,0.115314053414399,0.00938367647850212));
#6473=CARTESIAN_POINT('',(0.0380694286290482,0.147119477768771,0.0100669279305522));
#6474=CARTESIAN_POINT('',(0.0405320169131038,0.192177767635188,0.0110384174028329));
#6475=CARTESIAN_POINT('',(0.0439681295338092,0.255791743882467,0.0124274311914125));
#6476=CARTESIAN_POINT('',(0.0456652653906433,0.287599796299118,0.0131318132356285));
#6477=CARTESIAN_POINT('',(0.0466432276357995,0.306155013100239,0.0135501204680978));
#6478=CARTESIAN_POINT('',(0.0488103611593148,0.115285263354531,0.0058231639975628));
#6479=CARTESIAN_POINT('',(0.0494530211580656,0.147090130088674,0.00625917223441599));
#6480=CARTESIAN_POINT('',(0.0503368026063271,0.192147588678414,0.00689082809680711));
#6481=CARTESIAN_POINT('',(0.0515095450193177,0.255758697841541,0.0078741868798787));
#6482=CARTESIAN_POINT('',(0.0520704920041793,0.287564069694549,0.00841550200374138));
#6483=CARTESIAN_POINT('',(0.0523948729673624,0.306116672509627,0.00875753273486726));
#6484=CARTESIAN_POINT('',(0.0587330017102723,0.115249580132552,0.00300311346211938));
#6485=CARTESIAN_POINT('',(0.0582999380004353,0.147051477907649,0.00304873080950456));
#6486=CARTESIAN_POINT('',(0.0576393136503903,0.19210401251255,0.00313797217188345));
#6487=CARTESIAN_POINT('',(0.0566135732316742,0.255706128872328,0.00344368695139904));
#6488=CARTESIAN_POINT('',(0.0560916661261834,0.287506253524587,0.00368978565838428));
#6489=CARTESIAN_POINT('',(0.0558095952433687,0.306056205331472,0.00386562237028315));
#6490=CARTESIAN_POINT('',(0.0662728191853076,0.115215836696384,0.000865839044915612));
#6491=CARTESIAN_POINT('',(0.0648666676974169,0.147013783615362,0.000529396183537207));
#6492=CARTESIAN_POINT('',(0.0628022401728401,0.192058479178905,8.33317986413007E-05));
#6493=CARTESIAN_POINT('',(0.0597850431680721,0.255650131019258,-0.000254873419835433));
#6494=CARTESIAN_POINT('',(0.0583117862070812,0.287448564177607,-0.000293362643233663));
#6495=CARTESIAN_POINT('',(0.0575010534356815,0.305999686896937,-0.000299978747572193));
#6496=CARTESIAN_POINT('',(0.0707806521291192,0.115193769229607,-0.000410170184594006));
#6497=CARTESIAN_POINT('',(0.0687324532409107,0.146988897204721,-0.000995384291915286));
#6498=CARTESIAN_POINT('',(0.0657430740455441,0.192027441966788,-0.00179225452213096));
#6499=CARTESIAN_POINT('',(0.0614161621954692,0.255611932209423,-0.00255557672958768));
#6500=CARTESIAN_POINT('',(0.0593204197450557,0.287410993148308,-0.00278868140331241));
#6501=CARTESIAN_POINT('',(0.0581595452304425,0.30596414291868,-0.00292370199431581));
#6502=CARTESIAN_POINT('',(0.0730352076357468,0.11518233245255,-0.00104793984930101));
#6503=CARTESIAN_POINT('',(0.0706496312064464,0.146975917393133,-0.00176076705724111));
#6504=CARTESIAN_POINT('',(0.0671720666379258,0.192010701124665,-0.00273869615692378));
#6505=CARTESIAN_POINT('',(0.0621538225690265,0.255591337213245,-0.00370901838487397));
#6506=CARTESIAN_POINT('',(0.0597366357012351,0.287391862145323,-0.00403658208273962));
#6507=CARTESIAN_POINT('',(0.0583947163557298,0.305946701369687,-0.0042385567120024));
#6508=CARTESIAN_POINT('',(0.0743236759085244,0.115175695157483,-0.00141231249880653));
#6509=CARTESIAN_POINT('',(0.0717413431323787,0.146968400675648,-0.00219906159046472));
#6510=CARTESIAN_POINT('',(0.0679805275537133,0.192001059283914,-0.00328195117165867));
#6511=CARTESIAN_POINT('',(0.0625615932642601,0.255579499275643,-0.00437877506317036));
#6512=CARTESIAN_POINT('',(0.0599550353742072,0.287380797656102,-0.0047659776306709));
#6513=CARTESIAN_POINT('',(0.0585052369867724,0.305936537548155,-0.00500818117212955));
#6514=CARTESIAN_POINT('',(0.0749679930469128,0.115172342470637,-0.00159448391918263));
#6515=CARTESIAN_POINT('',(0.0722852388555908,0.146964574629157,-0.00241819769071716));
#6516=CARTESIAN_POINT('',(0.0683783457866383,0.191995956948199,-0.00355387274175985));
#6517=CARTESIAN_POINT('',(0.062752456498726,0.2555732272852,-0.0047065987401227));
#6518=CARTESIAN_POINT('',(0.0600520216436271,0.287375312011957,-0.00511904549416003));
#6519=CARTESIAN_POINT('',(0.0585493614680869,0.305931732838941,-0.00538076518762244));
#6520=CARTESIAN_POINT('',(0.0752901257516074,0.115170660847831,-0.00168555703281111));
#6521=CARTESIAN_POINT('',(0.0725576770101425,0.146962698715621,-0.0025281650141183));
#6522=CARTESIAN_POINT('',(0.0685809662668563,0.191993706232449,-0.00369051240218153));
#6523=CARTESIAN_POINT('',(0.0628567262080144,0.255570481943944,-0.0048837152153506));
#6524=CARTESIAN_POINT('',(0.0601056691040776,0.287372465109505,-0.00531689099826027));
#6525=CARTESIAN_POINT('',(0.0585731553732822,0.305928921420725,-0.00558999623204092));
#6526=CARTESIAN_POINT('',(0.0586531092039695,0.304660822022197,-0.00537056622580881));
#6527=CARTESIAN_POINT('',(0.0611700336619225,0.273289660196718,-0.00464697433724626));
#6528=CARTESIAN_POINT('',(0.0660793846498789,0.210535329653079,-0.00328847129272336));
#6529=CARTESIAN_POINT('',(0.0707755833761038,0.147766551099747,-0.00185065069576343));
#6530=CARTESIAN_POINT('',(0.0730958441201482,0.116380435674298,-0.00111811972299011));
#6531=CARTESIAN_POINT('',(0.0730958441201482,0.116380435674298,-0.00111811972299012));
#6532=CARTESIAN_POINT('',(0.0586531092039695,0.304660822022197,-0.00537056622580881));
#6533=CARTESIAN_POINT('',(0.0573404399657299,0.116416666666669,0.00339966971905449));
#6534=CARTESIAN_POINT('',(0.0625922450397936,0.116406397993308,0.00189373884716203));
#6535=CARTESIAN_POINT('',(0.0678440461807026,0.11639403996922,0.000387809103083512));
#6536=CARTESIAN_POINT('',(0.0730958441201482,0.116380435674298,-0.00111811972299012));
#6537=CARTESIAN_POINT('',(0.0573404399657299,0.116416666666666,0.00339966971905448));
#6538=CARTESIAN_POINT('',(0.0573404399657299,0.116416666666668,0.00339966971905448));
#6539=CARTESIAN_POINT('',(0.0476079149598867,0.11643564414855,0.00619042635626223));
#6540=CARTESIAN_POINT('',(0.0378753742997073,0.116447119555309,0.00898118748227866));
#6541=CARTESIAN_POINT('',(0.0281428328296713,0.116448419739609,0.0117719488405177));
#6542=CARTESIAN_POINT('',(0.0586531092039683,0.304660822022216,-0.00537056622581185));
#6543=CARTESIAN_POINT('',(0.0586493913144536,0.304707162198951,-0.00537163513942564));
#6544=CARTESIAN_POINT('',(0.0586456733102406,0.304753502365589,-0.00537270409179607));
#6545=CARTESIAN_POINT('',(0.0586419552019908,0.304799842521053,-0.00537377316673431));
#6546=CARTESIAN_POINT('',(0.0738424889356327,0.116306690620466,0.000814429528763483));
#6547=CARTESIAN_POINT('',(0.0712630253776383,0.147909060300994,-0.000165627702851978));
#6548=CARTESIAN_POINT('',(0.0661195736027446,0.211114077831429,-0.00216086055110152));
#6549=CARTESIAN_POINT('',(0.0610441387595206,0.274323437175623,-0.00419677693014091));
#6550=CARTESIAN_POINT('',(0.0585269386176187,0.30592987897979,-0.00521052029187841));
#6551=CARTESIAN_POINT('',(0.0737607721927449,0.116307561893538,0.000601708377591761));
#6552=CARTESIAN_POINT('',(0.0711991248516109,0.147909923852834,-0.000377590923941054));
#6553=CARTESIAN_POINT('',(0.0660914773185378,0.211114919861033,-0.00237175879804468));
#6554=CARTESIAN_POINT('',(0.0610528150834599,0.274324289431501,-0.00440688304084555));
#6555=CARTESIAN_POINT('',(0.0585542331010295,0.305930748688632,-0.00542001154768906));
#6556=CARTESIAN_POINT('',(0.073597340945832,0.116309288789746,0.000176265215828636));
#6557=CARTESIAN_POINT('',(0.071073174243185,0.147911963363803,-0.000795888707277556));
#6558=CARTESIAN_POINT('',(0.0660392856973855,0.211117560566494,-0.00277262837607478));
#6559=CARTESIAN_POINT('',(0.0610676431543082,0.274326972956452,-0.00478849873846477));
#6560=CARTESIAN_POINT('',(0.0586009866284074,0.305933261666437,-0.0057935558078475));
#6561=CARTESIAN_POINT('',(0.0732704929053007,0.116312578875794,-0.000674626655797156));
#6562=CARTESIAN_POINT('',(0.0708165642080702,0.147915671562163,-0.00163614650891337));
#6563=CARTESIAN_POINT('',(0.0659217015851919,0.21112206356423,-0.00358810648557176));
#6564=CARTESIAN_POINT('',(0.0610814778713771,0.274331624903556,-0.00557687756963753));
#6565=CARTESIAN_POINT('',(0.0586786056054634,0.305937756236362,-0.00656996583881606));
#6566=CARTESIAN_POINT('',(0.0726985426675903,0.116317947100913,-0.00216370041849894));
#6567=CARTESIAN_POINT('',(0.07036063798707,0.147921923096079,-0.0031040457793449));
#6568=CARTESIAN_POINT('',(0.065694555833208,0.211130004134702,-0.00500608434646722));
#6569=CARTESIAN_POINT('',(0.0610666409181143,0.274339989556758,-0.00693947545653746));
#6570=CARTESIAN_POINT('',(0.0587655630681483,0.305945861674423,-0.00790800619230119));
#6571=CARTESIAN_POINT('',(0.0715547709529531,0.11632702530301,-0.00514189737053584));
#6572=CARTESIAN_POINT('',(0.0694136171553392,0.147932433850338,-0.00604459838102908));
#6573=CARTESIAN_POINT('',(0.0651362031030336,0.211143250039726,-0.00786205759949942));
#6574=CARTESIAN_POINT('',(0.0608764817817579,0.274354633535134,-0.00970139549602158));
#6575=CARTESIAN_POINT('',(0.0587530328667566,0.305960634983289,-0.0106249933571374));
#6576=CARTESIAN_POINT('',(0.0696410673559645,0.116336521815753,-0.0101259582790223));
#6577=CARTESIAN_POINT('',(0.0677194720980723,0.14794436502083,-0.0109527786615442));
#6578=CARTESIAN_POINT('',(0.0638746038643531,0.211159927418963,-0.0126071310749889));
#6579=CARTESIAN_POINT('',(0.0600238269397754,0.274374979653533,-0.0142662051728067));
#6580=CARTESIAN_POINT('',(0.0580965646189126,0.305982314922257,-0.0150983493913018));
#6581=CARTESIAN_POINT('',(0.0671211694882292,0.11633623017995,-0.0166905575845814));
#6582=CARTESIAN_POINT('',(0.0652531636321291,0.147946707610611,-0.0173621657650059));
#6583=CARTESIAN_POINT('',(0.0615179970128993,0.211167773938029,-0.0187027800697515));
#6584=CARTESIAN_POINT('',(0.0577857108475711,0.274389246696011,-0.0200355139578149));
#6585=CARTESIAN_POINT('',(0.0559203889018635,0.306000113358702,-0.020698569579922));
#6586=CARTESIAN_POINT('',(0.0646019626877988,0.116320906735239,-0.0232554221660247));
#6587=CARTESIAN_POINT('',(0.0625379483922761,0.147933469526324,-0.0236363409040793));
#6588=CARTESIAN_POINT('',(0.0584268507555157,0.21115975828444,-0.0243917410948828));
#6589=CARTESIAN_POINT('',(0.0543562353701928,0.274388459324807,-0.0251422505494936));
#6590=CARTESIAN_POINT('',(0.0523331971331496,0.306003482374257,-0.0255205370726029));
#6591=CARTESIAN_POINT('',(0.0626899126795637,0.116300306265723,-0.0282401178277625));
#6592=CARTESIAN_POINT('',(0.0603441293192749,0.147913581723381,-0.0282748108370842));
#6593=CARTESIAN_POINT('',(0.0556975698279627,0.211143629574308,-0.0283227520159359));
#6594=CARTESIAN_POINT('',(0.0511508575811517,0.274380926566107,-0.02839591676951));
#6595=CARTESIAN_POINT('',(0.0488908289669178,0.306000412401459,-0.0284570564185332));
#6596=CARTESIAN_POINT('',(0.0615476878318916,0.116285054758008,-0.0312189085663941));
#6597=CARTESIAN_POINT('',(0.0589928316719488,0.147898207754672,-0.0309964570107955));
#6598=CARTESIAN_POINT('',(0.0539467085646601,0.211129680325809,-0.0305176718028153));
#6599=CARTESIAN_POINT('',(0.0490386530687355,0.274372563967392,-0.0300886133509955));
#6600=CARTESIAN_POINT('',(0.0465941480221932,0.305994871789597,-0.0299138034326707));
#6601=CARTESIAN_POINT('',(0.0609766733149993,0.116276739835823,-0.0327083415186649));
#6602=CARTESIAN_POINT('',(0.058309052088165,0.147889718086267,-0.0323416582827854));
#6603=CARTESIAN_POINT('',(0.0530504386745787,0.211121992180694,-0.0315641686243229));
#6604=CARTESIAN_POINT('',(0.0479561479085947,0.274368887184864,-0.0308561399200445));
#6605=CARTESIAN_POINT('',(0.045413322604942,0.305993038083413,-0.0305523142615224));
#6606=CARTESIAN_POINT('',(0.060650408321501,0.116271807273115,-0.0335594572010774));
#6607=CARTESIAN_POINT('',(0.0579156272703151,0.147884613886347,-0.0331077755395593));
#6608=CARTESIAN_POINT('',(0.0525285448215043,0.211117072910768,-0.0321555229999897));
#6609=CARTESIAN_POINT('',(0.047317517289157,0.274365809301927,-0.0312818393077627));
#6610=CARTESIAN_POINT('',(0.0447137255624112,0.305990831957692,-0.0308998600819993));
#6611=CARTESIAN_POINT('',(0.0604872863366428,0.116269275101443,-0.0339850190774209));
#6612=CARTESIAN_POINT('',(0.0577185959736284,0.147882007322597,-0.0334880353181309));
#6613=CARTESIAN_POINT('',(0.052268698767863,0.21111474783332,-0.0324409135702491));
#6614=CARTESIAN_POINT('',(0.0470048075779797,0.274365054906289,-0.0314804834019231));
#6615=CARTESIAN_POINT('',(0.044372043257467,0.305990752755808,-0.031059061990347));
#6616=CARTESIAN_POINT('',(0.0604057272158031,0.116268002906975,-0.0341978007340279));
#6617=CARTESIAN_POINT('',(0.0576192226254715,0.1478806492912,-0.0336802337237434));
#6618=CARTESIAN_POINT('',(0.0521329674013235,0.211113172468752,-0.0325925503784624));
#6619=CARTESIAN_POINT('',(0.0468312779328579,0.274363283211594,-0.0315903699851925));
#6620=CARTESIAN_POINT('',(0.0441799771830905,0.305988948267677,-0.0311475064960784));
#6621=CARTESIAN_POINT('',(0.0608965835903022,0.116346012629505,-0.0329008309914291));
#6622=CARTESIAN_POINT('',(0.0608947020431321,0.116367024920818,-0.0329008309914291));
#6623=CARTESIAN_POINT('',(0.0608928204491357,0.116388037207938,-0.0329008309914291));
#6624=CARTESIAN_POINT('',(0.0608909388082801,0.116409049490862,-0.0329008309914291));
#6625=CARTESIAN_POINT('',(0.0608965835903022,0.116346012629505,-0.0329008309914291));
#6626=CARTESIAN_POINT('',(0.0730967262815686,0.116365363549573,-0.00111837267870686));
#6627=CARTESIAN_POINT('',(0.0690300134658378,0.116384465884203,-0.0117125217642175));
#6628=CARTESIAN_POINT('',(0.0649632876474462,0.116376486441779,-0.0223067047228174));
#6629=CARTESIAN_POINT('',(0.0608965835903022,0.116346012629505,-0.0329008309914291));
#6630=CARTESIAN_POINT('',(0.0730967262815686,0.116365363549573,-0.00111837267870691));
#6631=CARTESIAN_POINT('',(0.0730967262815686,0.116365363549573,-0.00111837267870691));
#6632=CARTESIAN_POINT('',(0.073096432234827,0.116370387591596,-0.00111828836216055));
#6633=CARTESIAN_POINT('',(0.0730961381810205,0.11637541163317,-0.00111820404358841));
#6634=CARTESIAN_POINT('',(0.0730958441201482,0.116380435674298,-0.00111811972299015));
#6635=CARTESIAN_POINT('',(0.198966456672807,0.276481481016503,0.000892477772140095));
#6636=CARTESIAN_POINT('',(0.194733123339474,0.276481481016503,0.000892477772140095));
#6637=CARTESIAN_POINT('',(0.194733123339474,0.276481481016503,0.00300914443880675));
#6638=CARTESIAN_POINT('',(0.0338666666666666,0.327466666666667,-0.00846666666666666));
#6639=CARTESIAN_POINT('',(0.0338666666666666,0.327466666666667,-0.00846666666666666));
#6640=CARTESIAN_POINT('',(0.0338666666666666,0.327466666666667,-0.0351333333333333));
#6641=CARTESIAN_POINT('',(0.0671192442445231,0.116416666666667,-0.0166902457678179));
#6642=CARTESIAN_POINT('',(0.0671192442445231,0.09525,-0.0166902457678179));
#6643=CARTESIAN_POINT('',(0.0730967262815686,0.09525,-0.00111837267870691));
#6644=CARTESIAN_POINT('',(0.0608965835903022,0.09525,-0.0329008309914291));
#6645=CARTESIAN_POINT('',(0.0730967262815686,0.116416666666667,-0.00111837267870691));
#6646=CARTESIAN_POINT('',(0.0608965835903022,0.116416666666667,-0.0329008309914291));
#6647=CARTESIAN_POINT('',(0.0340130595037153,0.116416666666667,-0.0329008309914291));
#6648=CARTESIAN_POINT('',(0.0340130595037153,0.09525,-0.0329008309914291));
#6649=CARTESIAN_POINT('',(0.0117622227773248,0.09525,-0.0329008309914291));
#6650=CARTESIAN_POINT('',(0.0117622227773248,0.105833333333333,-0.0329008309914291));
#6651=CARTESIAN_POINT('',(0.0117622227773247,0.116641006778524,-0.0329008309914291));
#6652=CARTESIAN_POINT('',(0.0117622227773247,0.09525,-0.0329008309914291));
#6653=CARTESIAN_POINT('',(0.0136375457386041,0.116641006778524,-0.0313830142902756));
#6654=CARTESIAN_POINT('',(0.0136375457386041,0.09525,-0.0313830142902756));
#6655=CARTESIAN_POINT('',(0.0173387997509484,0.116641006778524,-0.0276805060549651));
#6656=CARTESIAN_POINT('',(0.0173387997509484,0.09525,-0.0276805060549651));
#6657=CARTESIAN_POINT('',(0.0228767760509536,0.116641006778524,-0.0202751488223196));
#6658=CARTESIAN_POINT('',(0.0228767760509536,0.09525,-0.0202751488223196));
#6659=CARTESIAN_POINT('',(0.027554779042022,0.116641006778524,-0.0126456113303241));
#6660=CARTESIAN_POINT('',(0.027554779042022,0.09525,-0.0126456113303241));
#6661=CARTESIAN_POINT('',(0.0313587882800073,0.116641006778524,-0.00574968661030293));
#6662=CARTESIAN_POINT('',(0.0313587882800073,0.09525,-0.00574968661030293));
#6663=CARTESIAN_POINT('',(0.033295860212395,0.116641006778524,-0.00200782997307873));
#6664=CARTESIAN_POINT('',(0.033295860212395,0.09525,-0.00200782997307873));
#6665=CARTESIAN_POINT('',(0.0342614644645008,0.116641006778524,-0.000112724923735105));
#6666=CARTESIAN_POINT('',(0.0342614644645008,0.09525,-0.000112724923735105));
#6667=CARTESIAN_POINT('',(0.0117622227773248,0.09525,-0.0329008309914291));
#6668=CARTESIAN_POINT('',(0.014382910863238,0.09525,-0.0307797434628045));
#6669=CARTESIAN_POINT('',(0.0188624727438485,0.09525,-0.0258759580925115));
#6670=CARTESIAN_POINT('',(0.0245883980942352,0.09525,-0.0176223677882953));
#6671=CARTESIAN_POINT('',(0.0296480127676169,0.0952500000000001,-0.00899805156257587));
#6672=CARTESIAN_POINT('',(0.0327459259098534,0.09525,-0.00308713681258488));
#6673=CARTESIAN_POINT('',(0.0342614644645007,0.09525,-0.000112724923735226));
#6674=CARTESIAN_POINT('',(0.0342614644645007,0.09525,-0.000112724923735225));
#6675=CARTESIAN_POINT('',(0.0342614644645007,0.105833333333333,-0.000112724923735226));
#6676=CARTESIAN_POINT('',(0.0281411116138025,0.116640583940627,0.011772442391226));
#6677=CARTESIAN_POINT('',(0.0281411116138025,0.09525,0.011772442391226));
#6678=CARTESIAN_POINT('',(0.0293432663102462,0.116640583940627,0.0101598207173182));
#6679=CARTESIAN_POINT('',(0.0293432663102462,0.09525,0.0101598207173182));
#6680=CARTESIAN_POINT('',(0.0310238868083019,0.116640583940627,0.00745802177079379));
#6681=CARTESIAN_POINT('',(0.0310238868083019,0.0952500000000001,0.00745802177079379));
#6682=CARTESIAN_POINT('',(0.0329928992614746,0.116640583940627,0.00329004299362886));
#6683=CARTESIAN_POINT('',(0.0329928992614746,0.0952499999999999,0.00329004299362886));
#6684=CARTESIAN_POINT('',(0.0338748720782085,0.116640583940627,0.000949428928135564));
#6685=CARTESIAN_POINT('',(0.0338748720782085,0.09525,0.000949428928135564));
#6686=CARTESIAN_POINT('',(0.0342915341992331,0.116640583940627,-0.000195340840921287));
#6687=CARTESIAN_POINT('',(0.0342915341992331,0.09525,-0.000195340840921287));
#6688=CARTESIAN_POINT('',(0.0281411116138025,0.09525,0.011772442391226));
#6689=CARTESIAN_POINT('',(0.0294811141713224,0.09525,0.00997490570668701));
#6690=CARTESIAN_POINT('',(0.0312203213868361,0.09525,0.00709279133555423));
#6691=CARTESIAN_POINT('',(0.0330935876539602,0.09525,0.00303269038131601));
#6692=CARTESIAN_POINT('',(0.0338787429488089,0.09525,0.000938793798567501));
#6693=CARTESIAN_POINT('',(0.0342614644645007,0.09525,-0.000112724923735225));
#6694=CARTESIAN_POINT('',(0.0281411116138025,0.09525,0.011772442391226));
#6695=CARTESIAN_POINT('',(0.0281411116138025,0.105833333333333,0.011772442391226));
#6696=CARTESIAN_POINT('',(0.0486756268386935,0.116416666666667,0.00588426490169451));
#6697=CARTESIAN_POINT('',(0.0486756268386935,0.09525,0.00588426490169451));
#6698=CARTESIAN_POINT('',(0.0687001071000583,0.116416666666667,-0.0172970821623813));
#6699=CARTESIAN_POINT('',(0.0687001071000583,0.09525,-0.0172970821623813));
#6700=CARTESIAN_POINT('',(0.0753398348532491,0.09525,-1.7347234759768E-17));
#6701=CARTESIAN_POINT('',(0.0620603793468674,0.09525,-0.0345941643247624));
#6702=CARTESIAN_POINT('',(0.0620603793468674,0.116416666666667,-0.0345941643247624));
#6703=CARTESIAN_POINT('',(0.0620603793468675,0.116416666666667,-0.0345941643247624));
#6704=CARTESIAN_POINT('',(0.0687001071000583,0.116416666666667,-0.0172970821623813));
#6705=CARTESIAN_POINT('',(0.0753398348532491,0.116416666666667,-1.56125112837912E-17));
#6706=CARTESIAN_POINT('',(0.0753398348532491,0.116416666666667,-1.7347234759768E-17));
#6707=CARTESIAN_POINT('',(0.1016,0.200233333333334,0.00802666666666667));
#6708=CARTESIAN_POINT('',(0.1016,0.200233333333334,0.00802666666666667));
#6709=CARTESIAN_POINT('',(0.1016,0.200233333333334,0.013806020735848));
#6710=CARTESIAN_POINT('',(0.1016,0.200233333333334,0.00169333333333333));
#6711=CARTESIAN_POINT('',(0.1016,0.200233333333334,0.013806020735848));
#6712=CARTESIAN_POINT('',(0.095955741183258,0.200233333333334,0.0139540124783256));
#6713=CARTESIAN_POINT('',(0.0903112848908475,0.200233333333334,0.0140940728839481));
#6714=CARTESIAN_POINT('',(0.0846666666666667,0.200233333333334,0.0142276295241892));
#6715=CARTESIAN_POINT('',(0.0846666666666667,0.200233333333334,0.0142276295241892));
#6716=CARTESIAN_POINT('',(0.0846666666666667,0.200233333333334,0.00802666666666667));
#6717=CARTESIAN_POINT('',(0.0846666666666667,0.200233333333334,0.00169333333333333));
#6718=CARTESIAN_POINT('',(0.1016,0.200233333333334,0.00169333333333333));
#6719=CARTESIAN_POINT('',(0.0846666666666667,0.100116666666667,0.00718));
#6720=CARTESIAN_POINT('',(0.0846666666666667,0.1651,0.014974506824975));
#6721=CARTESIAN_POINT('',(0.0846666666666667,0.170961325672679,0.0151554968383834));
#6722=CARTESIAN_POINT('',(0.0846666666666667,0.182675073181551,0.0150593866425045));
#6723=CARTESIAN_POINT('',(0.0846666666666667,0.194382273937638,0.0145535304428656));
#6724=CARTESIAN_POINT('',(0.0846666666666667,0.200233333333334,0.0142276295241892));
#6725=CARTESIAN_POINT('',(0.0846666666666667,0.1651,0.014974506824975));
#6726=CARTESIAN_POINT('',(0.0846666666666667,0.1651,0.00802666666666667));
#6727=CARTESIAN_POINT('',(0.0846666666666667,0.1651,0.00169333333333333));
#6728=CARTESIAN_POINT('',(0.0846666666666667,0.182666666666667,0.00169333333333333));
#6729=CARTESIAN_POINT('',(0.1016,0.100116666666667,0.00718));
#6730=CARTESIAN_POINT('',(0.1016,0.165160720786189,0.00169333333333333));
#6731=CARTESIAN_POINT('',(0.1016,0.165140478810135,0.00169853234298872));
#6732=CARTESIAN_POINT('',(0.1016,0.16512023854474,0.0017037380038842));
#6733=CARTESIAN_POINT('',(0.1016,0.1651,0.00170895035488618));
#6734=CARTESIAN_POINT('',(0.1016,0.165160720786189,0.00169333333333333));
#6735=CARTESIAN_POINT('',(0.1016,0.1651,0.00170895035488618));
#6736=CARTESIAN_POINT('',(0.1016,0.1651,0.00802666666666667));
#6737=CARTESIAN_POINT('',(0.1016,0.1651,0.013867263966964));
#6738=CARTESIAN_POINT('',(0.1016,0.1651,0.013867263966964));
#6739=CARTESIAN_POINT('',(0.1016,0.168028189906757,0.0140985859175944));
#6740=CARTESIAN_POINT('',(0.1016,0.17388417755741,0.0143362582056074));
#6741=CARTESIAN_POINT('',(0.1016,0.185595387647708,0.0143726250708174));
#6742=CARTESIAN_POINT('',(0.1016,0.19437823787542,0.0140801716212566));
#6743=CARTESIAN_POINT('',(0.1016,0.200233333333334,0.013806020735848));
#6744=CARTESIAN_POINT('',(0.1016,0.182666666666667,0.00169333333333333));
#6745=CARTESIAN_POINT('',(0.1016,0.182666666666667,0.00169333333333333));
#6746=CARTESIAN_POINT('',(0.1016,0.165160720786189,0.00169333333333328));
#6747=CARTESIAN_POINT('',(0.101549075873392,0.16514048158662,0.00169333333333328));
#6748=CARTESIAN_POINT('',(0.101498152169412,0.165120241323736,0.00169333333333333));
#6749=CARTESIAN_POINT('',(0.101447228887081,0.1651,0.00169333333333333));
#6750=CARTESIAN_POINT('',(0.101447228887081,0.1651,0.00169333333333333));
#6751=CARTESIAN_POINT('',(0.1016,0.1651,0.00169333333333333));
#6752=CARTESIAN_POINT('',(0.1016,0.1651,0.00802666666666667));
#6753=CARTESIAN_POINT('',(0.1016,0.1651,0.0138672639669645));
#6754=CARTESIAN_POINT('',(0.0959596566373469,0.1651,0.0142963516923951));
#6755=CARTESIAN_POINT('',(0.0903141278931213,0.1651,0.0146528997915639));
#6756=CARTESIAN_POINT('',(0.0846666666666667,0.1651,0.014974506824975));
#6757=CARTESIAN_POINT('',(0.101447228887081,0.1651,0.00169333333333333));
#6758=CARTESIAN_POINT('',(0.101498153227616,0.1651,0.00169853278337256));
#6759=CARTESIAN_POINT('',(0.101549076933418,0.1651,0.00170373844259638));
#6760=CARTESIAN_POINT('',(0.1016,0.1651,0.00170895035488618));
#6761=CARTESIAN_POINT('',(0.254,0.26122654259266,0.00299520645747249));
#6762=CARTESIAN_POINT('',(0.254,0.311088454275786,0.000718984645141217));
#6763=CARTESIAN_POINT('',(0.254,0.312179837671775,0.000235739160153017));
#6764=CARTESIAN_POINT('',(0.254,0.312591867883802,-0.000204086319837244));
#6765=CARTESIAN_POINT('',(0.254,0.312669876183318,-0.000594455881405892));
#6766=CARTESIAN_POINT('',(0.254,0.312310883936553,-0.000920508033873035));
#6767=CARTESIAN_POINT('',(0.254,0.311866733693896,-0.00115478517800575));
#6768=CARTESIAN_POINT('',(0.254,0.311348762549111,-0.00135878576693567));
#6769=CARTESIAN_POINT('',(0.254,0.310710495249991,-0.00155288052947345));
#6770=CARTESIAN_POINT('',(0.254,0.309623677091648,-0.00182202758192627));
#6771=CARTESIAN_POINT('',(0.254,0.30797810494801,-0.00212501204270915));
#6772=CARTESIAN_POINT('',(0.254,0.304667513905532,-0.00258208723804082));
#6773=CARTESIAN_POINT('',(0.254,0.299617228830997,-0.00303090415054113));
#6774=CARTESIAN_POINT('',(0.254,0.292638009927379,-0.00341267013734131));
#6775=CARTESIAN_POINT('',(0.254,0.284645052344601,-0.00364308439015153));
#6776=CARTESIAN_POINT('',(0.254,0.275927470861588,-0.00370934342400065));
#6777=CARTESIAN_POINT('',(0.254,0.266773936274904,-0.00359712702157694));
#6778=CARTESIAN_POINT('',(0.254,0.257473551426676,-0.00329442536195933));
#6779=CARTESIAN_POINT('',(0.254,0.248315227121841,-0.00278983307507424));
#6780=CARTESIAN_POINT('',(0.254,0.239587020801993,-0.00207333254853558));
#6781=CARTESIAN_POINT('',(0.254,0.231576610947742,-0.00113636335148954));
#6782=CARTESIAN_POINT('',(0.254,0.225489732008329,-0.000128312911895975));
#6783=CARTESIAN_POINT('',(0.254,0.221204903213517,0.000837097819766536));
#6784=CARTESIAN_POINT('',(0.254,0.218476755894508,0.00157261579661102));
#6785=CARTESIAN_POINT('',(0.254,0.216113635086807,0.00233554601239425));
#6786=CARTESIAN_POINT('',(0.254,0.214137603796499,0.00311144510856988));
#6787=CARTESIAN_POINT('',(0.254,0.212564780161542,0.00388109270989187));
#6788=CARTESIAN_POINT('',(0.254,0.211415828784997,0.00463977038934547));
#6789=CARTESIAN_POINT('',(0.254,0.210669320851926,0.00536540464300919));
#6790=CARTESIAN_POINT('',(0.254,0.21042448788721,0.00606506800950277));
#6791=CARTESIAN_POINT('',(0.254,0.210565977979898,0.00654086663029482));
#6792=CARTESIAN_POINT('',(0.254,0.210806781099466,0.00686109704483413));
#6793=CARTESIAN_POINT('',(0.254,0.211174639461466,0.0071531718292653));
#6794=CARTESIAN_POINT('',(0.254,0.211672329260408,0.00742182133866885));
#6795=CARTESIAN_POINT('',(0.254,0.212302469675941,0.00766734850874044));
#6796=CARTESIAN_POINT('',(0.254,0.213400626901002,0.00798540306725501));
#6797=CARTESIAN_POINT('',(0.254,0.216041344581621,0.00847613390878431));
#6798=CARTESIAN_POINT('',(0.254,0.220745928580405,0.00884788205749087));
#6799=CARTESIAN_POINT('',(0.254,0.227525154511233,0.009001621534949));
#6800=CARTESIAN_POINT('',(0.254,0.235579103890282,0.00888779422004579));
#6801=CARTESIAN_POINT('',(0.254,0.244568753206912,0.0085397889275587));
#6802=CARTESIAN_POINT('',(0.254,0.254156357655566,0.00798516312169424));
#6803=CARTESIAN_POINT('',(0.254,0.264002014717679,0.00725746504710734));
#6804=CARTESIAN_POINT('',(0.254,0.272212722930535,0.00652840494789663));
#6805=CARTESIAN_POINT('',(0.254,0.278654157089233,0.00588226277457407));
#6806=CARTESIAN_POINT('',(0.254,0.283298233242886,0.00537850507704798));
#6807=CARTESIAN_POINT('',(0.254,0.287746292788623,0.00485739943270123));
#6808=CARTESIAN_POINT('',(0.254,0.291969582335477,0.00432100710527114));
#6809=CARTESIAN_POINT('',(0.254,0.295905189131071,0.00377732513389214));
#6810=CARTESIAN_POINT('',(0.254,0.299738624002846,0.00319546128761223));
#6811=CARTESIAN_POINT('',(0.254,0.303344023571369,0.00258402580955927));
#6812=CARTESIAN_POINT('',(0.254,0.306615525434511,0.00193556663713658));
#6813=CARTESIAN_POINT('',(0.254,0.309224432505086,0.00131622261365495));
#6814=CARTESIAN_POINT('',(0.254,0.311088454275786,0.000718984645141217));
#6815=CARTESIAN_POINT('',(0.254,0.312179837671775,0.000235739160153017));
#6816=CARTESIAN_POINT('',(0.254,0.312591867883802,-0.000204086319837244));
#6817=CARTESIAN_POINT('',(0.254,0.312389631005914,-1.87438257110049E-10));
#6818=CARTESIAN_POINT('',(0.194733123339474,0.296333858317982,0.0169333333333334));
#6819=CARTESIAN_POINT('',(0.194733123339474,0.270933858317982,0.0169333333333334));
#6820=CARTESIAN_POINT('',(0.194733123339474,0.270933858317982,-0.00418034537612344));
#6821=CARTESIAN_POINT('',(0.194733123339474,0.270933858317982,0.00686996560878559));
#6822=CARTESIAN_POINT('',(0.194733123339474,0.270933858317982,0.00686996560878562));
#6823=CARTESIAN_POINT('',(0.194733123339474,0.272364255419978,0.00670698094132034));
#6824=CARTESIAN_POINT('',(0.194733123339474,0.275223493171211,0.00636974279111993));
#6825=CARTESIAN_POINT('',(0.194733123339474,0.27950707810008,0.00582569384042786));
#6826=CARTESIAN_POINT('',(0.194733123339474,0.283784464385833,0.00523681038360523));
#6827=CARTESIAN_POINT('',(0.194733123339474,0.288054197987688,0.0045923063491548));
#6828=CARTESIAN_POINT('',(0.194733123339474,0.291603782781761,0.00399410060468912));
#6829=CARTESIAN_POINT('',(0.194733123339474,0.294436011857268,0.00346026074652073));
#6830=CARTESIAN_POINT('',(0.194733123339474,0.296551991604308,0.00302377238423162));
#6831=CARTESIAN_POINT('',(0.194733123339474,0.298305908417006,0.00261850513591387));
#6832=CARTESIAN_POINT('',(0.194733123339474,0.299700775752225,0.00225437940111586));
#6833=CARTESIAN_POINT('',(0.194733123339474,0.30073930220451,0.00195423927960605));
#6834=CARTESIAN_POINT('',(0.194733123339474,0.301764113038034,0.00161676824247521));
#6835=CARTESIAN_POINT('',(0.194733123339474,0.302603980886014,0.00128766973028273));
#6836=CARTESIAN_POINT('',(0.194733123339474,0.303254021006316,0.000973586912904377));
#6837=CARTESIAN_POINT('',(0.194733123339474,0.303720263520287,0.000698287936433412));
#6838=CARTESIAN_POINT('',(0.194733123339474,0.304144845042503,0.000366927103649416));
#6839=CARTESIAN_POINT('',(0.194733123339474,0.304469700193107,-0.000124951739686339));
#6840=CARTESIAN_POINT('',(0.194733123339474,0.304249734356611,-0.000675680402095435));
#6841=CARTESIAN_POINT('',(0.194733123339474,0.30380704726663,-0.00100256753082442));
#6842=CARTESIAN_POINT('',(0.194733123339474,0.303334525332937,-0.00125625106953626));
#6843=CARTESIAN_POINT('',(0.194733123339474,0.302669964865545,-0.00152829579236855));
#6844=CARTESIAN_POINT('',(0.194733123339474,0.301811455491436,-0.00179568744714484));
#6845=CARTESIAN_POINT('',(0.194733123339474,0.300773017492237,-0.00205077688459327));
#6846=CARTESIAN_POINT('',(0.194733123339474,0.299725123473052,-0.00226498942285704));
#6847=CARTESIAN_POINT('',(0.194733123339474,0.298320629022298,-0.00251125360170881));
#6848=CARTESIAN_POINT('',(0.194733123339474,0.296553608322415,-0.00276533639816668));
#6849=CARTESIAN_POINT('',(0.194733123339474,0.29442479055156,-0.0030151822214689));
#6850=CARTESIAN_POINT('',(0.194733123339474,0.29158518457799,-0.00329409267984377));
#6851=CARTESIAN_POINT('',(0.194733123339474,0.288030913210626,-0.00356593025524634));
#6852=CARTESIAN_POINT('',(0.194733123339474,0.283761514332627,-0.00380850620864641));
#6853=CARTESIAN_POINT('',(0.194733123339474,0.279488531251016,-0.00398621313544882));
#6854=CARTESIAN_POINT('',(0.194733123339474,0.275212659649309,-0.00411026834836111));
#6855=CARTESIAN_POINT('',(0.194733123339474,0.272360381517625,-0.00416171796256985));
#6856=CARTESIAN_POINT('',(0.194733123339474,0.270933858317982,-0.00418034537612344));
#6857=CARTESIAN_POINT('',(0.0677331233394738,0.296333858317982,0.0169333333333334));
#6858=CARTESIAN_POINT('',(0.0677331233394738,0.270933858317982,0.0169333333333334));
#6859=CARTESIAN_POINT('',(0.0677331233394738,0.270933858317973,-0.00565100883253427));
#6860=CARTESIAN_POINT('',(0.0677331233394738,0.270933858317983,0.00716303209628254));
#6861=CARTESIAN_POINT('',(0.0677331233394738,0.270933858317983,0.00716303209628251));
#6862=CARTESIAN_POINT('',(0.0677331233394738,0.272139713674158,0.00697208164567878));
#6863=CARTESIAN_POINT('',(0.0677331233394738,0.274549279819069,0.00657950565765063));
#6864=CARTESIAN_POINT('',(0.0677331233394738,0.278155938061214,0.00595237864394834));
#6865=CARTESIAN_POINT('',(0.0677331233394738,0.281753255377302,0.00527871921669008));
#6866=CARTESIAN_POINT('',(0.0677331233394738,0.285338603867973,0.00454566175813353));
#6867=CARTESIAN_POINT('',(0.0677331233394738,0.288313106377517,0.00386812913468944));
#6868=CARTESIAN_POINT('',(0.0677331233394738,0.290680271746944,0.00326537602991671));
#6869=CARTESIAN_POINT('',(0.0677331233394738,0.292448183464901,0.00277298550267884));
#6870=CARTESIAN_POINT('',(0.0677331233394738,0.294197513847768,0.00222669068481214));
#6871=CARTESIAN_POINT('',(0.0677331233394738,0.295631272430587,0.00170547242287435));
#6872=CARTESIAN_POINT('',(0.0677331233394738,0.296755436065833,0.00121302631445461));
#6873=CARTESIAN_POINT('',(0.0677331233394738,0.297569087358381,0.000789131143374451));
#6874=CARTESIAN_POINT('',(0.0677331233394738,0.298209790868755,0.000356364201924765));
#6875=CARTESIAN_POINT('',(0.0677331233394738,0.298634290983861,-8.49044560054201E-05));
#6876=CARTESIAN_POINT('',(0.0677331233394738,0.298857359558247,-0.000507152485157316));
#6877=CARTESIAN_POINT('',(0.0677331233394738,0.298796076222229,-0.000984685509805101));
#6878=CARTESIAN_POINT('',(0.0677331233394738,0.29850022224275,-0.00135351422724448));
#6879=CARTESIAN_POINT('',(0.0677331233394738,0.298141392440372,-0.00163529314796611));
#6880=CARTESIAN_POINT('',(0.0677331233394738,0.297616388501131,-0.001946275774731));
#6881=CARTESIAN_POINT('',(0.0677331233394738,0.296919613836214,-0.00225359952510798));
#6882=CARTESIAN_POINT('',(0.0677331233394738,0.295780954839054,-0.00265151671835657));
#6883=CARTESIAN_POINT('',(0.0677331233394738,0.294318349545134,-0.00304364333961927));
#6884=CARTESIAN_POINT('',(0.0677331233394738,0.292541756521388,-0.00342425293196531));
#6885=CARTESIAN_POINT('',(0.0677331233394738,0.290759198076021,-0.00374405102149076));
#6886=CARTESIAN_POINT('',(0.0677331233394738,0.288373837022079,-0.00411371758496797));
#6887=CARTESIAN_POINT('',(0.0677331233394738,0.285381332123074,-0.00449520394623387));
#6888=CARTESIAN_POINT('',(0.0677331233394738,0.281778709102363,-0.0048684020876646));
#6889=CARTESIAN_POINT('',(0.0677331233394738,0.278167024332325,-0.0051784515071793));
#6890=CARTESIAN_POINT('',(0.0677331233394738,0.274552112819162,-0.00543840395732913));
#6891=CARTESIAN_POINT('',(0.0677331233394738,0.272140212332606,-0.00558408270851414));
#6892=CARTESIAN_POINT('',(0.0677331233394738,0.270933858317973,-0.00565100883253428));
#6893=CARTESIAN_POINT('',(0.131233123339474,0.270933858317982,0.0169333333333334));
#6894=CARTESIAN_POINT('',(0.194733123339474,0.270933858317982,0.00686996560878562));
#6895=CARTESIAN_POINT('',(0.152399954485791,0.270933858317982,0.0070250829684702));
#6896=CARTESIAN_POINT('',(0.11006647266049,0.270933858317982,0.0070698198789229));
#6897=CARTESIAN_POINT('',(0.0677331233394738,0.270933858317982,0.00716303209628257));
#6898=CARTESIAN_POINT('',(0.0677331233394738,0.270933858317982,-0.00565100883253378));
#6899=CARTESIAN_POINT('',(0.110065799150654,0.270933858317982,-0.0051057769294246));
#6900=CARTESIAN_POINT('',(0.152399066890335,0.270933858317982,-0.00460497915792148));
#6901=CARTESIAN_POINT('',(0.194733123339474,0.270933858317982,-0.00418034537612344));
#6902=CARTESIAN_POINT('',(0.0291395582891736,0.18955716001087,0.0160709884278968));
#6903=CARTESIAN_POINT('',(0.0389000719502088,0.3048,0.0177206574112669));
#6904=CARTESIAN_POINT('',(0.0300734967499967,0.18955716001087,0.0158283499174192));
#6905=CARTESIAN_POINT('',(0.0395856546908437,0.3048,0.0175888831307506));
#6906=CARTESIAN_POINT('',(0.0310054247353023,0.18955716001087,0.0155752532414305));
#6907=CARTESIAN_POINT('',(0.0402660591771047,0.3048,0.0174301724161272));
#6908=CARTESIAN_POINT('',(0.0328636321955001,0.18955716001087,0.0150485232209443));
#6909=CARTESIAN_POINT('',(0.0416123196393363,0.3048,0.0170598559913404));
#6910=CARTESIAN_POINT('',(0.0337899112615702,0.18955716001087,0.0147748899824846));
#6911=CARTESIAN_POINT('',(0.0422781745623298,0.3048,0.0168482505542915));
#6912=CARTESIAN_POINT('',(0.0356352268552563,0.18955716001087,0.0142075933636017));
#6913=CARTESIAN_POINT('',(0.043591230261026,0.3048,0.0163734493129746));
#6914=CARTESIAN_POINT('',(0.0365542630596665,0.18955716001087,0.0139139301000497));
#6915=CARTESIAN_POINT('',(0.0442384302042679,0.3048,0.0161102538097245));
#6916=CARTESIAN_POINT('',(0.0383835437095361,0.18955716001087,0.0133072034202431));
#6917=CARTESIAN_POINT('',(0.0455101857144111,0.3048,0.0155338950594176));
#6918=CARTESIAN_POINT('',(0.0392937878419555,0.18955716001087,0.012994140145858));
#6919=CARTESIAN_POINT('',(0.0461347404750354,0.3048,0.0152207321777651));
#6920=CARTESIAN_POINT('',(0.0411039893314644,0.18955716001087,0.0123493630420383));
#6921=CARTESIAN_POINT('',(0.0473573550010039,0.3048,0.0145463693618227));
#6922=CARTESIAN_POINT('',(0.0420039463876097,0.18955716001087,0.0120176493785969));
#6923=CARTESIAN_POINT('',(0.0479554139912257,0.3048,0.0141851698550704));
#6924=CARTESIAN_POINT('',(0.0437921421295817,0.18955716001087,0.0113364360811919));
#6925=CARTESIAN_POINT('',(0.0491213497079063,0.3048,0.0134169606445011));
#6926=CARTESIAN_POINT('',(0.0446803805284157,0.18955716001087,0.0109869366363215));
#6927=CARTESIAN_POINT('',(0.0496892256951763,0.3048,0.0130099514277191));
#6928=CARTESIAN_POINT('',(0.046443779608426,0.18955716001087,0.0102711260170086));
#6929=CARTESIAN_POINT('',(0.0507912942211626,0.3048,0.0121526320877616));
#6930=CARTESIAN_POINT('',(0.0473189400183304,0.18955716001087,0.00990481505359344));
#6931=CARTESIAN_POINT('',(0.0513254860611813,0.3048,0.0117023225081157));
#6932=CARTESIAN_POINT('',(0.0490549044016209,0.18955716001087,0.00915645928804438));
#6933=CARTESIAN_POINT('',(0.0523568927775357,0.3048,0.0107611786975884));
#6934=CARTESIAN_POINT('',(0.0499157081211283,0.18955716001087,0.008774414717571));
#6935=CARTESIAN_POINT('',(0.0528541069999725,0.3048,0.0102703450633803));
#6936=CARTESIAN_POINT('',(0.051621768916969,0.18955716001087,0.00799576663310643));
#6937=CARTESIAN_POINT('',(0.0538084929413112,0.3048,0.00925117924683722));
#6938=CARTESIAN_POINT('',(0.0524670257583822,0.18955716001087,0.00759916336998074));
#6939=CARTESIAN_POINT('',(0.0542656640551443,0.3048,0.00872284771064057));
#6940=CARTESIAN_POINT('',(0.0541408984416039,0.18955716001087,0.00679266255614064));
#6941=CARTESIAN_POINT('',(0.0551371451147733,0.3048,0.00763194338424765));
#6942=CARTESIAN_POINT('',(0.0549695140688991,0.18955716001087,0.00638276527395003));
#6943=CARTESIAN_POINT('',(0.0555514545080612,0.3048,0.00706937128567109));
#6944=CARTESIAN_POINT('',(0.0566091125647503,0.18955716001087,0.00555102304161297));
#6945=CARTESIAN_POINT('',(0.0563346577154511,0.3048,0.00591345423736309));
#6946=CARTESIAN_POINT('',(0.0574200952405225,0.18955716001087,0.00512917837599307));
#6947=CARTESIAN_POINT('',(0.0567035510330121,0.3048,0.0053201100204686));
#6948=CARTESIAN_POINT('',(0.0590235447860144,0.18955716001087,0.00427496165777628));
#6949=CARTESIAN_POINT('',(0.0573936476799479,0.3048,0.00410630686322976));
#6950=CARTESIAN_POINT('',(0.0598160114858682,0.18955716001087,0.00384258990395447));
#6951=CARTESIAN_POINT('',(0.0577148505718099,0.3048,0.00348584869242144));
#6952=CARTESIAN_POINT('',(0.0613816601883114,0.18955716001087,0.00296880419515413));
#6953=CARTESIAN_POINT('',(0.0583075859829827,0.3048,0.00222164292634665));
#6954=CARTESIAN_POINT('',(0.0621548420450003,0.18955716001087,0.00252739055135718));
#6955=CARTESIAN_POINT('',(0.0585791181265066,0.3048,0.00157789613257084));
#6956=CARTESIAN_POINT('',(0.0636812710664732,0.18955716001087,0.0016370619966038));
#6957=CARTESIAN_POINT('',(0.059070837891002,0.3048,0.000271082006599012));
#6958=CARTESIAN_POINT('',(0.0644345181102214,0.18955716001087,0.00118814740731689));
#6959=CARTESIAN_POINT('',(0.0592910252002293,0.3048,-0.000391984497093154));
#6960=CARTESIAN_POINT('',(0.0659205504151772,0.18955716001087,0.000284404143387302));
#6961=CARTESIAN_POINT('',(0.0596786977021859,0.3048,-0.00173335003931559));
#6962=CARTESIAN_POINT('',(0.06665333558096,0.18955716001087,-0.000170424201081097));
#6963=CARTESIAN_POINT('',(0.0598461826491356,0.3048,-0.00241164822743686));
#6964=CARTESIAN_POINT('',(0.0680980431930427,0.18955716001087,-0.00108437133126714));
#6965=CARTESIAN_POINT('',(0.0601274177586645,0.3048,-0.00377929522129281));
#6966=CARTESIAN_POINT('',(0.0688099655603425,0.18955716001087,-0.00154348970208899));
#6967=CARTESIAN_POINT('',(0.0602411677177683,0.3048,-0.00446864295840667));
#6968=CARTESIAN_POINT('',(0.0695113204317805,0.18955716001087,-0.00200392840198842));
#6969=CARTESIAN_POINT('',(0.0603276996475096,0.3048,-0.00516139138344814));
#6970=CARTESIAN_POINT('',(0.0678337672503793,0.210608333333334,-0.00258069569172408));
#6971=CARTESIAN_POINT('',(0.0619298566167536,0.284694953898761,-0.00461054641285223));
#6972=CARTESIAN_POINT('',(0.0603276996475096,0.3048,-0.00516139138344814));
#6973=CARTESIAN_POINT('',(0.0338666666666666,0.3048,-0.00846666666666666));
#6974=CARTESIAN_POINT('',(0.0389000719502088,0.3048,0.0177206574112669));
#6975=CARTESIAN_POINT('',(0.0309224913366419,0.210608333333334,0.0163723300544847));
#6976=CARTESIAN_POINT('',(0.0291977721211851,0.190244493053283,0.0160808273779697));
#6977=CARTESIAN_POINT('',(0.0619298566167517,0.284694953898761,-0.00461054641284572));
#6978=CARTESIAN_POINT('',(0.0617660268965279,0.286047876396132,-0.00445908841169901));
#6979=CARTESIAN_POINT('',(0.0615203933099404,0.288073107616272,-0.00420655227020927));
#6980=CARTESIAN_POINT('',(0.0611861332490809,0.290759800882248,-0.00378919962717004));
#6981=CARTESIAN_POINT('',(0.0609282898505971,0.292764327386191,-0.0034211156480556));
#6982=CARTESIAN_POINT('',(0.0607015054694392,0.294424618360384,-0.00304748253738325));
#6983=CARTESIAN_POINT('',(0.0605051000244792,0.295734214261736,-0.00268053072219722));
#6984=CARTESIAN_POINT('',(0.0603456807584357,0.2966996190784,-0.0023557190555558));
#6985=CARTESIAN_POINT('',(0.060196193213484,0.297477739142957,-0.00202195834987183));
#6986=CARTESIAN_POINT('',(0.0600560321721146,0.298058469252958,-0.00168274728338414));
#6987=CARTESIAN_POINT('',(0.0599335777418319,0.298453157439043,-0.00136992564797923));
#6988=CARTESIAN_POINT('',(0.059784283516676,0.298756033072267,-0.00096672573582931));
#6989=CARTESIAN_POINT('',(0.0596049682595513,0.298775315498908,-0.000453977089686151));
#6990=CARTESIAN_POINT('',(0.0594578686109779,0.298502027827106,-2.21017729609924E-05));
#6991=CARTESIAN_POINT('',(0.0593010084095588,0.29801732983194,0.000436271229504209));
#6992=CARTESIAN_POINT('',(0.0591428206264983,0.297300415434737,0.000887868590277567));
#6993=CARTESIAN_POINT('',(0.0589800542478716,0.296400679161516,0.00133098196065854));
#6994=CARTESIAN_POINT('',(0.0588292523840179,0.295466165193845,0.00172063307019972));
#6995=CARTESIAN_POINT('',(0.0586380320193074,0.294199682333468,0.00218827051536823));
#6996=CARTESIAN_POINT('',(0.0584097754163389,0.292597273651892,0.00270150136878862));
#6997=CARTESIAN_POINT('',(0.0581391255544601,0.290654718388989,0.00324956037660425));
#6998=CARTESIAN_POINT('',(0.0578662811164015,0.288699533054828,0.0037495579107182));
#6999=CARTESIAN_POINT('',(0.0574952931600865,0.286080668571861,0.00436823878894317));
#7000=CARTESIAN_POINT('',(0.0570128731180062,0.28278948907938,0.00507147655163434));
#7001=CARTESIAN_POINT('',(0.0563977990699652,0.278837005287418,0.00583606842037749));
#7002=CARTESIAN_POINT('',(0.0557421492708066,0.274883816735377,0.00654117205014491));
#7003=CARTESIAN_POINT('',(0.0550432352626454,0.270932757391202,0.00719910821789757));
#7004=CARTESIAN_POINT('',(0.0540511170933108,0.265669562388723,0.00802446166859044));
#7005=CARTESIAN_POINT('',(0.052693102296662,0.259103261765041,0.00897503027079733));
#7006=CARTESIAN_POINT('',(0.0508634419805705,0.251251178090938,0.0100174359879147));
#7007=CARTESIAN_POINT('',(0.0488250005944018,0.243431046196973,0.0109797191387747));
#7008=CARTESIAN_POINT('',(0.0465710491600784,0.235646470227097,0.0118737952612961));
#7009=CARTESIAN_POINT('',(0.0441102897002428,0.227935957795909,0.0127041375856554));
#7010=CARTESIAN_POINT('',(0.0405581778024441,0.217743909250834,0.0137360681126725));
#7011=CARTESIAN_POINT('',(0.0356333415158717,0.205167410564417,0.0148973107208218));
#7012=CARTESIAN_POINT('',(0.031337298334244,0.195222032640645,0.0157062622325271));
#7013=CARTESIAN_POINT('',(0.0291977720923234,0.190244493064266,0.0160808274073095));
#7014=CARTESIAN_POINT('',(0.0338666666666666,0.327466666666667,-0.00846666666666666));
#7015=CARTESIAN_POINT('',(0.0338666666666666,0.3048,-0.00846666666666666));
#7016=CARTESIAN_POINT('',(0.0144020333626915,0.3048,-0.0266940954884421));
#7017=CARTESIAN_POINT('',(0.0105164492302061,0.3048,0.00441271440468629));
#7018=CARTESIAN_POINT('',(0.0338666666666666,0.3048,-0.00846666666666666));
#7019=CARTESIAN_POINT('',(0.0338666666666666,0.3048,-0.00846666666666666));
#7020=CARTESIAN_POINT('',(0.0451870791427174,0.3048,-0.0326112182773962));
#7021=CARTESIAN_POINT('',(0.0338666666666666,0.3048,-0.00846666666666666));
#7022=CARTESIAN_POINT('',(0.0754726294083129,0.116416666666667,0.000345941643247607));
#7023=CARTESIAN_POINT('',(0.0602861643212338,0.3048,-0.00482887213942824));
#7024=CARTESIAN_POINT('',(0.060134299670363,0.306683833333334,-0.004880620277255));
#7025=CARTESIAN_POINT('',(0.075428364556625,0.116416666666667,0.000230627762165067));
#7026=CARTESIAN_POINT('',(0.0603000094299924,0.3048,-0.00493971188743487));
#7027=CARTESIAN_POINT('',(0.060148725878726,0.306683833333334,-0.00499141528393087));
#7028=CARTESIAN_POINT('',(0.0753840997049371,0.116416666666667,0.000115313881082526));
#7029=CARTESIAN_POINT('',(0.060313854538751,0.3048,-0.00505055163544151));
#7030=CARTESIAN_POINT('',(0.0601631520870891,0.306683833333334,-0.00510221029060675));
#7031=CARTESIAN_POINT('',(0.0753398348532491,0.116416666666667,-1.38777878078145E-17));
#7032=CARTESIAN_POINT('',(0.0603276996475096,0.3048,-0.00516139138344814));
#7033=CARTESIAN_POINT('',(0.0601775782954522,0.306683833333334,-0.00521300529728262));
#7034=CARTESIAN_POINT('',(0.0750631795301995,0.116416666666667,-0.000720711756765891));
#7035=CARTESIAN_POINT('',(0.0604142315772508,0.3048,-0.00585413980848961));
#7036=CARTESIAN_POINT('',(0.0602677420977213,0.306683833333334,-0.00590547408900685));
#7037=CARTESIAN_POINT('',(0.0747865242071499,0.116416666666667,-0.00144142351353178));
#7038=CARTESIAN_POINT('',(0.0604735452672059,0.3048,-0.00655028723687246));
#7039=CARTESIAN_POINT('',(0.0603304154778064,0.306683833333334,-0.00660137587410587));
#7040=CARTESIAN_POINT('',(0.0742332135610506,0.116416666666667,-0.00288284702706355));
#7041=CARTESIAN_POINT('',(0.0605373707800058,0.3048,-0.00794509109066365));
#7042=CARTESIAN_POINT('',(0.0604004123521954,0.306683833333334,-0.00799571353129965));
#7043=CARTESIAN_POINT('',(0.073956558238001,0.116416666666667,-0.00360355878382944));
#7044=CARTESIAN_POINT('',(0.0605418825372103,0.3048,-0.00864374643023406));
#7045=CARTESIAN_POINT('',(0.0604077357802024,0.306683833333334,-0.00869414830669811));
#7046=CARTESIAN_POINT('',(0.0734032475919018,0.116416666666667,-0.00504498229736121));
#7047=CARTESIAN_POINT('',(0.0604960762481688,0.3048,-0.0100392582612549));
#7048=CARTESIAN_POINT('',(0.0603670045347315,0.306683833333334,-0.0100892010208939));
#7049=CARTESIAN_POINT('',(0.0731265922688522,0.116416666666667,-0.00576569405412709));
#7050=CARTESIAN_POINT('',(0.0604457582309635,0.3048,-0.0107361138679683));
#7051=CARTESIAN_POINT('',(0.0603189498905846,0.306683833333334,-0.0107858180661067));
#7052=CARTESIAN_POINT('',(0.072573281622753,0.116416666666667,-0.00720711756765886));
#7053=CARTESIAN_POINT('',(0.0602906025510846,0.3048,-0.0121237298817258));
#7054=CARTESIAN_POINT('',(0.0601677757603679,0.306683833333334,-0.0121728960048665));
#7055=CARTESIAN_POINT('',(0.0722966262997033,0.116416666666667,-0.00792782932442474));
#7056=CARTESIAN_POINT('',(0.0601857649867779,0.3048,-0.0128144894090387));
#7057=CARTESIAN_POINT('',(0.0600646563736487,0.306683833333334,-0.0128633560098848));
#7058=CARTESIAN_POINT('',(0.0717433156536041,0.116416666666667,-0.00936925283795651));
#7059=CARTESIAN_POINT('',(0.0599222165024226,0.3048,-0.0141856544913789));
#7060=CARTESIAN_POINT('',(0.0598040055109108,0.306683833333334,-0.0142338185079131));
#7061=CARTESIAN_POINT('',(0.0714666603305545,0.116416666666667,-0.0100899645947224));
#7062=CARTESIAN_POINT('',(0.0597635057494605,0.3048,-0.0148660591771046));
#7063=CARTESIAN_POINT('',(0.0596464742036496,0.306683833333334,-0.0149138201229284));
#7064=CARTESIAN_POINT('',(0.0709133496844553,0.116416666666667,-0.0115313881082542));
#7065=CARTESIAN_POINT('',(0.0593931893246737,0.3048,-0.0162123196393362));
#7066=CARTESIAN_POINT('',(0.0592779877210759,0.306683833333334,-0.0162591289546471));
#7067=CARTESIAN_POINT('',(0.0706366943614056,0.116416666666667,-0.01225209986502));
#7068=CARTESIAN_POINT('',(0.0591815838876249,0.3048,-0.0168781745623298));
#7069=CARTESIAN_POINT('',(0.0590670327828871,0.306683833333334,-0.0169244353093028));
#7070=CARTESIAN_POINT('',(0.0700833837153064,0.116416666666667,-0.0136935233785518));
#7071=CARTESIAN_POINT('',(0.0587067826463079,0.3048,-0.0181912302610261));
#7072=CARTESIAN_POINT('',(0.058593016635618,0.306683833333334,-0.0182362073298508));
#7073=CARTESIAN_POINT('',(0.0698067283922568,0.116416666666667,-0.0144142351353177));
#7074=CARTESIAN_POINT('',(0.0584435871430578,0.3048,-0.0188384302042679));
#7075=CARTESIAN_POINT('',(0.0583299557305658,0.306683833333334,-0.0188826721549574));
#7076=CARTESIAN_POINT('',(0.0692534177461576,0.116416666666667,-0.0158556586488495));
#7077=CARTESIAN_POINT('',(0.057867228392751,0.3048,-0.0201101857144111));
#7078=CARTESIAN_POINT('',(0.0577533664992169,0.306683833333334,-0.0201527309850667));
#7079=CARTESIAN_POINT('',(0.068976762423108,0.116416666666667,-0.0165763704056153));
#7080=CARTESIAN_POINT('',(0.0575540655110984,0.3048,-0.0207347404750353));
#7081=CARTESIAN_POINT('',(0.0574398385419783,0.306683833333334,-0.0207763241757295));
#7082=CARTESIAN_POINT('',(0.0684234517770087,0.116416666666667,-0.0180177939191471));
#7083=CARTESIAN_POINT('',(0.056879702695156,0.3048,-0.0219573550010039));
#7084=CARTESIAN_POINT('',(0.0567642652043375,0.306683833333334,-0.0219967506118224));
#7085=CARTESIAN_POINT('',(0.0681467964539591,0.116416666666667,-0.018738505675913));
#7086=CARTESIAN_POINT('',(0.0565185031884037,0.3048,-0.0225554139912257));
#7087=CARTESIAN_POINT('',(0.0564022202557482,0.306683833333334,-0.0225935830743789));
#7088=CARTESIAN_POINT('',(0.0675934858078599,0.116416666666667,-0.0201799291894448));
#7089=CARTESIAN_POINT('',(0.0557502939778344,0.3048,-0.0237213497079063));
#7090=CARTESIAN_POINT('',(0.0556318620595341,0.306683833333334,-0.0237567639130909));
#7091=CARTESIAN_POINT('',(0.0673168304848103,0.116416666666667,-0.0209006409462106));
#7092=CARTESIAN_POINT('',(0.0553432847610524,0.3048,-0.0242892256951763));
#7093=CARTESIAN_POINT('',(0.0552235493038149,0.306683833333334,-0.024323111542666));
#7094=CARTESIAN_POINT('',(0.066763519838711,0.116416666666667,-0.0223420644597425));
#7095=CARTESIAN_POINT('',(0.0544859654210949,0.3048,-0.0253912942211626));
#7096=CARTESIAN_POINT('',(0.0543631898769188,0.306683833333334,-0.0254217865187768));
#7097=CARTESIAN_POINT('',(0.0664868645156614,0.116416666666667,-0.0230627762165083));
#7098=CARTESIAN_POINT('',(0.0540356558414491,0.3048,-0.0259254860611813));
#7099=CARTESIAN_POINT('',(0.0539111437547069,0.306683833333334,-0.025954113159628));
#7100=CARTESIAN_POINT('',(0.0659335538695622,0.116416666666667,-0.0245041997300401));
#7101=CARTESIAN_POINT('',(0.0530945120309218,0.3048,-0.0269568927775357));
#7102=CARTESIAN_POINT('',(0.0529661216125353,0.306683833333334,-0.0269814197080107));
#7103=CARTESIAN_POINT('',(0.0656568985465126,0.116416666666667,-0.025224911486806));
#7104=CARTESIAN_POINT('',(0.0526036783967137,0.3048,-0.0274541069999725));
#7105=CARTESIAN_POINT('',(0.0524731461952157,0.306683833333334,-0.0274763989551042));
#7106=CARTESIAN_POINT('',(0.0651035879004133,0.116416666666667,-0.0266663350003378));
#7107=CARTESIAN_POINT('',(0.0515845125801706,0.3048,-0.0284084929413112));
#7108=CARTESIAN_POINT('',(0.0514493218269681,0.306683833333334,-0.0284259145207209));
#7109=CARTESIAN_POINT('',(0.0648269325773637,0.116416666666667,-0.0273870467571037));
#7110=CARTESIAN_POINT('',(0.0510561810439739,0.3048,-0.0288656640551443));
#7111=CARTESIAN_POINT('',(0.05091847352864,0.306683833333334,-0.0288804502281247));
#7112=CARTESIAN_POINT('',(0.0642736219312645,0.116416666666667,-0.0288284702706354));
#7113=CARTESIAN_POINT('',(0.049965276717581,0.3048,-0.0297371451147734));
#7114=CARTESIAN_POINT('',(0.0498221932654441,0.306683833333334,-0.0297462318632147));
#7115=CARTESIAN_POINT('',(0.0639969666082149,0.116416666666667,-0.0295491820274013));
#7116=CARTESIAN_POINT('',(0.0494027046190044,0.3048,-0.0301514545080611));
#7117=CARTESIAN_POINT('',(0.0492567619991123,0.306683833333334,-0.0301574772328678));
#7118=CARTESIAN_POINT('',(0.0634436559621156,0.116416666666667,-0.030990605540933));
#7119=CARTESIAN_POINT('',(0.0482467875706964,0.3048,-0.030934657715451));
#7120=CARTESIAN_POINT('',(0.0480948188867822,0.306683833333334,-0.0309340982371962));
#7121=CARTESIAN_POINT('',(0.063167000639066,0.116416666666667,-0.031711317297699));
#7122=CARTESIAN_POINT('',(0.047653443353802,0.3048,-0.0313035510330121));
#7123=CARTESIAN_POINT('',(0.0474983077809493,0.306683833333334,-0.0312994733703652));
#7124=CARTESIAN_POINT('',(0.0626136899929668,0.116416666666667,-0.0331527408112307));
#7125=CARTESIAN_POINT('',(0.0464396401965631,0.3048,-0.0319936476799478));
#7126=CARTESIAN_POINT('',(0.0462778996985991,0.306683833333334,-0.031982056748635));
#7127=CARTESIAN_POINT('',(0.0623370346699172,0.116416666666667,-0.0338734525679966));
#7128=CARTESIAN_POINT('',(0.0458191822096602,0.3048,-0.032314850485584));
#7129=CARTESIAN_POINT('',(0.0456540036850576,0.306683833333334,-0.0322992644647599));
#7130=CARTESIAN_POINT('',(0.0620603793468676,0.116416666666667,-0.0345941643247625));
#7131=CARTESIAN_POINT('',(0.0451870791427174,0.3048,-0.0326112182773962));
#7132=CARTESIAN_POINT('',(0.0450183461406759,0.306683833333334,-0.0325913888169226));
#7133=CARTESIAN_POINT('',(0.0620161144951796,0.116416666666667,-0.034709478205845));
#7134=CARTESIAN_POINT('',(0.0450859426520066,0.3048,-0.0326586371240862));
#7135=CARTESIAN_POINT('',(0.0449166409335748,0.306683833333334,-0.0326381287132686));
#7136=CARTESIAN_POINT('',(0.0619718496434917,0.116416666666667,-0.0348247920869275));
#7137=CARTESIAN_POINT('',(0.0449848061612957,0.3048,-0.0327060559707762));
#7138=CARTESIAN_POINT('',(0.0448149357264737,0.306683833333334,-0.0326848686096146));
#7139=CARTESIAN_POINT('',(0.0619275847918037,0.116416666666667,-0.0349401059680101));
#7140=CARTESIAN_POINT('',(0.0448836696705849,0.3048,-0.0327534748174661));
#7141=CARTESIAN_POINT('',(0.0447132305193726,0.306683833333334,-0.0327316085059607));
#7142=CARTESIAN_POINT('',(0.0678337672503793,0.210608333333334,-0.00258069569172408));
#7143=CARTESIAN_POINT('',(0.0711964353439095,0.168411096519834,-0.0014245612787655));
#7144=CARTESIAN_POINT('',(0.0536237292447925,0.210608333333334,-0.0336026913010794));
#7145=CARTESIAN_POINT('',(0.0619298566167535,0.28469495389876,-0.00461054641284899));
#7146=CARTESIAN_POINT('',(0.0623614277146658,0.279860887583918,-0.00515310454034201));
#7147=CARTESIAN_POINT('',(0.0631123189806242,0.270158219652749,-0.00584097987060387));
#7148=CARTESIAN_POINT('',(0.0644833480742898,0.250731190830333,-0.00652266096174294));
#7149=CARTESIAN_POINT('',(0.0661385266114601,0.22638708055154,-0.00643096971262398));
#7150=CARTESIAN_POINT('',(0.067960958702777,0.202140072276527,-0.00528818264773676));
#7151=CARTESIAN_POINT('',(0.0696696668906879,0.182824825547902,-0.00349468345522782));
#7152=CARTESIAN_POINT('',(0.0706508090711335,0.173205270696514,-0.0022170437880066));
#7153=CARTESIAN_POINT('',(0.0711964353439095,0.168411096519834,-0.00142456127876554));
#7154=CARTESIAN_POINT('',(0.0491423727612103,0.116416666666667,0.0075120013734834));
#7155=CARTESIAN_POINT('',(0.028128332366102,0.116416666666667,0.0135376804929299));
#7156=CARTESIAN_POINT('',(0.0279991576122495,0.114574117378693,0.0135747207575536));
#7157=CARTESIAN_POINT('',(0.0276981032300983,0.11089732080711,0.0136610467124979));
#7158=CARTESIAN_POINT('',(0.0269957409631664,0.105394713042055,0.0138624458516718));
#7159=CARTESIAN_POINT('',(0.025684250782402,0.100031042476867,0.0142385096094739));
#7160=CARTESIAN_POINT('',(0.0240465371078178,0.0966984791117236,0.0147081164488551));
#7161=CARTESIAN_POINT('',(0.0229449105874261,0.0952499998925167,0.0150240027704069));
#7162=CARTESIAN_POINT('',(0.0281283323661021,0.116416666666667,0.0135376804929299));
#7163=CARTESIAN_POINT('',(0.0229449106428482,0.0952499998356081,0.0150240027027353));
#7164=CARTESIAN_POINT('',(0.0491423727612103,0.09525,0.0075120013734834));
#7165=CARTESIAN_POINT('',(0.0491423727612103,0.116416666666667,0.0075120013734834));
#7166=CARTESIAN_POINT('',(0.0278017036739393,0.116416666666667,0.013631339763264));
#7167=CARTESIAN_POINT('',(0.0317188652974008,0.168723063098953,0.014555073466526));
#7168=CARTESIAN_POINT('',(0.0283658945133533,0.116416666666667,0.0134695606433746));
#7169=CARTESIAN_POINT('',(0.0322219284027631,0.168723063098954,0.0144079956371132));
#7170=CARTESIAN_POINT('',(0.0289300853527672,0.116416666666667,0.0133077815234853));
#7171=CARTESIAN_POINT('',(0.032724378318789,0.168723063098954,0.0142589794031286));
#7172=CARTESIAN_POINT('',(0.0305858371126828,0.116416666666667,0.0128330023463675));
#7173=CARTESIAN_POINT('',(0.0341969062966604,0.168723063098954,0.0138160405977141));
#7174=CARTESIAN_POINT('',(0.0316773980331844,0.116416666666667,0.012520002289139));
#7175=CARTESIAN_POINT('',(0.0351650862310402,0.168723063098954,0.0135168692412439));
#7176=CARTESIAN_POINT('',(0.0338605198741877,0.116416666666667,0.0118940021746821));
#7177=CARTESIAN_POINT('',(0.0370951586766776,0.168723063098954,0.0129046525163615));
#7178=CARTESIAN_POINT('',(0.0349520807946892,0.116416666666667,0.0115810021174536));
#7179=CARTESIAN_POINT('',(0.0380570509640648,0.168723063098954,0.0125916072494071));
#7180=CARTESIAN_POINT('',(0.0371352026356925,0.116416666666667,0.0109550020029966));
#7181=CARTESIAN_POINT('',(0.0399734789553132,0.168723063098954,0.0119521787780372));
#7182=CARTESIAN_POINT('',(0.0382267635561941,0.116416666666667,0.0106420019457682));
#7183=CARTESIAN_POINT('',(0.0409280144439544,0.168723063098954,0.0116257956923316));
#7184=CARTESIAN_POINT('',(0.0404098853971973,0.116416666666667,0.0100160018313112));
#7185=CARTESIAN_POINT('',(0.0428287050330904,0.168723063098954,0.0109603098907605));
#7186=CARTESIAN_POINT('',(0.041501446317699,0.116416666666667,0.00970300177408273));
#7187=CARTESIAN_POINT('',(0.0437748599283427,0.168723063098954,0.0106212073101248));
#7188=CARTESIAN_POINT('',(0.0436845681587022,0.116416666666667,0.00907700165962578));
#7189=CARTESIAN_POINT('',(0.0456578171939604,0.168723063098954,0.00993097924674393));
#7190=CARTESIAN_POINT('',(0.0447761290792038,0.116416666666667,0.00876400160239731));
#7191=CARTESIAN_POINT('',(0.0465946193703259,0.168723063098954,0.00957985391491496));
#7192=CARTESIAN_POINT('',(0.0469592509202071,0.116416666666667,0.00813800148794036));
#7193=CARTESIAN_POINT('',(0.0484579567228556,0.168723063098954,0.0088663512023878));
#7194=CARTESIAN_POINT('',(0.0480508118407087,0.116416666666667,0.00782500143071188));
#7195=CARTESIAN_POINT('',(0.0493844917174586,0.168723063098954,0.00850397398736158));
#7196=CARTESIAN_POINT('',(0.0502339336817119,0.116416666666667,0.00719900131625493));
#7197=CARTESIAN_POINT('',(0.0512264435306191,0.168723063098954,0.00776880773430303));
#7198=CARTESIAN_POINT('',(0.0513254946022135,0.116416666666667,0.00688600125902645));
#7199=CARTESIAN_POINT('',(0.0521418601811736,0.168723063098954,0.00739601887567708));
#7200=CARTESIAN_POINT('',(0.0535086164432168,0.116416666666667,0.0062600011445695));
#7201=CARTESIAN_POINT('',(0.0539607926776454,0.168723063098954,0.00664093375363331));
#7202=CARTESIAN_POINT('',(0.0546001773637184,0.116416666666667,0.00594700108734103));
#7203=CARTESIAN_POINT('',(0.0548643083701537,0.168723063098954,0.00625863768225019));
#7204=CARTESIAN_POINT('',(0.0567832992047216,0.116416666666667,0.00532100097288407));
#7205=CARTESIAN_POINT('',(0.0566587296943593,0.168723063098954,0.00548550116921836));
#7206=CARTESIAN_POINT('',(0.0578748601252232,0.116416666666667,0.0050080009156556));
#7207=CARTESIAN_POINT('',(0.0575496351881874,0.168723063098954,0.00509466093104873));
#7208=CARTESIAN_POINT('',(0.0600579819662265,0.116416666666667,0.00438200080119865));
#7209=CARTESIAN_POINT('',(0.0593182046040772,0.168723063098954,0.00430545179785416));
#7210=CARTESIAN_POINT('',(0.0611495428867281,0.116416666666667,0.00406900074397017));
#7211=CARTESIAN_POINT('',(0.0601958684046594,0.168723063098954,0.00390708311649812));
#7212=CARTESIAN_POINT('',(0.0633326647277313,0.116416666666667,0.00344300062951322));
#7213=CARTESIAN_POINT('',(0.0619374045617951,0.168723063098954,0.00310387922701411));
#7214=CARTESIAN_POINT('',(0.0644242256482329,0.116416666666667,0.00313000057228474));
#7215=CARTESIAN_POINT('',(0.0628012768140079,0.168723063098954,0.00269904424142751));
#7216=CARTESIAN_POINT('',(0.0666073474892362,0.116416666666667,0.00250400045782779));
#7217=CARTESIAN_POINT('',(0.064514765030981,0.168723063098954,0.00188400974185359));
#7218=CARTESIAN_POINT('',(0.0676989084097378,0.116416666666667,0.00219100040059931));
#7219=CARTESIAN_POINT('',(0.0653643809091826,0.168723063098954,0.00147381045790811));
#7220=CARTESIAN_POINT('',(0.069882030250741,0.116416666666667,0.00156500028614236));
#7221=CARTESIAN_POINT('',(0.0670489794294625,0.168723063098954,0.000649182434089107));
#7222=CARTESIAN_POINT('',(0.0709735911712426,0.116416666666667,0.00125200022891389));
#7223=CARTESIAN_POINT('',(0.0678839620032978,0.168723063098954,0.00023475393033961));
#7224=CARTESIAN_POINT('',(0.0731567130122459,0.116416666666667,0.000626000114456939));
#7225=CARTESIAN_POINT('',(0.0695390071849409,0.168723063098954,-0.000597171384612498));
#7226=CARTESIAN_POINT('',(0.0742482739327476,0.116416666666667,0.00031300005722844));
#7227=CARTESIAN_POINT('',(0.0703590697362519,0.168723063098954,-0.00101466789910255));
#7228=CARTESIAN_POINT('',(0.0753398348532491,0.116416666666667,-1.38777878078145E-17));
#7229=CARTESIAN_POINT('',(0.0711715749468534,0.168723063098954,-0.0014331086464381));
#7230=CARTESIAN_POINT('',(0.0282119728047747,0.118122463209461,0.0135803995983356));
#7231=CARTESIAN_POINT('',(0.0296377897861279,0.118412392601562,0.0131826024483058));
#7232=CARTESIAN_POINT('',(0.0324037731012346,0.119247422581642,0.0124205065353924));
#7233=CARTESIAN_POINT('',(0.0363924392880931,0.120962149212896,0.0113318549634687));
#7234=CARTESIAN_POINT('',(0.040266500830454,0.12302961555099,0.0102715903181423));
#7235=CARTESIAN_POINT('',(0.0451787451687752,0.126107115419808,0.00890813069566079));
#7236=CARTESIAN_POINT('',(0.0497725859554065,0.129617375449873,0.00758400611698141));
#7237=CARTESIAN_POINT('',(0.0540295311634364,0.133548443010216,0.00627248141819952));
#7238=CARTESIAN_POINT('',(0.0580643229717833,0.13780891059087,0.00495814366371167));
#7239=CARTESIAN_POINT('',(0.0624734142452027,0.143597918733338,0.00336473612978501));
#7240=CARTESIAN_POINT('',(0.065938833346454,0.14999950320534,0.0018634186783718));
#7241=CARTESIAN_POINT('',(0.0681062969767259,0.155514059921684,0.000743895323491223));
#7242=CARTESIAN_POINT('',(0.0698481787305249,0.161130061300098,-0.000293369254177832));
#7243=CARTESIAN_POINT('',(0.0707438872902598,0.165472732581638,-0.000991655192641441));
#7244=CARTESIAN_POINT('',(0.0711964353439095,0.168411096519834,-0.0014245612787655));
#7245=CARTESIAN_POINT('',(0.0282119728047747,0.118122463209461,0.0135803995983356));
#7246=CARTESIAN_POINT('',(0.0282119728047747,0.118122463209461,0.0135803995983356));
#7247=CARTESIAN_POINT('',(0.028185655794278,0.117553815473213,0.0135657064954412));
#7248=CARTESIAN_POINT('',(0.028157876837793,0.116985213446927,0.0135514379409524));
#7249=CARTESIAN_POINT('',(0.028128332366102,0.116416666666667,0.0135376804929299));
#7250=CARTESIAN_POINT('',(-0.00468220638024939,0.09525,-0.00449430832386272));
#7251=CARTESIAN_POINT('',(0.0324184282528753,0.09525,1.44560289664734E-18));
#7252=CARTESIAN_POINT('',(0.0299677820089657,0.09525,0.00673309521821288));
#7253=CARTESIAN_POINT('',(0.0267124738521507,0.09525,0.0115806883216514));
#7254=CARTESIAN_POINT('',(0.022944910723075,0.09525,0.0150240026977024));
#7255=CARTESIAN_POINT('',(0.0324184281654879,0.0952499996712164,-9.05724432893308E-17));
#7256=CARTESIAN_POINT('',(0.00596573966056317,0.09525,-0.0345941643572603));
#7257=CARTESIAN_POINT('',(0.0145058230973209,0.09525,-0.0306813037954638));
#7258=CARTESIAN_POINT('',(0.0230844145672108,0.09525,-0.0183190333180141));
#7259=CARTESIAN_POINT('',(0.0324184282528753,0.09525,1.36097409422456E-18));
#7260=CARTESIAN_POINT('',(0.00596573966056317,0.09525,-0.0345941643410114));
#7261=CARTESIAN_POINT('',(0.0340130595037153,0.09525,-0.0345941643247624));
#7262=CARTESIAN_POINT('',(0.0340130595037153,0.116416666666667,-0.0345941643247624));
#7263=CARTESIAN_POINT('',(0.00596573966056317,0.116416666666667,-0.0345941643247624));
#7264=CARTESIAN_POINT('',(0.00596573966056317,0.116416666666667,-0.0345941643410114));
#7265=CARTESIAN_POINT('',(0.0340130595037153,0.116416666666667,-0.0345941643247624));
#7266=CARTESIAN_POINT('',(-0.00145317315583955,0.124870633177416,-0.0184120377250474));
#7267=CARTESIAN_POINT('',(0.00596573966056317,0.127001333333333,-0.0345941643410114));
#7268=CARTESIAN_POINT('',(0.00596573966056317,0.127,-0.0345941643540106));
#7269=CARTESIAN_POINT('',(0.00596573966056317,0.127,-0.0345941643572603));
#7270=CARTESIAN_POINT('',(0.0145058230973209,0.127,-0.0306813037954638));
#7271=CARTESIAN_POINT('',(0.0230844145672108,0.127,-0.0183190333180141));
#7272=CARTESIAN_POINT('',(0.0324184282528753,0.127,1.36097409422456E-18));
#7273=CARTESIAN_POINT('',(0.00684695254009051,0.127,-0.0341606130547964));
#7274=CARTESIAN_POINT('',(0.00596573966056317,0.116416665891728,-0.0345941643572604));
#7275=CARTESIAN_POINT('',(0.00628839887183759,0.119941899707998,-0.0344463296771843));
#7276=CARTESIAN_POINT('',(0.0065774125998216,0.123470091726842,-0.0343023019412523));
#7277=CARTESIAN_POINT('',(0.00684695567648009,0.127,-0.0341606131335458));
#7278=CARTESIAN_POINT('',(0.0256443994975515,0.153674478767626,-0.00290194021549133));
#7279=CARTESIAN_POINT('',(0.254,0.210622572843611,0.00421368090903872));
#7280=CARTESIAN_POINT('',(0.0256443994975515,0.134852901628794,0.00148759278828367));
#7281=CARTESIAN_POINT('',(0.254,0.210450233515047,0.00649502576223742));
#7282=CARTESIAN_POINT('',(0.0256443994975515,0.131491431431688,0.00244286644152333));
#7283=CARTESIAN_POINT('',(0.254,0.210748086055022,0.00691386860626266));
#7284=CARTESIAN_POINT('',(0.0256443994975515,0.127859294842807,0.00368361712087118));
#7285=CARTESIAN_POINT('',(0.254,0.211573696616506,0.00736581968995612));
#7286=CARTESIAN_POINT('',(0.0256443994975515,0.127161352582906,0.00393410018738066));
#7287=CARTESIAN_POINT('',(0.254,0.21176148347313,0.0074526297831279));
#7288=CARTESIAN_POINT('',(0.0256443994975515,0.126158406991476,0.00431238574180211));
#7289=CARTESIAN_POINT('',(0.254,0.212077871394166,0.00757700936604016));
#7290=CARTESIAN_POINT('',(0.0256443994975515,0.12583142203532,0.00443890708201887));
#7291=CARTESIAN_POINT('',(0.254,0.212189141169586,0.00761748999442545));
#7292=CARTESIAN_POINT('',(0.0256443994975515,0.125192300476375,0.00469265121613695));
#7293=CARTESIAN_POINT('',(0.254,0.212423226899702,0.00769647019269138));
#7294=CARTESIAN_POINT('',(0.0256443994975515,0.124880161877179,0.00481987459842034));
#7295=CARTESIAN_POINT('',(0.254,0.212546023080601,0.00773497559031808));
#7296=CARTESIAN_POINT('',(0.0256443994975515,0.123357010753729,0.00545738235097425));
#7297=CARTESIAN_POINT('',(0.254,0.213188216952642,0.00792263557889747));
#7298=CARTESIAN_POINT('',(0.0256443994975515,0.122258623847057,0.00597183924465548));
#7299=CARTESIAN_POINT('',(0.254,0.213792253546427,0.0080571891711878));
#7300=CARTESIAN_POINT('',(0.0256443994975515,0.117394941427187,0.0085429701322185));
#7301=CARTESIAN_POINT('',(0.254,0.217228412850264,0.00865570165031433));
#7302=CARTESIAN_POINT('',(0.0256443994975515,0.115514402254457,0.0105961833835709));
#7303=CARTESIAN_POINT('',(0.254,0.221308464565048,0.00889689409017517));
#7304=CARTESIAN_POINT('',(0.0256443994975515,0.116238780978659,0.0132210509231059));
#7305=CARTESIAN_POINT('',(0.254,0.228744950544411,0.0089716934371889));
#7306=CARTESIAN_POINT('',(0.0256443994975515,0.117071105133942,0.0140201813800353));
#7307=CARTESIAN_POINT('',(0.254,0.231443180605397,0.00894879500073055));
#7308=CARTESIAN_POINT('',(0.0256443994975515,0.118905255359832,0.0148774986361519));
#7309=CARTESIAN_POINT('',(0.254,0.235019357641419,0.0088676155360772));
#7310=CARTESIAN_POINT('',(0.0256443994975515,0.119311772656599,0.015041882296623));
#7311=CARTESIAN_POINT('',(0.254,0.235744762521613,0.0088487518221925));
#7312=CARTESIAN_POINT('',(0.0256443994975515,0.119982113809873,0.0152769603372374));
#7313=CARTESIAN_POINT('',(0.254,0.236846795383419,0.00881665013907972));
#7314=CARTESIAN_POINT('',(0.0256443994975515,0.120215689801257,0.0153533918477367));
#7315=CARTESIAN_POINT('',(0.254,0.237216460594273,0.0088053152259945));
#7316=CARTESIAN_POINT('',(0.0256443994975515,0.120702998359201,0.0155023442518099));
#7317=CARTESIAN_POINT('',(0.254,0.237960211418492,0.00878139929891968));
#7318=CARTESIAN_POINT('',(0.0256443994975515,0.120956693941708,0.015574877489417));
#7319=CARTESIAN_POINT('',(0.254,0.238334297031857,0.00876881828493009));
#7320=CARTESIAN_POINT('',(0.0256443994975515,0.122274373476316,0.0159279423643741));
#7321=CARTESIAN_POINT('',(0.254,0.2402152224933,0.0087028544706984));
#7322=CARTESIAN_POINT('',(0.0256443994975515,0.123485962294631,0.0161796700624892));
#7323=CARTESIAN_POINT('',(0.254,0.241753554525242,0.00864029543760512));
#7324=CARTESIAN_POINT('',(0.0256443994975515,0.130266819020453,0.0172919521242381));
#7325=CARTESIAN_POINT('',(0.254,0.249577741853036,0.00828217687413986));
#7326=CARTESIAN_POINT('',(0.0256443994975515,0.138004824830715,0.0177134372013932));
#7327=CARTESIAN_POINT('',(0.254,0.25626117865314,0.00785064714977133));
#7328=CARTESIAN_POINT('',(0.0256443994975515,0.165689172105065,0.017851830604527));
#7329=CARTESIAN_POINT('',(0.254,0.27622319386629,0.00625982736064282));
#7330=CARTESIAN_POINT('',(0.0256443994975515,0.190105843412716,0.0164426771021744));
#7331=CARTESIAN_POINT('',(0.254,0.289413477092172,0.00480430667985991));
#7332=CARTESIAN_POINT('',(0.0256443994975515,0.225792984280325,0.0131926627455867));
#7333=CARTESIAN_POINT('',(0.254,0.303580087553593,0.00258406044570403));
#7334=CARTESIAN_POINT('',(0.0256443994975515,0.237532386887216,0.0119199439428811));
#7335=CARTESIAN_POINT('',(0.254,0.307365821977832,0.00183781749882183));
#7336=CARTESIAN_POINT('',(0.0256443994975515,0.253672208551462,0.00986627465725827));
#7337=CARTESIAN_POINT('',(0.254,0.310959442019457,0.000778648777636168));
#7338=CARTESIAN_POINT('',(0.0256443994975515,0.258807268731862,0.00915761971512332));
#7339=CARTESIAN_POINT('',(0.254,0.31180981843421,0.000435625153763884));
#7340=CARTESIAN_POINT('',(0.0256443994975515,0.264192957039674,0.00834634832219698));
#7341=CARTESIAN_POINT('',(0.254,0.312311781789258,6.75199894692932E-05));
#7342=CARTESIAN_POINT('',(0.0256443994975515,0.264785932534015,0.00825601213974118));
#7343=CARTESIAN_POINT('',(0.254,0.312361237810797,2.68666691663853E-05));
#7344=CARTESIAN_POINT('',(0.0256443994975515,0.26596061435954,0.00807499529411577));
#7345=CARTESIAN_POINT('',(0.254,0.312447307207362,-5.39233682676106E-05));
#7346=CARTESIAN_POINT('',(0.0256443994975515,0.266542322513073,0.007984314565726));
#7347=CARTESIAN_POINT('',(0.254,0.312483938632208,-9.40607313846103E-05));
#7348=CARTESIAN_POINT('',(0.0256443994975515,0.268270007846145,0.00771182134721355));
#7349=CARTESIAN_POINT('',(0.254,0.312574905877544,-0.00021368795791481));
#7350=CARTESIAN_POINT('',(0.0256443994975515,0.269398545898156,0.00752955782374773));
#7351=CARTESIAN_POINT('',(0.254,0.312610314668832,-0.000292392958507208));
#7352=CARTESIAN_POINT('',(0.0256443994975515,0.272710076745361,0.00698149018708216));
#7353=CARTESIAN_POINT('',(0.254,0.312643095254752,-0.000525273340834784));
#7354=CARTESIAN_POINT('',(0.0256443994975515,0.274818986231722,0.0066144090076143));
#7355=CARTESIAN_POINT('',(0.254,0.312567021261436,-0.000676214103120332));
#7356=CARTESIAN_POINT('',(0.0256443994975515,0.284811954288365,0.00477751689654714));
#7357=CARTESIAN_POINT('',(0.254,0.311727177093342,-0.00140808487599809));
#7358=CARTESIAN_POINT('',(0.0256443994975515,0.291041274733161,0.00330324732376424));
#7359=CARTESIAN_POINT('',(0.254,0.309584984314019,-0.00192051577094038));
#7360=CARTESIAN_POINT('',(0.0256443994975515,0.296630013926833,0.00121963831743886));
#7361=CARTESIAN_POINT('',(0.254,0.304745375165858,-0.00255520047770707));
#7362=CARTESIAN_POINT('',(0.0256443994975515,0.29786705341247,0.000546401207471896));
#7363=CARTESIAN_POINT('',(0.254,0.302861118786608,-0.00274443510735484));
#7364=CARTESIAN_POINT('',(0.0256443994975515,0.298450771888208,-0.00017437930207464));
#7365=CARTESIAN_POINT('',(0.254,0.30049069125649,-0.00292992222303042));
#7366=CARTESIAN_POINT('',(0.0256443994975515,0.298504401751991,-0.000253957289599889));
#7367=CARTESIAN_POINT('',(0.254,0.300223829321151,-0.00295015132140162));
#7368=CARTESIAN_POINT('',(0.0256443994975515,0.298588884721188,-0.000412053431220383));
#7369=CARTESIAN_POINT('',(0.254,0.299683331780561,-0.00298984042516687));
#7370=CARTESIAN_POINT('',(0.0256443994975515,0.298619774919343,-0.000490573058119544));
#7371=CARTESIAN_POINT('',(0.254,0.299409696175308,-0.00300930043056091));
#7372=CARTESIAN_POINT('',(0.0256443994975515,0.298678908930566,-0.000724522737629024));
#7373=CARTESIAN_POINT('',(0.254,0.298578911645788,-0.00306651491125653));
#7374=CARTESIAN_POINT('',(0.0256443994975515,0.298673616160389,-0.000878343589051361));
#7375=CARTESIAN_POINT('',(0.254,0.298011885007758,-0.00310310385107157));
#7376=CARTESIAN_POINT('',(0.0256443994975515,0.298527729725577,-0.00133317838292888));
#7377=CARTESIAN_POINT('',(0.254,0.296273556567478,-0.00320811336040411));
#7378=CARTESIAN_POINT('',(0.0256443994975515,0.298257127936659,-0.00162756456499455));
#7379=CARTESIAN_POINT('',(0.254,0.295065006239036,-0.00327177661980905));
#7380=CARTESIAN_POINT('',(0.0256443994975515,0.294360931353551,-0.00419292414360918));
#7381=CARTESIAN_POINT('',(0.254,0.283795366861406,-0.00378537419710843));
#7382=CARTESIAN_POINT('',(0.0256443994975515,0.280509873179486,-0.00587508512032373));
#7383=CARTESIAN_POINT('',(0.254,0.270985472860626,-0.003819706213587));
#7384=CARTESIAN_POINT('',(0.0256443994975515,0.252626678831741,-0.00711001146652803));
#7385=CARTESIAN_POINT('',(0.254,0.252215226199878,-0.00304300108843494));
#7386=CARTESIAN_POINT('',(0.0256443994975515,0.242147846201385,-0.00730693439545153));
#7387=CARTESIAN_POINT('',(0.254,0.246032576369698,-0.00264606552173927));
#7388=CARTESIAN_POINT('',(0.0256443994975515,0.22571232690881,-0.0072313553658966));
#7389=CARTESIAN_POINT('',(0.254,0.23744890639763,-0.00181924833362137));
#7390=CARTESIAN_POINT('',(0.0256443994975515,0.220114275420112,-0.00714433511888825));
#7391=CARTESIAN_POINT('',(0.254,0.23470273386914,-0.00150507363123635));
#7392=CARTESIAN_POINT('',(0.0256443994975515,0.208855645897806,-0.00683849271002094));
#7393=CARTESIAN_POINT('',(0.254,0.229537016434576,-0.000795525772007014));
#7394=CARTESIAN_POINT('',(0.0256443994975515,0.203195069332495,-0.00661966875764672));
#7395=CARTESIAN_POINT('',(0.254,0.227117486071535,-0.000400134880652043));
#7396=CARTESIAN_POINT('',(0.0256443994975515,0.175177264169248,-0.0051756937787568));
#7397=CARTESIAN_POINT('',(0.254,0.216077570797466,0.00178978700064784));
#7398=CARTESIAN_POINT('',(0.0256443994975515,0.153674478767626,-0.00290194021549133));
#7399=CARTESIAN_POINT('',(0.254,0.210622572843611,0.00421368090903872));
#7400=CARTESIAN_POINT('',(0.0256443994975515,0.134852901628794,0.00148759278828367));
#7401=CARTESIAN_POINT('',(0.254,0.210450233515047,0.00649502576223742));
#7402=CARTESIAN_POINT('',(0.0291977721515193,0.19024449341144,0.0160808273830967));
#7403=CARTESIAN_POINT('',(0.029025922712129,0.194403071146504,0.0158095082244484));
#7404=CARTESIAN_POINT('',(0.0287234077103463,0.198553580159149,0.0155120055883824));
#7405=CARTESIAN_POINT('',(0.0283220183885276,0.20269117905018,0.0151901963697051));
#7406=CARTESIAN_POINT('',(0.0283220183885297,0.20269117905018,0.015190196369705));
#7407=CARTESIAN_POINT('',(0.0283220183885297,0.202691179050181,0.015190196369705));
#7408=CARTESIAN_POINT('',(0.0280652918478466,0.194771696713037,0.0158237658322914));
#7409=CARTESIAN_POINT('',(0.0278129543936371,0.18684465151403,0.0163681730160607));
#7410=CARTESIAN_POINT('',(0.0275878650206563,0.178910727689238,0.0167967863928968));
#7411=CARTESIAN_POINT('',(0.0275379750219478,0.127000000000017,0.0165153560724052));
#7412=CARTESIAN_POINT('',(0.0275412554677898,0.126214933721254,0.0164036800770665));
#7413=CARTESIAN_POINT('',(0.0275574669164594,0.124647163099129,0.016150791234096));
#7414=CARTESIAN_POINT('',(0.0276285150304225,0.122321936657589,0.015644192159689));
#7415=CARTESIAN_POINT('',(0.027788528046978,0.120059797530826,0.0149153742454864));
#7416=CARTESIAN_POINT('',(0.0280182412653042,0.118660114725553,0.0141429388074896));
#7417=CARTESIAN_POINT('',(0.0282119728047747,0.118122463209461,0.0135803995983355));
#7418=CARTESIAN_POINT('',(0.0283826524992714,0.178919308396635,0.0150731533350022));
#7419=CARTESIAN_POINT('',(0.0283351633939844,0.19990108809151,0.0151557084735977));
#7420=CARTESIAN_POINT('',(0.0282915842972127,0.220882828040765,0.0152448385583558));
#7421=CARTESIAN_POINT('',(0.0282338370630763,0.25174149421956,0.0153827994506979));
#7422=CARTESIAN_POINT('',(0.0282163030528325,0.261618443258658,0.0154279901753886));
#7423=CARTESIAN_POINT('',(0.0281996938898443,0.27149538665368,0.015474057147637));
#7424=CARTESIAN_POINT('',(0.0275878650206563,0.178910727689238,0.0167967863928968));
#7425=CARTESIAN_POINT('',(0.027608029490125,0.199892273074365,0.0169105362241851));
#7426=CARTESIAN_POINT('',(0.0276281939595938,0.220873818459492,0.0170242860554733));
#7427=CARTESIAN_POINT('',(0.0276578506755214,0.251732241596998,0.0171915826182994));
#7428=CARTESIAN_POINT('',(0.0276673429219804,0.261609119349376,0.0172451293498373));
#7429=CARTESIAN_POINT('',(0.0276768351684393,0.271485997101755,0.0172986760813752));
#7430=CARTESIAN_POINT('',(0.0283220183885293,0.20269117905018,0.0151901963697055));
#7431=CARTESIAN_POINT('',(0.0283189267349457,0.214067643633772,0.0151873906248012));
#7432=CARTESIAN_POINT('',(0.0281642306846353,0.236817961702451,0.0155565172590193));
#7433=CARTESIAN_POINT('',(0.0279937391936913,0.259562293861003,0.0161432873805104));
#7434=CARTESIAN_POINT('',(0.0279155030247194,0.270933858317982,0.0164634498606317));
#7435=CARTESIAN_POINT('',(0.0239149076780803,0.189557160011603,0.00171325192541305));
#7436=CARTESIAN_POINT('',(0.0105164492302061,0.3048,0.00441271440468629));
#7437=CARTESIAN_POINT('',(0.023952121199134,0.189557160011603,0.00220802839840488));
#7438=CARTESIAN_POINT('',(0.0108536307362776,0.3048,0.00502402184552559));
#7439=CARTESIAN_POINT('',(0.0239967369075429,0.189557160011603,0.00269315538346692));
#7440=CARTESIAN_POINT('',(0.0112148301449296,0.3048,0.00562208065789242));
#7441=CARTESIAN_POINT('',(0.0240999960182769,0.189557160011603,0.00364282354245878));
#7442=CARTESIAN_POINT('',(0.0119830393554989,0.3048,0.00678801637457298));
#7443=CARTESIAN_POINT('',(0.0241586391934211,0.189557160011603,0.00410736436034313));
#7444=CARTESIAN_POINT('',(0.0123900485722809,0.3048,0.00735589236184299));
#7445=CARTESIAN_POINT('',(0.0242890662637202,0.189557160011603,0.00501464444304603));
#7446=CARTESIAN_POINT('',(0.0132473679122384,0.3048,0.00845796088782932));
#7447=CARTESIAN_POINT('',(0.0243608499478477,0.189557160011603,0.00545738343659274));
#7448=CARTESIAN_POINT('',(0.0136976774918843,0.3048,0.00899215272784797));
#7449=CARTESIAN_POINT('',(0.0245165674884806,0.189557160011603,0.0063199248952706));
#7450=CARTESIAN_POINT('',(0.0146388213024116,0.3048,0.0100235594442024));
#7451=CARTESIAN_POINT('',(0.0246005011133253,0.189557160011603,0.00673972710652316));
#7452=CARTESIAN_POINT('',(0.0151296549366196,0.3048,0.0105207736666392));
#7453=CARTESIAN_POINT('',(0.0247794309834117,0.189557160011603,0.00755534853746811));
#7454=CARTESIAN_POINT('',(0.0161488207531628,0.3048,0.0114751596079779));
#7455=CARTESIAN_POINT('',(0.0248744269777878,0.189557160011603,0.0079511675222404));
#7456=CARTESIAN_POINT('',(0.0166771522893595,0.3048,0.011932330721811));
#7457=CARTESIAN_POINT('',(0.0250743042742282,0.189557160011603,0.00871787188730516));
#7458=CARTESIAN_POINT('',(0.0177680566157523,0.3048,0.01280381178144));
#7459=CARTESIAN_POINT('',(0.0251791853077686,0.189557160011603,0.00908875705308441));
#7460=CARTESIAN_POINT('',(0.0183306287143289,0.3048,0.0132181211747278));
#7461=CARTESIAN_POINT('',(0.0253975734061247,0.189557160011603,0.00980474576453964));
#7462=CARTESIAN_POINT('',(0.0194865457626369,0.3048,0.0140013243821177));
#7463=CARTESIAN_POINT('',(0.0255110801864139,0.189557160011603,0.0101498491174318));
#7464=CARTESIAN_POINT('',(0.0200798899795314,0.3048,0.0143702176996788));
#7465=CARTESIAN_POINT('',(0.0257453868405091,0.189557160011603,0.0108135348993107));
#7466=CARTESIAN_POINT('',(0.0212936931367703,0.3048,0.0150603143466145));
#7467=CARTESIAN_POINT('',(0.0258661864155399,0.189557160011603,0.0111321171584315));
#7468=CARTESIAN_POINT('',(0.0219141513075785,0.3048,0.0153815172384766));
#7469=CARTESIAN_POINT('',(0.0261136808165182,0.189557160011603,0.0117421356050667));
#7470=CARTESIAN_POINT('',(0.0231783570736534,0.3048,0.0159742526496493));
#7471=CARTESIAN_POINT('',(0.0262403753312841,0.189557160011603,0.0120335716466806));
#7472=CARTESIAN_POINT('',(0.0238221038674292,0.3048,0.0162457847931732));
#7473=CARTESIAN_POINT('',(0.0264982060209556,0.189557160011603,0.0125887914071726));
#7474=CARTESIAN_POINT('',(0.025128917993401,0.3048,0.0167375045576687));
#7475=CARTESIAN_POINT('',(0.0266293418741916,0.189557160011603,0.0128525750050149));
#7476=CARTESIAN_POINT('',(0.0257919844970931,0.3048,0.016957691866896));
#7477=CARTESIAN_POINT('',(0.0268945554022197,0.189557160011603,0.0133521065308389));
#7478=CARTESIAN_POINT('',(0.0271333500393156,0.3048,0.0173453643688526));
#7479=CARTESIAN_POINT('',(0.0270286327468376,0.189557160011603,0.0135878543633959));
#7480=CARTESIAN_POINT('',(0.0278116482274369,0.3048,0.0175128493158022));
#7481=CARTESIAN_POINT('',(0.0272981929567431,0.189557160011603,0.0140310571652179));
#7482=CARTESIAN_POINT('',(0.0291792952212928,0.3048,0.0177940844253312));
#7483=CARTESIAN_POINT('',(0.0274336754853872,0.189557160011603,0.0142385120652575));
#7484=CARTESIAN_POINT('',(0.0298686431599564,0.3048,0.0179078344096108));
#7485=CARTESIAN_POINT('',(0.0277044833104621,0.189557160011603,0.0146250004342169));
#7486=CARTESIAN_POINT('',(0.0312541396069399,0.3048,0.0180808982187417));
#7487=CARTESIAN_POINT('',(0.0278398082658557,0.189557160011603,0.0148040338605374));
#7488=CARTESIAN_POINT('',(0.0319502872368724,0.3048,0.0181402119338726));
#7489=CARTESIAN_POINT('',(0.0281087219129401,0.189557160011603,0.0151336810187233));
#7490=CARTESIAN_POINT('',(0.0333450910906637,0.3048,0.0182040374466725));
#7491=CARTESIAN_POINT('',(0.0282423102613029,0.189557160011603,0.0152842947348784));
#7492=CARTESIAN_POINT('',(0.0340437464302341,0.3048,0.018208549203877));
#7493=CARTESIAN_POINT('',(0.0285061656579849,0.189557160011603,0.0155572353894112));
#7494=CARTESIAN_POINT('',(0.0354392582612549,0.3048,0.0181627429148355));
#7495=CARTESIAN_POINT('',(0.0286364323628019,0.189557160011603,0.0156795623390641));
#7496=CARTESIAN_POINT('',(0.0361361138679683,0.3048,0.0181124248976301));
#7497=CARTESIAN_POINT('',(0.0288920637419758,0.189557160011603,0.0158961936240339));
#7498=CARTESIAN_POINT('',(0.0375237298817258,0.3048,0.0179572692177513));
#7499=CARTESIAN_POINT('',(0.0290174279973312,0.189557160011603,0.0159904980124271));
#7500=CARTESIAN_POINT('',(0.0382144892095739,0.3048,0.0178524316917833));
#7501=CARTESIAN_POINT('',(0.0291395583222109,0.189557160011603,0.01607098839777));
#7502=CARTESIAN_POINT('',(0.0389000719502088,0.3048,0.0177206574112669));
#7503=CARTESIAN_POINT('',(0.0214674387415407,0.210608333333334,0.00220635720234315));
#7504=CARTESIAN_POINT('',(0.00467412077443457,0.246036311817663,0.35270803503634));
#7505=CARTESIAN_POINT('',(0.0105353466965973,0.270933858317982,-0.00641323107032438));
#7506=CARTESIAN_POINT('',(0.0105782511656007,0.270436795002856,-0.0064470061537097));
#7507=CARTESIAN_POINT('',(0.0106213863644532,0.269939718609645,-0.00647972100591556));
#7508=CARTESIAN_POINT('',(0.0106647483661663,0.269442630837611,-0.0065114375202937));
#7509=CARTESIAN_POINT('',(0.0106647483661663,0.269442630837611,-0.00651143752029371));
#7510=CARTESIAN_POINT('',(0.0106647483661662,0.269442630837611,-0.0065114375202937));
#7511=CARTESIAN_POINT('',(0.0102508651982564,0.269952314561742,-0.00648410940859793));
#7512=CARTESIAN_POINT('',(0.00982254000955796,0.270449688459871,-0.00645661785207795));
#7513=CARTESIAN_POINT('',(0.00938025897426223,0.270933858317973,-0.00642910726370754));
#7514=CARTESIAN_POINT('',(0.0107243763542477,0.269433683472729,-0.00652057513352845));
#7515=CARTESIAN_POINT('',(0.0104955786243116,0.270933858317982,-0.00660312479804676));
#7516=CARTESIAN_POINT('',(0.0103534299358851,0.269433683472729,-0.00645922327306361));
#7517=CARTESIAN_POINT('',(0.0101216171129488,0.270933858317982,-0.00654437537195497));
#7518=CARTESIAN_POINT('',(0.00998245291943236,0.269433683472729,-0.00639828998360684));
#7519=CARTESIAN_POINT('',(0.00974762630141123,0.270933858317982,-0.00648602676185012));
#7520=CARTESIAN_POINT('',(0.00961144557706341,0.269433683472729,-0.00633777267303497));
#7521=CARTESIAN_POINT('',(0.00937360645032765,0.270933858317982,-0.0064280764855622));
#7522=CARTESIAN_POINT('',(0.0106647483661663,0.269442630837611,-0.00651143752029371));
#7523=CARTESIAN_POINT('',(0.0106057562466394,0.26993965666126,-0.00654172612073283));
#7524=CARTESIAN_POINT('',(0.0105471466574635,0.270436732246834,-0.00657194194654683));
#7525=CARTESIAN_POINT('',(0.0104889271318893,0.270933858317982,-0.0066020798900474));
#7526=CARTESIAN_POINT('',(0.0128091384051066,0.269230486614757,-0.0281857433980613));
#7527=CARTESIAN_POINT('',(0.0144020333626915,0.3048,-0.0266940954884421));
#7528=CARTESIAN_POINT('',(0.0144115337893915,0.305012145536065,-0.0266851989246354));
#7529=CARTESIAN_POINT('',(0.012522827043561,0.269230486614757,-0.0277262017228482));
#7530=CARTESIAN_POINT('',(0.0139248402531866,0.3048,-0.0261845124319114));
#7531=CARTESIAN_POINT('',(0.0139332022130679,0.305012145536065,-0.0261753174087035));
#7532=CARTESIAN_POINT('',(0.0122527857481664,0.269230486614757,-0.0272452197540131));
#7533=CARTESIAN_POINT('',(0.013467669278189,0.3048,-0.0256561810439739));
#7534=CARTESIAN_POINT('',(0.0134749151495323,0.305012145536065,-0.0256467036169055));
#7535=CARTESIAN_POINT('',(0.0117475941875692,0.269230486614757,-0.0262432455374529));
#7536=CARTESIAN_POINT('',(0.01259618821856,0.3048,-0.0245652767175809));
#7537=CARTESIAN_POINT('',(0.0126012494470805,0.305012145536065,-0.0245552688889403));
#7538=CARTESIAN_POINT('',(0.0115124444831746,0.269230486614757,-0.0257222539710254));
#7539=CARTESIAN_POINT('',(0.0121818788252722,0.3048,-0.0240027046190045));
#7540=CARTESIAN_POINT('',(0.0121858715002865,0.305012145536065,-0.0239924487935979));
#7541=CARTESIAN_POINT('',(0.0110791745266075,0.269230486614757,-0.0246433041263561));
#7542=CARTESIAN_POINT('',(0.0113986756178823,0.3048,-0.0228467875706964));
#7543=CARTESIAN_POINT('',(0.0114005812028575,0.305012145536065,-0.0228360726935031));
#7544=CARTESIAN_POINT('',(0.0108810546772219,0.269230486614757,-0.024085346442581));
#7545=CARTESIAN_POINT('',(0.0110297823003212,0.3048,-0.0222534433538019));
#7546=CARTESIAN_POINT('',(0.0110306693493227,0.305012145536065,-0.0222425174224129));
#7547=CARTESIAN_POINT('',(0.0105237554937907,0.269230486614757,-0.0229356615918087));
#7548=CARTESIAN_POINT('',(0.0103396856533855,0.3048,-0.0210396401965631));
#7549=CARTESIAN_POINT('',(0.0103385878144991,0.305012145536065,-0.021028331847446));
#7550=CARTESIAN_POINT('',(0.0103645765146488,0.269230486614757,-0.0223439350490478));
#7551=CARTESIAN_POINT('',(0.0100184827615234,0.3048,-0.0204191820257548));
#7552=CARTESIAN_POINT('',(0.0100164185712156,0.305012145536065,-0.020407702313972));
#7553=CARTESIAN_POINT('',(0.0100868316263148,0.269230486614757,-0.0211300453158117));
#7554=CARTESIAN_POINT('',(0.00942574735035065,0.3048,-0.01915497625968));
#7555=CARTESIAN_POINT('',(0.00942180447723374,0.305012145536065,-0.0191431964504051));
#7556=CARTESIAN_POINT('',(0.00996826602195544,0.269230486614757,-0.0205078827754941));
#7557=CARTESIAN_POINT('',(0.00915421520682676,0.3048,-0.0185112294659041));
#7558=CARTESIAN_POINT('',(0.00914936000274542,0.305012145536065,-0.0184993209227056));
#7559=CARTESIAN_POINT('',(0.00977317202493434,0.269230486614757,-0.019236570358376));
#7560=CARTESIAN_POINT('',(0.00866249544233133,0.3048,-0.0172044153399324));
#7561=CARTESIAN_POINT('',(0.00865587108746713,0.305012145536065,-0.0171922950556011));
#7562=CARTESIAN_POINT('',(0.00969664388515497,0.269230486614757,-0.0185874211536458));
#7563=CARTESIAN_POINT('',(0.00844230813310399,0.3048,-0.0165413488362402));
#7564=CARTESIAN_POINT('',(0.00843482695877243,0.305012145536065,-0.0165291455456328));
#7565=CARTESIAN_POINT('',(0.00958679217337415,0.269230486614757,-0.0172656813453532));
#7566=CARTESIAN_POINT('',(0.00805463563114745,0.3048,-0.0151999832940177));
#7567=CARTESIAN_POINT('',(0.0080454974636537,0.305012145536065,-0.0151876629505904));
#7568=CARTESIAN_POINT('',(0.00955346880074549,0.269230486614757,-0.0165930914316303));
#7569=CARTESIAN_POINT('',(0.00788715068419778,0.3048,-0.0145216851058965));
#7570=CARTESIAN_POINT('',(0.00787721234328598,0.305012145536065,-0.014509330716883));
#7571=CARTESIAN_POINT('',(0.00953093040404167,0.269230486614757,-0.0152280923243838));
#7572=CARTESIAN_POINT('',(0.00760591557466887,0.3048,-0.0131540381120405));
#7573=CARTESIAN_POINT('',(0.00759443430140863,0.305012145536065,-0.0131416679303645));
#7574=CARTESIAN_POINT('',(0.00954171552460051,0.269230486614757,-0.0145356838342157));
#7575=CARTESIAN_POINT('',(0.00749216559038919,0.3048,-0.0124646901733769));
#7576=CARTESIAN_POINT('',(0.00747994155839935,0.305012145536065,-0.0124523382456009));
#7577=CARTESIAN_POINT('',(0.00960802915513504,0.269230486614757,-0.0131347249597695));
#7578=CARTESIAN_POINT('',(0.00731910178125834,0.3048,-0.0110791937263934));
#7579=CARTESIAN_POINT('',(0.00730545004193077,0.305012145536065,-0.0110669340204289));
#7580=CARTESIAN_POINT('',(0.00966355775411424,0.269230486614757,-0.0124261752880266));
#7581=CARTESIAN_POINT('',(0.00725978806612746,0.3048,-0.0103830460964609));
#7582=CARTESIAN_POINT('',(0.00724545137831533,0.305012145536065,-0.0103708603593972));
#7583=CARTESIAN_POINT('',(0.00981972113470391,0.269230486614757,-0.0109966454473213));
#7584=CARTESIAN_POINT('',(0.0071959625533275,0.3048,-0.00898824224266967));
#7585=CARTESIAN_POINT('',(0.00718031379635066,0.305012145536065,-0.00897626362013778));
#7586=CARTESIAN_POINT('',(0.00992035594913867,0.269230486614757,-0.0102756659956807));
#7587=CARTESIAN_POINT('',(0.007191450796123,0.3048,-0.00828958690309926));
#7588=CARTESIAN_POINT('',(0.00717517491851158,0.305012145536065,-0.00827774142719412));
#7589=CARTESIAN_POINT('',(0.0101668204769657,0.269230486614757,-0.00882500053812087));
#7590=CARTESIAN_POINT('',(0.00723725708516449,0.3048,-0.00689407507207841));
#7591=CARTESIAN_POINT('',(0.00721978443128088,0.305012145536065,-0.00688255854629247));
#7592=CARTESIAN_POINT('',(0.0103126501668006,0.269230486614757,-0.00809531524988752));
#7593=CARTESIAN_POINT('',(0.00728757510236986,0.3048,-0.00619721946536501));
#7594=CARTESIAN_POINT('',(0.00726953279281593,0.305012145536065,-0.00618589874406786));
#7595=CARTESIAN_POINT('',(0.0106493189454017,0.269230486614757,-0.00663095306563354));
#7596=CARTESIAN_POINT('',(0.00744273078224871,0.3048,-0.00480960345160751));
#7597=CARTESIAN_POINT('',(0.00742360588285965,0.305012145536065,-0.00479874046379984));
#7598=CARTESIAN_POINT('',(0.0108401579543743,0.269230486614757,-0.00589627688323806));
#7599=CARTESIAN_POINT('',(0.00754756834655543,0.3048,-0.0041188439242946));
#7600=CARTESIAN_POINT('',(0.00752793051289079,0.305012145536065,-0.00410824286647832));
#7601=CARTESIAN_POINT('',(0.0112663872060428,0.269230486614757,-0.0044256173736672));
#7602=CARTESIAN_POINT('',(0.0078111168309107,0.3048,-0.00274767884195441));
#7603=CARTESIAN_POINT('',(0.00779050872817841,0.305012145536065,-0.00273767119395996));
#7604=CARTESIAN_POINT('',(0.0115017773132006,0.269230486614757,-0.00368963475165659));
#7605=CARTESIAN_POINT('',(0.0079698275838728,0.3048,-0.00206727415622867));
#7606=CARTESIAN_POINT('',(0.00794876214616028,0.305012145536065,-0.00205759798904361));
#7607=CARTESIAN_POINT('',(0.0120163811630927,0.269230486614757,-0.00221999504328609));
#7608=CARTESIAN_POINT('',(0.00834014400865967,0.3048,-0.000721013693997082));
#7609=CARTESIAN_POINT('',(0.00831821800440482,0.305012145536065,-0.000712073391709234));
#7610=CARTESIAN_POINT('',(0.0122955947153801,0.269230486614757,-0.00148633864928299));
#7611=CARTESIAN_POINT('',(0.00855174944570844,0.3048,-5.51587710035823E-05));
#7612=CARTESIAN_POINT('',(0.0085294202096271,0.305012145536065,-4.66228537647367E-05));
#7613=CARTESIAN_POINT('',(0.0128968533178307,0.269230486614757,-2.49113149447681E-05));
#7614=CARTESIAN_POINT('',(0.00902655068702539,0.3048,0.00125789692769271));
#7615=CARTESIAN_POINT('',(0.00900346722739378,0.305012145536065,0.00126554791912897));
#7616=CARTESIAN_POINT('',(0.0132188981238125,0.269230486614757,0.000702858950110166));
#7617=CARTESIAN_POINT('',(0.0092897461902755,0.3048,0.00190509687093457));
#7618=CARTESIAN_POINT('',(0.00926631173858111,0.305012145536065,0.00191226732067978));
#7619=CARTESIAN_POINT('',(0.0139045690807587,0.269230486614757,0.00214904740217985));
#7620=CARTESIAN_POINT('',(0.00986610494058238,0.3048,0.00317685238107778));
#7621=CARTESIAN_POINT('',(0.00984201852335715,0.305012145536065,0.00318298246882614));
#7622=CARTESIAN_POINT('',(0.0142681948557349,0.269230486614757,0.00286746479088096));
#7623=CARTESIAN_POINT('',(0.0101792677241346,0.3048,0.00380140696384702));
#7624=CARTESIAN_POINT('',(0.0101548803329194,0.305012145536065,0.00380697723018132));
#7625=CARTESIAN_POINT('',(0.014651861435869,0.269230486614757,0.00357952974176808));
#7626=CARTESIAN_POINT('',(0.0105164492302061,0.3048,0.00441271440468629));
#7627=CARTESIAN_POINT('',(0.0104917845903018,0.305012145536065,0.00441768372785473));
#7628=CARTESIAN_POINT('',(0.0101838865116273,0.210608333333334,-0.0306441299228512));
#7629=CARTESIAN_POINT('',(0.0626213257437304,0.116416666666667,-0.0345941643247624));
#7630=CARTESIAN_POINT('',(0.04549048861485,0.3048,-0.0324689617373264));
#7631=CARTESIAN_POINT('',(0.0453191802435611,0.306683833333334,-0.032447709711452));
#7632=CARTESIAN_POINT('',(0.0624343436114428,0.116416666666667,-0.0345941643247624));
#7633=CARTESIAN_POINT('',(0.0453893521241391,0.3048,-0.0325163805840163));
#7634=CARTESIAN_POINT('',(0.0452189022092661,0.306683833333334,-0.0324956027466088));
#7635=CARTESIAN_POINT('',(0.0622473614791551,0.116416666666667,-0.0345941643247624));
#7636=CARTESIAN_POINT('',(0.0452882156334283,0.3048,-0.0325637994307063));
#7637=CARTESIAN_POINT('',(0.045118624174971,0.306683833333334,-0.0325434957817657));
#7638=CARTESIAN_POINT('',(0.0620603793468674,0.116416666666667,-0.0345941643247624));
#7639=CARTESIAN_POINT('',(0.0451870791427174,0.3048,-0.0326112182773962));
#7640=CARTESIAN_POINT('',(0.0450183461406759,0.306683833333334,-0.0325913888169226));
#7641=CARTESIAN_POINT('',(0.0608917410200694,0.116416666666667,-0.0345941643247624));
#7642=CARTESIAN_POINT('',(0.0445549760757746,0.3048,-0.0329075860692086));
#7643=CARTESIAN_POINT('',(0.0443916084263316,0.306683833333334,-0.032890720286653));
#7644=CARTESIAN_POINT('',(0.0597231026932714,0.116416666666667,-0.0345941643247624));
#7645=CARTESIAN_POINT('',(0.0439112294659042,0.3048,-0.0331791181265065));
#7646=CARTESIAN_POINT('',(0.0437531107336305,0.306683833333334,-0.033164967664524));
#7647=CARTESIAN_POINT('',(0.0573858260396754,0.116416666666667,-0.0345941643247624));
#7648=CARTESIAN_POINT('',(0.0426044153399324,0.3048,-0.033670837891002));
#7649=CARTESIAN_POINT('',(0.042456601232935,0.306683833333334,-0.0336616046266644));
#7650=CARTESIAN_POINT('',(0.0562171877128774,0.116416666666667,-0.0345941643247624));
#7651=CARTESIAN_POINT('',(0.0419413488362402,0.3048,-0.0338910252002293));
#7652=CARTESIAN_POINT('',(0.0417985904474739,0.306683833333334,-0.033883993808984));
#7653=CARTESIAN_POINT('',(0.0538799110592814,0.116416666666667,-0.0345941643247624));
#7654=CARTESIAN_POINT('',(0.0405999832940178,0.3048,-0.0342786977021858));
#7655=CARTESIAN_POINT('',(0.0404671840163652,0.306683833333334,-0.0342755430359601));
#7656=CARTESIAN_POINT('',(0.0527112727324834,0.116416666666667,-0.0345941643247624));
#7657=CARTESIAN_POINT('',(0.0399216851058965,0.3048,-0.0344461826491355));
#7658=CARTESIAN_POINT('',(0.0397937892296306,0.306683833333334,-0.0344447028323793));
#7659=CARTESIAN_POINT('',(0.0503739960788874,0.116416666666667,-0.0345941643247624));
#7660=CARTESIAN_POINT('',(0.0385540381120405,0.3048,-0.0347274177586644));
#7661=CARTESIAN_POINT('',(0.038435838532372,0.306683833333334,-0.0347287502930035));
#7662=CARTESIAN_POINT('',(0.0492053577520894,0.116416666666667,-0.0345941643247624));
#7663=CARTESIAN_POINT('',(0.037864690173377,0.3048,-0.0348411677429441));
#7664=CARTESIAN_POINT('',(0.0377512834975899,0.306683833333334,-0.034843637777126));
#7665=CARTESIAN_POINT('',(0.0468680810984933,0.116416666666667,-0.0345941643247624));
#7666=CARTESIAN_POINT('',(0.0364791937263935,0.3048,-0.035014231552075));
#7667=CARTESIAN_POINT('',(0.0363753048526725,0.306683833333334,-0.0350184322243481));
#7668=CARTESIAN_POINT('',(0.0456994427716953,0.116416666666667,-0.0345941643247624));
#7669=CARTESIAN_POINT('',(0.0357830460964609,0.3048,-0.0350735452672059));
#7670=CARTESIAN_POINT('',(0.0356838821297085,0.306683833333334,-0.0350783390766303));
#7671=CARTESIAN_POINT('',(0.0433621661180994,0.116416666666667,-0.0345941643247624));
#7672=CARTESIAN_POINT('',(0.0343882422426697,0.3048,-0.0351373707800058));
#7673=CARTESIAN_POINT('',(0.0342985030039154,0.306683833333334,-0.0351428028445583));
#7674=CARTESIAN_POINT('',(0.0421935277913013,0.116416666666667,-0.0345941643247624));
#7675=CARTESIAN_POINT('',(0.0336895869030992,0.3048,-0.0351418825372103));
#7676=CARTESIAN_POINT('',(0.0336045474942172,0.306683833333334,-0.0351473597193348));
#7677=CARTESIAN_POINT('',(0.0398562511377053,0.116416666666667,-0.0345941643247624));
#7678=CARTESIAN_POINT('',(0.0322940750720784,0.3048,-0.0350960762481689));
#7679=CARTESIAN_POINT('',(0.0322184533114221,0.306683833333334,-0.0351010953674029));
#7680=CARTESIAN_POINT('',(0.0386876128109073,0.116416666666667,-0.0345941643247624));
#7681=CARTESIAN_POINT('',(0.031597219465365,0.3048,-0.0350457582309634));
#7682=CARTESIAN_POINT('',(0.0315263155319096,0.306683833333334,-0.0350502741700255));
#7683=CARTESIAN_POINT('',(0.0363503361573113,0.116416666666667,-0.0345941643247624));
#7684=CARTESIAN_POINT('',(0.0302096034516076,0.3048,-0.0348906025510846));
#7685=CARTESIAN_POINT('',(0.0301481961245505,0.306683833333334,-0.0348935669333479));
#7686=CARTESIAN_POINT('',(0.0351816978305133,0.116416666666667,-0.0345941643247624));
#7687=CARTESIAN_POINT('',(0.0295188439242947,0.3048,-0.0347857649867779));
#7688=CARTESIAN_POINT('',(0.0294622153852325,0.306683833333334,-0.0347876809933981));
#7689=CARTESIAN_POINT('',(0.0328444211769173,0.116416666666667,-0.0345941643247624));
#7690=CARTESIAN_POINT('',(0.0281476788419544,0.3048,-0.0345222165024227));
#7691=CARTESIAN_POINT('',(0.0281007114186048,0.306683833333334,-0.0345214970241992));
#7692=CARTESIAN_POINT('',(0.0316757828501193,0.116416666666667,-0.0345941643247624));
#7693=CARTESIAN_POINT('',(0.0274672741562287,0.3048,-0.0343635057494605));
#7694=CARTESIAN_POINT('',(0.0274251890692898,0.306683833333334,-0.0343611991637075));
#7695=CARTESIAN_POINT('',(0.0293385061965233,0.116416666666667,-0.0345941643247624));
#7696=CARTESIAN_POINT('',(0.0261210136939971,0.3048,-0.0339931893246736));
#7697=CARTESIAN_POINT('',(0.0260888387689719,0.306683833333334,-0.0339871795746728));
#7698=CARTESIAN_POINT('',(0.0281698678697253,0.116416666666667,-0.0345941643247624));
#7699=CARTESIAN_POINT('',(0.0254551587710036,0.3048,-0.0337815838876249));
#7700=CARTESIAN_POINT('',(0.0254280116800164,0.306683833333334,-0.0337734580832535));
#7701=CARTESIAN_POINT('',(0.0258325912161293,0.116416666666667,-0.0345941643247624));
#7702=CARTESIAN_POINT('',(0.0241421030723073,0.3048,-0.033306782646308));
#7703=CARTESIAN_POINT('',(0.024125198190869,0.306683833333334,-0.0332939088295234));
#7704=CARTESIAN_POINT('',(0.0246639528893313,0.116416666666667,-0.0345941643247624));
#7705=CARTESIAN_POINT('',(0.0234949031290655,0.3048,-0.0330435871430578));
#7706=CARTESIAN_POINT('',(0.0234832126314628,0.306683833333334,-0.0330280813712408));
#7707=CARTESIAN_POINT('',(0.0223266762357353,0.116416666666667,-0.0345941643247624));
#7708=CARTESIAN_POINT('',(0.0222231476189222,0.3048,-0.032467228392751));
#7709=CARTESIAN_POINT('',(0.0222221123327541,0.306683833333334,-0.0324459590334309));
#7710=CARTESIAN_POINT('',(0.0211580379089372,0.116416666666667,-0.0345941643247624));
#7711=CARTESIAN_POINT('',(0.021598592858298,0.3048,-0.0321540655110985));
#7712=CARTESIAN_POINT('',(0.0216029984077916,0.306683833333334,-0.0321296645229618));
#7713=CARTESIAN_POINT('',(0.0188207612553412,0.116416666666667,-0.0345941643247624));
#7714=CARTESIAN_POINT('',(0.0203759783323295,0.3048,-0.031479702695156));
#7715=CARTESIAN_POINT('',(0.0203915305030994,0.306683833333334,-0.03144855807886));
#7716=CARTESIAN_POINT('',(0.0176521229285432,0.116416666666667,-0.0345941643247624));
#7717=CARTESIAN_POINT('',(0.0197779193421076,0.3048,-0.0311185031884037));
#7718=CARTESIAN_POINT('',(0.0197991773062433,0.306683833333334,-0.0310837465770401));
#7719=CARTESIAN_POINT('',(0.0153148462749472,0.116416666666667,-0.0345941643247624));
#7720=CARTESIAN_POINT('',(0.0186119836254271,0.3048,-0.0303502939778344));
#7721=CARTESIAN_POINT('',(0.0186449549989318,0.306683833333334,-0.0303078552743651));
#7722=CARTESIAN_POINT('',(0.0141462079481492,0.116416666666667,-0.0345941643247624));
#7723=CARTESIAN_POINT('',(0.0180441076381571,0.3048,-0.0299432847610525));
#7724=CARTESIAN_POINT('',(0.0180830866350571,0.306683833333334,-0.0298967759654153));
#7725=CARTESIAN_POINT('',(0.0118089312945532,0.116416666666667,-0.0345941643247624));
#7726=CARTESIAN_POINT('',(0.0169420391121708,0.3048,-0.0290859654210949));
#7727=CARTESIAN_POINT('',(0.0169933701903469,0.306683833333334,-0.0290308834320582));
#7728=CARTESIAN_POINT('',(0.0106402929677552,0.116416666666667,-0.0345941643247624));
#7729=CARTESIAN_POINT('',(0.0164078472721521,0.3048,-0.028635655841449));
#7730=CARTESIAN_POINT('',(0.016465522815196,0.306683833333334,-0.028576070756616));
#7731=CARTESIAN_POINT('',(0.00830301631415918,0.116416666666667,-0.0345941643247624));
#7732=CARTESIAN_POINT('',(0.0153764405557976,0.3048,-0.0276945120309218));
#7733=CARTESIAN_POINT('',(0.015447174798214,0.306683833333334,-0.0276255155079833));
#7734=CARTESIAN_POINT('',(0.00713437798736118,0.116416666666667,-0.0345941643247624));
#7735=CARTESIAN_POINT('',(0.0148792264721964,0.3048,-0.0272036785449729));
#7736=CARTESIAN_POINT('',(0.0149566749570448,0.306683833333334,-0.027129773687175));
#7737=CARTESIAN_POINT('',(0.00596573966056317,0.116416666666667,-0.0345941643247624));
#7738=CARTESIAN_POINT('',(0.0144020333626915,0.3048,-0.0266940954884421));
#7739=CARTESIAN_POINT('',(0.0144863962997127,0.306683833333334,-0.0266150948000789));
#7740=CARTESIAN_POINT('',(0.00577875752827549,0.116416666666667,-0.0345941643247624));
#7741=CARTESIAN_POINT('',(0.0143256824651707,0.3048,-0.0266125621993972));
#7742=CARTESIAN_POINT('',(0.0144111517145396,0.306683833333334,-0.0265327461781436));
#7743=CARTESIAN_POINT('',(0.00559177539598781,0.116416666666667,-0.0345941643247624));
#7744=CARTESIAN_POINT('',(0.0142493315676499,0.3048,-0.0265310289103523));
#7745=CARTESIAN_POINT('',(0.0143359071293665,0.306683833333334,-0.0264503975562082));
#7746=CARTESIAN_POINT('',(0.00540479326370013,0.116416666666667,-0.0345941643247624));
#7747=CARTESIAN_POINT('',(0.0141729806701291,0.3048,-0.0264494956213074));
#7748=CARTESIAN_POINT('',(0.0142606625441934,0.306683833333334,-0.0263680489342728));
#7749=CARTESIAN_POINT('',(0.00684694948474608,0.127000000495767,-0.0341606129572315));
#7750=CARTESIAN_POINT('',(0.00879625387626004,0.138924237767147,-0.0337080614647235));
#7751=CARTESIAN_POINT('',(0.0122581450308671,0.162843166853632,-0.0330311696341893));
#7752=CARTESIAN_POINT('',(0.0167549322773294,0.198832828678961,-0.0326218232045181));
#7753=CARTESIAN_POINT('',(0.0207774777986664,0.234878555016556,-0.03278843736207));
#7754=CARTESIAN_POINT('',(0.0232678440113821,0.25892474217807,-0.033252810068487));
#7755=CARTESIAN_POINT('',(0.0246262371199612,0.270933858317982,-0.0335806323561279));
#7756=CARTESIAN_POINT('',(0.0324184282528753,0.09525,-1.44560289664734E-18));
#7757=CARTESIAN_POINT('',(0.0211666666666666,0.0529166666666667,0.));
#7758=CARTESIAN_POINT('',(0.0318451235229014,0.09525,-0.00112517388590266));
#7759=CARTESIAN_POINT('',(0.0209201512306251,0.0529166666666667,-0.000677295594071291));
#7760=CARTESIAN_POINT('',(0.0312729816962537,0.09525,-0.00222896341302376));
#7761=CARTESIAN_POINT('',(0.0206789175130108,0.0529166666666667,-0.00132505855775406));
#7762=CARTESIAN_POINT('',(0.0301309044895027,0.09525,-0.00439238647320636));
#7763=CARTESIAN_POINT('',(0.0202050632530467,0.0529166666666667,-0.00257126346582708));
#7764=CARTESIAN_POINT('',(0.0295609690119238,0.09525,-0.00545202026498212));
#7765=CARTESIAN_POINT('',(0.019972438698725,0.0529166666666667,-0.00316971318819604));
#7766=CARTESIAN_POINT('',(0.0284231854251396,0.09525,-0.00752573014415756));
#7767=CARTESIAN_POINT('',(0.0195135087628559,0.0529166666666667,-0.00432650543580384));
#7768=CARTESIAN_POINT('',(0.0278553373178752,0.09525,-0.00853980629516553));
#7769=CARTESIAN_POINT('',(0.0192872019100173,0.0529166666666667,-0.00488484955346097));
#7770=CARTESIAN_POINT('',(0.0267216106074184,0.09525,-0.0105209807625893));
#7771=CARTESIAN_POINT('',(0.0188383458265206,0.0529166666666667,-0.00596999866965586));
#7772=CARTESIAN_POINT('',(0.0261557320061539,0.09525,-0.0114880791427056));
#7773=CARTESIAN_POINT('',(0.0186157954877935,0.0529166666666667,-0.00649680530464451));
#7774=CARTESIAN_POINT('',(0.0250258274003807,0.09525,-0.0133738579990997));
#7775=CARTESIAN_POINT('',(0.0181716575564876,0.0529166666666667,-0.00752676656858799));
#7776=CARTESIAN_POINT('',(0.0244618013977887,0.09525,-0.0142925385392246));
#7777=CARTESIAN_POINT('',(0.017950069163946,0.0529166666666667,-0.00802992324593056));
#7778=CARTESIAN_POINT('',(0.0233354859813698,0.09525,-0.0160800197943562));
#7779=CARTESIAN_POINT('',(0.0175048553333359,0.0529166666666667,-0.00901973687644786));
#7780=CARTESIAN_POINT('',(0.0227731965694496,0.09525,-0.016948820573411));
#7781=CARTESIAN_POINT('',(0.0172812293533364,0.0529166666666667,-0.00950639662419904));
#7782=CARTESIAN_POINT('',(0.0216502391683626,0.09525,-0.0186350566148684));
#7783=CARTESIAN_POINT('',(0.0168287555753721,0.0529166666666667,-0.0104695624934965));
#7784=CARTESIAN_POINT('',(0.0210895711810946,0.09525,-0.0194524919415748));
#7785=CARTESIAN_POINT('',(0.0165999074457251,0.0529166666666667,-0.0109460724747633));
#7786=CARTESIAN_POINT('',(0.0199697422481984,0.09525,-0.0210344856914764));
#7787=CARTESIAN_POINT('',(0.0161336325322886,0.0529166666666667,-0.0118943801600848));
#7788=CARTESIAN_POINT('',(0.0194105813044626,0.09525,-0.0217990441792855));
#7789=CARTESIAN_POINT('',(0.0158962055788242,0.0529166666666667,-0.0123661831110186));
#7790=CARTESIAN_POINT('',(0.018293652805552,0.09525,-0.0232737452356576));
#7791=CARTESIAN_POINT('',(0.0154092514465649,0.0529166666666667,-0.0133094780158108));
#7792=CARTESIAN_POINT('',(0.0177358852522649,0.09525,-0.0239838878691988));
#7793=CARTESIAN_POINT('',(0.0151597242086531,0.0529166666666667,-0.0137809769471365));
#7794=CARTESIAN_POINT('',(0.016621630552512,0.09525,-0.0253481886287596));
#7795=CARTESIAN_POINT('',(0.014644886426292,0.0529166666666667,-0.0147268430397334));
#7796=CARTESIAN_POINT('',(0.0160651434079306,0.09525,-0.026002346820176));
#7797=CARTESIAN_POINT('',(0.0143795758758763,0.0529166666666667,-0.0152012192922611));
#7798=CARTESIAN_POINT('',(0.0149533371586136,0.09525,-0.0272530785792594));
#7799=CARTESIAN_POINT('',(0.0138293276205914,0.0529166666666667,-0.0161545577251895));
#7800=CARTESIAN_POINT('',(0.0143980180557608,0.09525,-0.0278496522127966));
#7801=CARTESIAN_POINT('',(0.0135443898967904,0.0529166666666667,-0.0166335315519636));
#7802=CARTESIAN_POINT('',(0.0135658315748289,0.09525,-0.0287000989855603));
#7803=CARTESIAN_POINT('',(0.0130992595620356,0.0529166666666667,-0.017355391917019));
#7804=CARTESIAN_POINT('',(0.0132885681142611,0.09525,-0.0289761786956874));
#7805=CARTESIAN_POINT('',(0.0129479275708942,0.0529166666666667,-0.0175965637109628));
#7806=CARTESIAN_POINT('',(0.0127342913305538,0.09525,-0.0295133255045672));
#7807=CARTESIAN_POINT('',(0.0126388376567938,0.0529166666666667,-0.0180798039966316));
#7808=CARTESIAN_POINT('',(0.0124572780074731,0.09525,-0.0297743926054036));
#7809=CARTESIAN_POINT('',(0.0124810797280659,0.0529166666666667,-0.0183218730025788));
#7810=CARTESIAN_POINT('',(0.0119034875997296,0.09525,-0.0302813044034889));
#7811=CARTESIAN_POINT('',(0.0121586126139822,0.0529166666666667,-0.018806552171793));
#7812=CARTESIAN_POINT('',(0.0116267105151255,0.09525,-0.0305271491028308));
#7813=CARTESIAN_POINT('',(0.011993903419629,0.0529166666666667,-0.0190491629094043));
#7814=CARTESIAN_POINT('',(0.0110733787131543,0.09525,-0.0310034039631522));
#7815=CARTESIAN_POINT('',(0.0116569988557225,0.0529166666666667,-0.0195344038815102));
#7816=CARTESIAN_POINT('',(0.010796823995846,0.09525,-0.0312338141262344));
#7817=CARTESIAN_POINT('',(0.0114848034730957,0.0529166666666667,-0.0197770347561281));
#7818=CARTESIAN_POINT('',(0.0102439230833473,0.09525,-0.0316789853737623));
#7819=CARTESIAN_POINT('',(0.0111323823479714,0.0529166666666667,-0.0202616100275075));
#7820=CARTESIAN_POINT('',(0.00996757688821595,0.09525,-0.0318937464603209));
#7821=CARTESIAN_POINT('',(0.0109521565874027,0.0529166666666667,-0.0205035551363235));
#7822=CARTESIAN_POINT('',(0.00941507919924562,0.09525,-0.0323074025457918));
#7823=CARTESIAN_POINT('',(0.0105831217190968,0.0529166666666667,-0.0209858483290599));
#7824=CARTESIAN_POINT('',(0.0091389277054657,0.09525,-0.0325062975468275));
#7825=CARTESIAN_POINT('',(0.0103943125872893,0.0529166666666667,-0.0212261972036504));
#7826=CARTESIAN_POINT('',(0.00858680562089492,0.09525,-0.0328880019199585));
#7827=CARTESIAN_POINT('',(0.0100075498146843,0.0529166666666667,-0.02170416029452));
#7828=CARTESIAN_POINT('',(0.0083108350301632,0.09525,-0.0330708112941884));
#7829=CARTESIAN_POINT('',(0.00980959614273116,0.0529166666666667,-0.0219417753873369));
#7830=CARTESIAN_POINT('',(0.0077590609741346,0.09525,-0.0334201222762565));
#7831=CARTESIAN_POINT('',(0.00940397577752213,0.0529166666666667,-0.022412881215809));
#7832=CARTESIAN_POINT('',(0.00748325750889699,0.09525,-0.0335866238862407));
#7833=CARTESIAN_POINT('',(0.00919630904484837,0.0529166666666667,-0.022646372921725));
#7834=CARTESIAN_POINT('',(0.00693180394527547,0.09525,-0.0339030945419976));
#7835=CARTESIAN_POINT('',(0.00877068774928285,0.0529166666666667,-0.0231075625415983));
#7836=CARTESIAN_POINT('',(0.00665615384695092,0.09525,-0.0340530635899284));
#7837=CARTESIAN_POINT('',(0.00855273313743826,0.0529166666666667,-0.0233352615280342));
#7838=CARTESIAN_POINT('',(0.00610499327576869,0.09525,-0.0343362415988285));
#7839=CARTESIAN_POINT('',(0.00810595629847872,0.0529166666666667,-0.0237828859311267));
#7840=CARTESIAN_POINT('',(0.00582948280297048,0.09525,-0.0344694505619683));
#7841=CARTESIAN_POINT('',(0.00787713401150225,0.0529166666666667,-0.0240028125316496));
#7842=CARTESIAN_POINT('',(0.00507347562215119,0.09525,-0.0348117462544458));
#7843=CARTESIAN_POINT('',(0.00723338265503153,0.0529166666666667,-0.0245925771319441));
#7844=CARTESIAN_POINT('',(0.00459247580045647,0.09525,-0.0350037491334802));
#7845=CARTESIAN_POINT('',(0.0067434084581843,0.0529166666666667,-0.025010122135171));
#7846=CARTESIAN_POINT('',(0.00387063055565329,0.09525,-0.0352520522767619));
#7847=CARTESIAN_POINT('',(0.00591343578426043,0.0529166666666667,-0.0256195690135181));
#7848=CARTESIAN_POINT('',(0.00362995785761507,0.09525,-0.0353282044559131));
#7849=CARTESIAN_POINT('',(0.00562095446016263,0.0529166666666667,-0.0258198891627946));
#7850=CARTESIAN_POINT('',(0.00314854932282699,0.09525,-0.0354670720470672));
#7851=CARTESIAN_POINT('',(0.005008893617093,0.0529166666666667,-0.0262019174351165));
#7852=CARTESIAN_POINT('',(0.00290781348579001,0.09525,-0.0355297874475145));
#7853=CARTESIAN_POINT('',(0.00468931350226015,0.0529166666666667,-0.0263836082791099));
#7854=CARTESIAN_POINT('',(0.00242633053665071,0.09525,-0.035641587152162));
#7855=CARTESIAN_POINT('',(0.00402777005720324,0.0529166666666667,-0.0267164249273911));
#7856=CARTESIAN_POINT('',(0.00218558342425547,0.09525,-0.0356906714449788));
#7857=CARTESIAN_POINT('',(0.00368580665466414,0.0529166666666667,-0.0268675341891483));
#7858=CARTESIAN_POINT('',(0.00182449303115838,0.09525,-0.0357539376164937));
#7859=CARTESIAN_POINT('',(0.00315974372830834,0.0529166666666667,-0.0270634685915866));
#7860=CARTESIAN_POINT('',(0.00170413461100763,0.09525,-0.0357732997217936));
#7861=CARTESIAN_POINT('',(0.00298220450741295,0.0529166666666667,-0.0271236721051729));
#7862=CARTESIAN_POINT('',(0.00146343429447219,0.09525,-0.0358085490010781));
#7863=CARTESIAN_POINT('',(0.00262338415478036,0.0529166666666667,-0.0272327497147184));
#7864=CARTESIAN_POINT('',(0.00134309239807811,0.09525,-0.035824436174716));
#7865=CARTESIAN_POINT('',(0.00244210304149074,0.0529166666666667,-0.0272816233538389));
#7866=CARTESIAN_POINT('',(0.00110243155138044,0.09525,-0.0358527146608002));
#7867=CARTESIAN_POINT('',(0.00207643717511948,0.0529166666666667,-0.0273670674916707));
#7868=CARTESIAN_POINT('',(0.000982112601067386,0.09525,-0.0358651059729031));
#7869=CARTESIAN_POINT('',(0.00189205244598246,0.0529166666666667,-0.0274036375629629));
#7870=CARTESIAN_POINT('',(0.000741504056145856,0.09525,-0.0358863725814558));
#7871=CARTESIAN_POINT('',(0.00152082731337338,0.0529166666666667,-0.0274636548756737));
#7872=CARTESIAN_POINT('',(0.000621214461527844,0.09525,-0.0358952478775656));
#7873=CARTESIAN_POINT('',(0.00133398693855079,0.0529166666666667,-0.0274871017243811));
#7874=CARTESIAN_POINT('',(0.000380671025185487,0.09525,-0.0359094630853368));
#7875=CARTESIAN_POINT('',(0.000958507382365717,0.0529166666666667,-0.027520219258806));
#7876=CARTESIAN_POINT('',(0.000260417183451544,0.09525,-0.0359148029966618));
#7877=CARTESIAN_POINT('',(0.000769868233522618,0.0529166666666667,-0.0275298895920934));
#7878=CARTESIAN_POINT('',(1.99516379284307E-05,0.09525,-0.0359219288618831));
#7879=CARTESIAN_POINT('',(0.000391455978582599,0.0529166666666667,-0.0275349783181511));
#7880=CARTESIAN_POINT('',(-0.000100259814600103,0.09525,-0.0359237125636647));
#7881=CARTESIAN_POINT('',(0.000201682908009321,0.0529166666666667,-0.0275303964045507));
#7882=CARTESIAN_POINT('',(-0.000287370300543895,0.09525,-0.0359237217250563));
#7883=CARTESIAN_POINT('',(-9.41181707084306E-05,0.0529166666666667,-0.0275119449812378));
#7884=CARTESIAN_POINT('',(-0.000354285499439122,0.09525,-0.0359231742483583));
#7885=CARTESIAN_POINT('',(-0.000199986916496533,0.0529166666666667,-0.0275030899351857));
#7886=CARTESIAN_POINT('',(-0.00042119325546625,0.09525,-0.03592207723113));
#7887=CARTESIAN_POINT('',(-0.000305863591265096,0.0529166666666667,-0.0274920171522709));
#7888=CARTESIAN_POINT('',(6.84847266644877E-17,0.0863637243173908,-0.0341609516212702));
#7889=CARTESIAN_POINT('',(0.000267852305862694,0.0863675858052896,-0.0341617172019851));
#7890=CARTESIAN_POINT('',(0.000815615770210629,0.0864111120888594,-0.0341463607974059));
#7891=CARTESIAN_POINT('',(0.00187626916961069,0.0863977939816905,-0.0340072452543517));
#7892=CARTESIAN_POINT('',(0.00317974806822656,0.0862812300744827,-0.0336591377901271));
#7893=CARTESIAN_POINT('',(0.00441645427979465,0.0860880806010954,-0.033137086312468));
#7894=CARTESIAN_POINT('',(0.00524582662580595,0.0859668848064938,-0.0327183074940074));
#7895=CARTESIAN_POINT('',(0.00571298482064456,0.0858994396180179,-0.0324647952861705));
#7896=CARTESIAN_POINT('',(0.00618414069036703,0.0858652635850068,-0.0322054792630618));
#7897=CARTESIAN_POINT('',(0.00671638144425911,0.0856453977932648,-0.0318513428762469));
#7898=CARTESIAN_POINT('',(0.00756249306616965,0.0853459424851356,-0.0312554290892201));
#7899=CARTESIAN_POINT('',(0.00859523706237333,0.0849955726576449,-0.0304510101577507));
#7900=CARTESIAN_POINT('',(0.00978088551292203,0.0846328088458703,-0.0294223218725112));
#7901=CARTESIAN_POINT('',(0.011301054759841,0.0842126572144789,-0.027976871257264));
#7902=CARTESIAN_POINT('',(0.0131046358347855,0.0838091590085805,-0.0260523498502087));
#7903=CARTESIAN_POINT('',(0.0151694848274431,0.0835403691636113,-0.0235859201699579));
#7904=CARTESIAN_POINT('',(0.01714592206594,0.0835288405311202,-0.0210245853374244));
#7905=CARTESIAN_POINT('',(0.0196825836076093,0.0838983272598517,-0.0175504245971838));
#7906=CARTESIAN_POINT('',(0.0226733154070926,0.0851254353759403,-0.013255555484152));
#7907=CARTESIAN_POINT('',(0.0272085936266186,0.0886230232852304,-0.00678182400681328));
#7908=CARTESIAN_POINT('',(0.0303676439513726,0.0925393539837164,-0.00261090523303916));
#7909=CARTESIAN_POINT('',(0.0324184282528673,0.0952499999999696,1.03437063431536E-16));
#7910=CARTESIAN_POINT('',(0.026792547459771,0.0740833333333333,-7.2280144832367E-19));
#7911=CARTESIAN_POINT('',(0.0211666666666666,0.0529166666666667,0.));
#7912=CARTESIAN_POINT('',(0.0211666666666666,0.0529166666666667,0.));
#7913=CARTESIAN_POINT('',(0.0199652879214699,0.0529166666668882,-0.00330076097480311));
#7914=CARTESIAN_POINT('',(0.0183620938693522,0.0529166666672205,-0.00722381372994724));
#7915=CARTESIAN_POINT('',(0.0161772169253001,0.0529166666676635,-0.0118696274438533));
#7916=CARTESIAN_POINT('',(0.0143665418945903,0.0529166666679958,-0.0153010761663398));
#7917=CARTESIAN_POINT('',(0.0125824927600273,0.0529166666682727,-0.018237027871274));
#7918=CARTESIAN_POINT('',(0.0109006243108797,0.0529166666684942,-0.0206069711724522));
#7919=CARTESIAN_POINT('',(0.00972473460356698,0.0529166666686326,-0.0220671799862014));
#7920=CARTESIAN_POINT('',(0.0086939043503943,0.0529166666687434,-0.0231987373010884));
#7921=CARTESIAN_POINT('',(0.00788037348437628,0.0529166666688265,-0.0240104635690978));
#7922=CARTESIAN_POINT('',(0.00699152971999395,0.0529166666689095,-0.0248084754637697));
#7923=CARTESIAN_POINT('',(0.00548052260526069,0.0529166666690203,-0.0259770875436441));
#7924=CARTESIAN_POINT('',(0.00317129356442527,0.0529166666691587,-0.0272515971588152));
#7925=CARTESIAN_POINT('',(0.0010615532852315,0.0529166666692694,-0.0275856858215999));
#7926=CARTESIAN_POINT('',(8.54510188617945E-13,0.0529166666693249,-0.0275178067252513));
#7927=CARTESIAN_POINT('',(0.,0.,0.));
#7928=CARTESIAN_POINT('',(-1.70219741080224E-17,0.0529166666666667,-0.027517806738615));
#7929=CARTESIAN_POINT('',(0.,0.,0.));
#7930=CARTESIAN_POINT('',(0.00260226922386536,0.0529166666666667,-0.0276841985002367));
#7931=CARTESIAN_POINT('',(0.,0.,0.));
#7932=CARTESIAN_POINT('',(0.0102879535985467,0.0529166666666667,-0.0240963992456695));
#7933=CARTESIAN_POINT('',(0.,0.,0.));
#7934=CARTESIAN_POINT('',(0.0172223858571874,0.0529166666666667,-0.0108368224600323));
#7935=CARTESIAN_POINT('',(0.,0.,0.));
#7936=CARTESIAN_POINT('',(0.0211666666666666,0.0529166666666667,0.));
#7937=CARTESIAN_POINT('',(0.0105833333333333,0.0264583333333334,0.));
#7938=CARTESIAN_POINT('',(-0.00237178257747141,0.127,-0.0357352147829586));
#7939=CARTESIAN_POINT('',(-0.000182446965543476,0.270933858317985,-0.0352479756418192));
#7940=CARTESIAN_POINT('',(-0.00225789999592904,0.127,-0.0357551181300833));
#7941=CARTESIAN_POINT('',(9.97913177819336E-05,0.270933858317985,-0.0352517666967892));
#7942=CARTESIAN_POINT('',(-0.00214506154703587,0.127,-0.0357732625980925));
#7943=CARTESIAN_POINT('',(0.000383444980584443,0.270933858317985,-0.0352552227323592));
#7944=CARTESIAN_POINT('',(-0.00181609461533936,0.127,-0.0358217613516431));
#7945=CARTESIAN_POINT('',(0.00121498252128355,0.270933858317985,-0.0352644604469776));
#7946=CARTESIAN_POINT('',(-0.00160105544910082,0.127,-0.0358478665695933));
#7947=CARTESIAN_POINT('',(0.00176436842703371,0.270933858317985,-0.0352694327923642));
#7948=CARTESIAN_POINT('',(-0.00116477406873368,0.127,-0.0358892332342294));
#7949=CARTESIAN_POINT('',(0.00285495924112274,0.270933858317985,-0.0352773120349147));
#7950=CARTESIAN_POINT('',(-0.0009435322478295,0.127,-0.0359045004151256));
#7951=CARTESIAN_POINT('',(0.00339616407456289,0.270933858317985,-0.0352802200242922));
#7952=CARTESIAN_POINT('',(-0.000600110403836837,0.127,-0.0359183694117194));
#7953=CARTESIAN_POINT('',(0.00419261831631386,0.270933858317985,-0.0352828616969785));
#7954=CARTESIAN_POINT('',(-0.000483709714172879,0.127,-0.035921471017967));
#7955=CARTESIAN_POINT('',(0.00445554427128457,0.270933858317985,-0.0352834524699629));
#7956=CARTESIAN_POINT('',(-0.000305352629087464,0.127,-0.0359235719235724));
#7957=CARTESIAN_POINT('',(0.00484494335010312,0.270933858317985,-0.0352838526362559));
#7958=CARTESIAN_POINT('',(-0.000245274238765976,0.127,-0.0359238458302181));
#7959=CARTESIAN_POINT('',(0.0049739114046163,0.270933858317985,-0.0352839048081416));
#7960=CARTESIAN_POINT('',(-0.000154109166301322,0.127,-0.0359235726437691));
#7961=CARTESIAN_POINT('',(0.00516597210902823,0.270933858317985,-0.0352838527734341));
#7962=CARTESIAN_POINT('',(-0.000123546226139101,0.127,-0.0359233674964523));
#7963=CARTESIAN_POINT('',(0.00522976044789358,0.270933858317985,-0.0352838136983605));
#7964=CARTESIAN_POINT('',(-7.74263720790407E-05,0.127,-0.0359228823772339));
#7965=CARTESIAN_POINT('',(0.0053250771250427,0.270933858317985,-0.0352837212961322));
#7966=CARTESIAN_POINT('',(-6.2007179986417E-05,0.127,-0.0359226910994052));
#7967=CARTESIAN_POINT('',(0.00535678837892057,0.270933858317985,-0.0352836848628249));
#7968=CARTESIAN_POINT('',(-3.88078335609702E-05,0.127,-0.0359223589957172));
#7969=CARTESIAN_POINT('',(0.00540426155375582,0.270933858317985,-0.0352836216059601));
#7970=CARTESIAN_POINT('',(-3.10629583646765E-05,0.127,-0.0359222407630078));
#7971=CARTESIAN_POINT('',(0.00542007032770524,0.270933858317985,-0.0352835990857931));
#7972=CARTESIAN_POINT('',(-1.55494055849565E-05,0.127,-0.0359219890924335));
#7973=CARTESIAN_POINT('',(0.00545165626559111,0.270933858317985,-0.035283551149284));
#7974=CARTESIAN_POINT('',(-7.78200752567974E-06,0.127,-0.035921714541575));
#7975=CARTESIAN_POINT('',(0.00546743318581247,0.270933858317985,-0.035283498854693));
#7976=CARTESIAN_POINT('',(7.78199207551593E-06,0.127,-0.0359217145415849));
#7977=CARTESIAN_POINT('',(0.00549895601643154,0.270933858317985,-0.0352834988546949));
#7978=CARTESIAN_POINT('',(1.55493901384121E-05,0.127,-0.0359219890921732));
#7979=CARTESIAN_POINT('',(0.00551473293666057,0.270933858317985,-0.0352835511492344));
#7980=CARTESIAN_POINT('',(3.10629429260167E-05,0.127,-0.0359222407627672));
#7981=CARTESIAN_POINT('',(0.00554631887456177,0.270933858317985,-0.0352835990857473));
#7982=CARTESIAN_POINT('',(3.88078181264123E-05,0.127,-0.0359223589954865));
#7983=CARTESIAN_POINT('',(0.00556212764851886,0.270933858317985,-0.0352836216059162));
#7984=CARTESIAN_POINT('',(6.20071645645316E-05,0.127,-0.0359226910992041));
#7985=CARTESIAN_POINT('',(0.00560960082337687,0.270933858317985,-0.0352836848627865));
#7986=CARTESIAN_POINT('',(7.74263566661538E-05,0.127,-0.0359228823770524));
#7987=CARTESIAN_POINT('',(0.00564131207726975,0.270933858317985,-0.0352837212960976));
#7988=CARTESIAN_POINT('',(0.000123546210754911,0.127,-0.0359233674963294));
#7989=CARTESIAN_POINT('',(0.00573662875446354,0.270933858317985,-0.035283813698337));
#7990=CARTESIAN_POINT('',(0.000154109150938479,0.127,-0.0359235726436848));
#7991=CARTESIAN_POINT('',(0.00580041709335809,0.270933858317985,-0.035283852773418));
#7992=CARTESIAN_POINT('',(0.000245274223473672,0.127,-0.0359238458302487));
#7993=CARTESIAN_POINT('',(0.00599247779785595,0.270933858317985,-0.0352839048081474));
#7994=CARTESIAN_POINT('',(0.00030535261385082,0.127,-0.0359235719236781));
#7995=CARTESIAN_POINT('',(0.00612144585242416,0.270933858317985,-0.035283852636276));
#7996=CARTESIAN_POINT('',(0.000483709699127777,0.127,-0.035921471018292));
#7997=CARTESIAN_POINT('',(0.00651084493140149,0.270933858317985,-0.0352834524700248));
#7998=CARTESIAN_POINT('',(0.000600110388952153,0.127,-0.0359183694121831));
#7999=CARTESIAN_POINT('',(0.00677377088646963,0.270933858317985,-0.0352828616970669));
#8000=CARTESIAN_POINT('',(0.000943532233512811,0.127,-0.0359045004159786));
#8001=CARTESIAN_POINT('',(0.00757022512849055,0.270933858317985,-0.0352802200244547));
#8002=CARTESIAN_POINT('',(0.0011647740549114,0.127,-0.0358892332353053));
#8003=CARTESIAN_POINT('',(0.00811142996208098,0.270933858317985,-0.0352773120351196));
#8004=CARTESIAN_POINT('',(0.00160105543643887,0.127,-0.0358478665710285));
#8005=CARTESIAN_POINT('',(0.00920202077642818,0.270933858317985,-0.0352694327926376));
#8006=CARTESIAN_POINT('',(0.00181609460334332,0.127,-0.0358217613532145));
#8007=CARTESIAN_POINT('',(0.00975140668228625,0.270933858317985,-0.0352644604472769));
#8008=CARTESIAN_POINT('',(0.00224915563897302,0.127,-0.0357579162724906));
#8009=CARTESIAN_POINT('',(0.0108460653628572,0.270933858317985,-0.0352522996680334));
#8010=CARTESIAN_POINT('',(0.00246717719015253,0.127,-0.0357201775110073));
#8011=CARTESIAN_POINT('',(0.0113913380770862,0.270933858317985,-0.0352451114439429));
#8012=CARTESIAN_POINT('',(0.00291537444121103,0.127,-0.0356303445660366));
#8013=CARTESIAN_POINT('',(0.0124654735216112,0.270933858317985,-0.0352280006720526));
#8014=CARTESIAN_POINT('',(0.00314554979899645,0.127,-0.0355782579711348));
#8015=CARTESIAN_POINT('',(0.0129943361867476,0.270933858317985,-0.0352180795696753));
#8016=CARTESIAN_POINT('',(0.00362722208742872,0.127,-0.0354549584029175));
#8017=CARTESIAN_POINT('',(0.0140233539140795,0.270933858317985,-0.0351945943016968));
#8018=CARTESIAN_POINT('',(0.00387871853744302,0.127,-0.0353837591090094));
#8019=CARTESIAN_POINT('',(0.0145235088847274,0.270933858317985,-0.0351810327416566));
#8020=CARTESIAN_POINT('',(0.00441220828161434,0.127,-0.0352150923491596));
#8021=CARTESIAN_POINT('',(0.0154828150987408,0.270933858317985,-0.0351489062377977));
#8022=CARTESIAN_POINT('',(0.00469420081237045,0.127,-0.0351176441519738));
#8023=CARTESIAN_POINT('',(0.0159419661966988,0.270933858317985,-0.0351303449641613));
#8024=CARTESIAN_POINT('',(0.00529788389119432,0.127,-0.0348864706262119));
#8025=CARTESIAN_POINT('',(0.0168069734746074,0.270933858317985,-0.0350863125942142));
#8026=CARTESIAN_POINT('',(0.00561957320215167,0.127,-0.0347527694918549));
#8027=CARTESIAN_POINT('',(0.0172128294189214,0.270933858317985,-0.0350608461062548));
#8028=CARTESIAN_POINT('',(0.00634883575485165,0.127,-0.0344186389528753));
#8029=CARTESIAN_POINT('',(0.0179987652482608,0.270933858317985,-0.0349972031806453));
#8030=CARTESIAN_POINT('',(0.00675083852905605,0.127,-0.0342174547645598));
#8031=CARTESIAN_POINT('',(0.0184013051942095,0.270933858317985,-0.0349588829769014));
#8032=CARTESIAN_POINT('',(0.00758933971422246,0.127,-0.0337561215528707));
#8033=CARTESIAN_POINT('',(0.0191877093380627,0.270933858317985,-0.0348710113463632));
#8034=CARTESIAN_POINT('',(0.00802583811875415,0.127,-0.0334959630506721));
#8035=CARTESIAN_POINT('',(0.0195715735347425,0.270933858317985,-0.0348214581141066));
#8036=CARTESIAN_POINT('',(0.00893009044377583,0.127,-0.0329098531293574));
#8037=CARTESIAN_POINT('',(0.0203226207041378,0.270933858317985,-0.0347098198596832));
#8038=CARTESIAN_POINT('',(0.00939784453698626,0.127,-0.0325838938325629));
#8039=CARTESIAN_POINT('',(0.020689803709752,0.270933858317985,-0.0346477333370295));
#8040=CARTESIAN_POINT('',(0.0103614435989979,0.127,-0.0318604559377074));
#8041=CARTESIAN_POINT('',(0.0214094973980983,0.270933858317985,-0.0345099377788444));
#8042=CARTESIAN_POINT('',(0.0108572889162091,0.127,-0.0314629710510808));
#8043=CARTESIAN_POINT('',(0.0217620081471932,0.270933858317985,-0.0344342275455094));
#8044=CARTESIAN_POINT('',(0.0118739734279416,0.127,-0.0305920697090229));
#8045=CARTESIAN_POINT('',(0.0224543791075902,0.270933858317985,-0.0342683441470776));
#8046=CARTESIAN_POINT('',(0.0123948131353762,0.127,-0.0301186485152444));
#8047=CARTESIAN_POINT('',(0.0227942394165886,0.270933858317985,-0.0341781700794523));
#8048=CARTESIAN_POINT('',(0.0134584441006869,0.127,-0.0290929416351437));
#8049=CARTESIAN_POINT('',(0.023463341695323,0.270933858317985,-0.033982800368959));
#8050=CARTESIAN_POINT('',(0.0140012360180139,0.127,-0.0285406526982271));
#8051=CARTESIAN_POINT('',(0.0237925837906667,0.270933858317985,-0.0338776041069397));
#8052=CARTESIAN_POINT('',(0.0148993902833169,0.127,-0.0275772457355618));
#8053=CARTESIAN_POINT('',(0.0243210574411765,0.270933858317985,-0.0336941008634354));
#8054=CARTESIAN_POINT('',(0.0152489957887813,0.127,-0.0271904967256077));
#8055=CARTESIAN_POINT('',(0.0245228959640628,0.270933858317985,-0.033620435527291));
#8056=CARTESIAN_POINT('',(0.0156019500817386,0.127,-0.0267880598209232));
#8057=CARTESIAN_POINT('',(0.0247233027304558,0.270933858317985,-0.0335437820670429));
#8058=CARTESIAN_POINT('',(-0.00555403527991804,0.127,-0.0345941643253247));
#8059=CARTESIAN_POINT('',(-0.00369611301474183,0.127,-0.0354353716636447));
#8060=CARTESIAN_POINT('',(0.000153882206183542,0.127,-0.0363773226723894));
#8061=CARTESIAN_POINT('',(0.00397808667892464,0.127,-0.0355048590852435));
#8062=CARTESIAN_POINT('',(0.00596573966056317,0.127,-0.0345941643572604));
#8063=CARTESIAN_POINT('',(-7.72954502364113E-12,0.127,-0.0359217145414398));
#8064=CARTESIAN_POINT('',(-7.72954502364113E-12,0.09525,-0.0359217145414398));
#8065=CARTESIAN_POINT('',(0.001992519663016,0.127,-0.0359578513176323));
#8066=CARTESIAN_POINT('',(0.001992519663016,0.09525,-0.0359578513176323));
#8067=CARTESIAN_POINT('',(0.00397808667635441,0.127,-0.0355048590864211));
#8068=CARTESIAN_POINT('',(0.00397808667635441,0.09525,-0.0355048590864211));
#8069=CARTESIAN_POINT('',(0.00596573966056317,0.127,-0.0345941643572604));
#8070=CARTESIAN_POINT('',(0.00596573966056317,0.09525,-0.0345941643572604));
#8071=CARTESIAN_POINT('',(-0.00555403527991804,0.09525,-0.0345941643253247));
#8072=CARTESIAN_POINT('',(-0.00369611301474183,0.09525,-0.0354353716636447));
#8073=CARTESIAN_POINT('',(0.000153882206183542,0.09525,-0.0363773226723894));
#8074=CARTESIAN_POINT('',(0.00397808667892464,0.09525,-0.0355048590852435));
#8075=CARTESIAN_POINT('',(0.00596573966056317,0.09525,-0.0345941643572604));
#8076=CARTESIAN_POINT('',(-0.000191101171223939,0.0953204271870013,-0.0359306754039208));
#8077=CARTESIAN_POINT('',(-0.000191883241676978,0.09525,-0.0359167244608496));
#8078=CARTESIAN_POINT('',(-0.000323009293473591,0.0834418068445936,-0.0335776358574496));
#8079=CARTESIAN_POINT('',(-0.000173884205393423,0.0953204271870013,-0.0359312589236572));
#8080=CARTESIAN_POINT('',(-0.000174649871473471,0.09525,-0.0359173081022021));
#8081=CARTESIAN_POINT('',(-0.000303025479682591,0.0834418068445936,-0.0335782398895903));
#8082=CARTESIAN_POINT('',(-0.000156667684679907,0.0953204271870013,-0.0359318061489799));
#8083=CARTESIAN_POINT('',(-0.000157416924677915,0.09525,-0.0359178552674567));
#8084=CARTESIAN_POINT('',(-0.000283038449445993,0.0834418068445936,-0.0335787769835104));
#8085=CARTESIAN_POINT('',(-1.93335905503748E-05,0.0953204271870013,-0.0359358816808039));
#8086=CARTESIAN_POINT('',(-1.99516379284308E-05,0.09525,-0.0359219288618831));
#8087=CARTESIAN_POINT('',(-0.00012357671696425,0.0834418068445936,-0.0335825257436494));
#8088=CARTESIAN_POINT('',(0.00010076213688173,0.0953204271870013,-0.0359376759726418));
#8089=CARTESIAN_POINT('',(0.000100259814600103,0.09525,-0.0359237125636647));
#8090=CARTESIAN_POINT('',(1.60378148258972E-05,0.0834418068445936,-0.0335825338608014));
#8091=CARTESIAN_POINT('',(0.0003409060295164,0.0953204271870013,-0.0359377271965633));
#8092=CARTESIAN_POINT('',(0.000340636003994926,0.09525,-0.0359237243330767));
#8093=CARTESIAN_POINT('',(0.00029536210267616,0.0834418068445936,-0.0335759304793318));
#8094=CARTESIAN_POINT('',(0.000460954353885872,0.0953204271870013,-0.0359359855714984));
#8095=CARTESIAN_POINT('',(0.000460800900674251,0.09525,-0.0359219538324701));
#8096=CARTESIAN_POINT('',(0.000435072126882603,0.0834418068445936,-0.033569318553298));
#8097=CARTESIAN_POINT('',(0.000701002082894859,0.0953204271870013,-0.0359289811907203));
#8098=CARTESIAN_POINT('',(0.000701081395731475,0.09525,-0.0359148741116649));
#8099=CARTESIAN_POINT('',(0.000714379403707371,0.0834418068445936,-0.0335496069266785));
#8100=CARTESIAN_POINT('',(0.000821001487812705,0.0953204271870013,-0.0359237184344292));
#8101=CARTESIAN_POINT('',(0.000821196994185096,0.09525,-0.0359095648917323));
#8102=CARTESIAN_POINT('',(0.000853976622431038,0.0834418068445936,-0.0335365073678577));
#8103=CARTESIAN_POINT('',(0.0010609497163376,0.0953204271870013,-0.0359096856317453));
#8104=CARTESIAN_POINT('',(0.00106137599978963,0.09525,-0.035895422590134));
#8105=CARTESIAN_POINT('',(0.00113284892885084,0.0834418068445936,-0.0335040059014826));
#8106=CARTESIAN_POINT('',(0.00118089854019804,0.0953204271870013,-0.0359009155848891));
#8107=CARTESIAN_POINT('',(0.00118143940701629,0.09525,-0.0358865895087381));
#8108=CARTESIAN_POINT('',(0.00127212398683711,0.0834418068445936,-0.0334846041171159));
#8109=CARTESIAN_POINT('',(0.00142074395088213,0.0953204271870013,-0.0358798825541557));
#8110=CARTESIAN_POINT('',(0.0014215111440055,0.09525,-0.0358654151403344));
#8111=CARTESIAN_POINT('',(0.0015501427843416,0.0834418068445936,-0.0334397323303924));
#8112=CARTESIAN_POINT('',(0.00154064053795159,0.0953204271870013,-0.0358676195697603));
#8113=CARTESIAN_POINT('',(0.00154151947384382,0.09525,-0.0358530738536001));
#8114=CARTESIAN_POINT('',(0.00168888649542511,0.0834418068445936,-0.0334142624610488));
#8115=CARTESIAN_POINT('',(0.00190024945760632,0.0953204271870013,-0.035825613531079));
#8116=CARTESIAN_POINT('',(0.00190145752477156,0.09525,-0.0358108123543303));
#8117=CARTESIAN_POINT('',(0.00210400842931936,0.0834418068445936,-0.0333291690938465));
#8118=CARTESIAN_POINT('',(0.00213988095715379,0.0953204271870013,-0.0357906531093764));
#8119=CARTESIAN_POINT('',(0.00214130030748796,0.09525,-0.0357756541168119));
#8120=CARTESIAN_POINT('',(0.00237927606109379,0.0834418068445936,-0.0332608440146437));
#8121=CARTESIAN_POINT('',(0.00261891500307563,0.0953204271870013,-0.0357069451037607));
#8122=CARTESIAN_POINT('',(0.00262073100253079,0.09525,-0.035691510750031));
#8123=CARTESIAN_POINT('',(0.00292521103715564,0.0834418068445936,-0.0331037057015954));
#8124=CARTESIAN_POINT('',(0.00285831755582047,0.0953204271870013,-0.0356581975004053));
#8125=CARTESIAN_POINT('',(0.00286031891727344,0.09525,-0.0356425256298476));
#8126=CARTESIAN_POINT('',(0.00319587772086442,0.0834418068445936,-0.0330148972588805));
#8127=CARTESIAN_POINT('',(0.00333687998014175,0.0953204271870013,-0.0355470499803609));
#8128=CARTESIAN_POINT('',(0.00333921681077241,0.09525,-0.0355308816735773));
#8129=CARTESIAN_POINT('',(0.00373102214381547,0.0834418068445936,-0.0328200181899484));
#8130=CARTESIAN_POINT('',(0.0035760398565692,0.0953204271870013,-0.0354846500439753));
#8131=CARTESIAN_POINT('',(0.00357852679193518,0.09525,-0.035468222846772));
#8132=CARTESIAN_POINT('',(0.0039954994755941,0.0834418068445936,-0.0327139524316424));
#8133=CARTESIAN_POINT('',(0.00405410268017936,0.0953204271870013,-0.0353463425537125));
#8134=CARTESIAN_POINT('',(0.00405684564446949,0.09525,-0.0353293966181542));
#8135=CARTESIAN_POINT('',(0.00451674548621207,0.0834418068445936,-0.0324881517979054));
#8136=CARTESIAN_POINT('',(0.00429300563038069,0.0953204271870013,-0.0352704349808655));
#8137=CARTESIAN_POINT('',(0.00429585451823385,0.09525,-0.035253229225812));
#8138=CARTESIAN_POINT('',(0.00477351406251674,0.0834418068445936,-0.0323684217003803));
#8139=CARTESIAN_POINT('',(0.00477053971422384,0.0953204271870013,-0.0351052673439618));
#8140=CARTESIAN_POINT('',(0.00477354780195377,0.09525,-0.0350875626907394));
#8141=CARTESIAN_POINT('',(0.00527789963617871,0.0834418068445936,-0.0321191072703231));
#8142=CARTESIAN_POINT('',(0.00500917084887105,0.0953204271870013,-0.0350160072622185));
#8143=CARTESIAN_POINT('',(0.00501223221428467,0.09525,-0.0349980635576552));
#8144=CARTESIAN_POINT('',(0.0055255168656033,0.0834418068445936,-0.0319895275301685));
#8145=CARTESIAN_POINT('',(0.00548614571412747,0.0953204271870013,-0.0348243007158054));
#8146=CARTESIAN_POINT('',(0.00548925296937042,0.09525,-0.0348059217626383));
#8147=CARTESIAN_POINT('',(0.00601023175120506,0.0834418068445936,-0.0317244096615333));
#8148=CARTESIAN_POINT('',(0.00572448944370958,0.0953204271870013,-0.0347218542347687));
#8149=CARTESIAN_POINT('',(0.00572758931447933,0.09525,-0.0347032791105143));
#8150=CARTESIAN_POINT('',(0.00624732997663711,0.0834418068445936,-0.0315888759315611));
#8151=CARTESIAN_POINT('',(0.00623085355511287,0.0953204271870013,-0.0344902392416152));
#8152=CARTESIAN_POINT('',(0.00623386512192403,0.09525,-0.0344713157280706));
#8153=CARTESIAN_POINT('',(0.00673880027723585,0.0834418068445936,-0.0312984997655398));
#8154=CARTESIAN_POINT('',(0.00649899523752991,0.0953204271870013,-0.0343592744044066));
#8155=CARTESIAN_POINT('',(0.00650195055630389,0.09525,-0.0343401742104331));
#8156=CARTESIAN_POINT('',(0.00699745486940815,0.0834418068445936,-0.0311377350765243));
#8157=CARTESIAN_POINT('',(0.00703526830852744,0.0953204271870013,-0.0340809188679911));
#8158=CARTESIAN_POINT('',(0.00703809285246948,0.09525,-0.0340614842234062));
#8159=CARTESIAN_POINT('',(0.00751167076838026,0.0834418068445936,-0.0308029693382322));
#8160=CARTESIAN_POINT('',(0.00730339969630837,0.0953204271870013,-0.0339335281694625));
#8161=CARTESIAN_POINT('',(0.00730614971384612,0.09525,-0.0339139357525091));
#8162=CARTESIAN_POINT('',(0.00776723214023806,0.0834418068445936,-0.0306289679209338));
#8163=CARTESIAN_POINT('',(0.00783970279746747,0.0953204271870013,-0.0336224947239084));
#8164=CARTESIAN_POINT('',(0.00784228621031717,0.09525,-0.0336026083540404));
#8165=CARTESIAN_POINT('',(0.00827543481710346,0.0834418068445936,-0.0302683548283895));
#8166=CARTESIAN_POINT('',(0.00810787451010194,0.0953204271870013,-0.033458851977348));
#8167=CARTESIAN_POINT('',(0.00811036584500374,0.09525,-0.0334388294249698));
#8168=CARTESIAN_POINT('',(0.00852807617801363,0.0834418068445936,-0.0300817428222997));
#8169=CARTESIAN_POINT('',(0.00864430872845375,0.0953204271870013,-0.0331154864733919));
#8170=CARTESIAN_POINT('',(0.00864659911242568,0.09525,-0.0330952153233002));
#8171=CARTESIAN_POINT('',(0.00903061695400361,0.0834418068445936,-0.0296964475184719));
#8172=CARTESIAN_POINT('',(0.0089125712334771,0.0953204271870013,-0.0329357637162677));
#8173=CARTESIAN_POINT('',(0.00891475274475442,0.09525,-0.0329153801492105));
#8174=CARTESIAN_POINT('',(0.00928051641685556,0.0834418068445936,-0.0294977639237683));
#8175=CARTESIAN_POINT('',(0.00944923737368454,0.0953204271870013,-0.0325604084420293));
#8176=CARTESIAN_POINT('',(0.00945118512202689,0.09525,-0.032539825533563));
#8177=CARTESIAN_POINT('',(0.00977775486907832,0.0834418068445936,-0.0290887866774177));
#8178=CARTESIAN_POINT('',(0.00971764100821861,0.0953204271870013,-0.032364775925011));
#8179=CARTESIAN_POINT('',(0.00971946386656511,0.09525,-0.0323441060905226));
#8180=CARTESIAN_POINT('',(0.010025093899041,0.0834418068445936,-0.0288784927596249));
#8181=CARTESIAN_POINT('',(0.0102546396342564,0.0953204271870013,-0.0319577695895703));
#8182=CARTESIAN_POINT('',(0.0102561974852404,0.09525,-0.0319369527205475));
#8183=CARTESIAN_POINT('',(0.0105173949873672,0.0834418068445936,-0.0284466868050836));
#8184=CARTESIAN_POINT('',(0.0105232346251488,0.0953204271870013,-0.0317463957710849));
#8185=CARTESIAN_POINT('',(0.0105246523589731,0.09525,-0.031725518792138));
#8186=CARTESIAN_POINT('',(0.0107623570800217,0.0834418068445936,-0.0282251745301787));
#8187=CARTESIAN_POINT('',(0.0110606660993432,0.0953204271870013,-0.0313080734986102));
#8188=CARTESIAN_POINT('',(0.0110617891675874,0.09525,-0.0312871040868726));
#8189=CARTESIAN_POINT('',(0.0112500887052929,0.0834418068445936,-0.027771262056306));
#8190=CARTESIAN_POINT('',(0.0113295025820677,0.0953204271870013,-0.0310811250444142));
#8191=CARTESIAN_POINT('',(0.0113304711020657,0.09525,-0.0310601233085493));
#8192=CARTESIAN_POINT('',(0.0114928582667121,0.0834418068445936,-0.0275388616445559));
#8193=CARTESIAN_POINT('',(0.0118674671018162,0.0953204271870013,-0.0306118183778436));
#8194=CARTESIAN_POINT('',(0.011868112890408,0.09525,-0.0305907804349085));
#8195=CARTESIAN_POINT('',(0.0119763892074844,0.0834418068445936,-0.0270634481027933));
#8196=CARTESIAN_POINT('',(0.0121365951382916,0.0953204271870013,-0.0303694601651324));
#8197=CARTESIAN_POINT('',(0.0121370727438695,0.09525,-0.0303484183381308));
#8198=CARTESIAN_POINT('',(0.012217150610901,0.0834418068445936,-0.0268204347829596));
#8199=CARTESIAN_POINT('',(0.0126751927707563,0.0953204271870013,-0.0298694970784883));
#8200=CARTESIAN_POINT('',(0.0126753211671921,0.09525,-0.029848476298945));
#8201=CARTESIAN_POINT('',(0.0126968487899496,0.0834418068445936,-0.0263240216714931));
#8202=CARTESIAN_POINT('',(0.0129446623662221,0.0953204271870013,-0.0296118922041021));
#8203=CARTESIAN_POINT('',(0.0129446097366514,0.09525,-0.0295908963550838));
#8204=CARTESIAN_POINT('',(0.0129357855855966,0.0834418068445936,-0.0260706217107773));
#8205=CARTESIAN_POINT('',(0.0134839930812731,0.0953204271870013,-0.0290815971225918));
#8206=CARTESIAN_POINT('',(0.0134835663398276,0.09525,-0.0290606800766999));
#8207=CARTESIAN_POINT('',(0.0134120166211791,0.0834418068445936,-0.0255536179796696));
#8208=CARTESIAN_POINT('',(0.0137538542003558,0.0953204271870013,-0.0288089069149097));
#8209=CARTESIAN_POINT('',(0.0137532343731435,0.09525,-0.0287880437407309));
#8210=CARTESIAN_POINT('',(0.0136493108777171,0.0834418068445936,-0.0252900140588866));
#8211=CARTESIAN_POINT('',(0.0145640997528414,0.0953204271870013,-0.0279684476555921));
#8212=CARTESIAN_POINT('',(0.0145628837355937,0.09525,-0.0279477893699239));
#8213=CARTESIAN_POINT('',(0.0143589998783388,0.0834418068445936,-0.0244841123750487));
#8214=CARTESIAN_POINT('',(0.0151051463780832,0.0953204271870013,-0.0273782908228463));
#8215=CARTESIAN_POINT('',(0.0151035103325735,0.09525,-0.0273578269111265));
#8216=CARTESIAN_POINT('',(0.0148292023243692,0.0834418068445936,-0.0239267396763369));
#8217=CARTESIAN_POINT('',(0.0161894049247807,0.0953204271870013,-0.0261395317041453));
#8218=CARTESIAN_POINT('',(0.0161868896717039,0.09525,-0.0261195691162581));
#8219=CARTESIAN_POINT('',(0.0157651690914947,0.0834418068445936,-0.0227725364760154));
#8220=CARTESIAN_POINT('',(0.0167326168315194,0.0953204271870013,-0.0254909293923158));
#8221=CARTESIAN_POINT('',(0.0167296424010754,0.09525,-0.0254712737345021));
#8222=CARTESIAN_POINT('',(0.0162309337247002,0.0834418068445936,-0.0221757026071626));
#8223=CARTESIAN_POINT('',(0.0178216056447904,0.0953204271870013,-0.0241365080830186));
#8224=CARTESIAN_POINT('',(0.0178176793962458,0.09525,-0.0241175733831906));
#8225=CARTESIAN_POINT('',(0.0171593838833162,0.0834418068445936,-0.0209428818694777));
#8226=CARTESIAN_POINT('',(0.0183673825370638,0.0953204271870013,-0.0234306890556974));
#8227=CARTESIAN_POINT('',(0.0183629636492903,0.09525,-0.0234121683683045));
#8228=CARTESIAN_POINT('',(0.0176220696482247,0.0834418068445936,-0.0203068923603004));
#8229=CARTESIAN_POINT('',(0.0194619017438703,0.0953204271870013,-0.0219630368656708));
#8230=CARTESIAN_POINT('',(0.019456469448438,0.09525,-0.0219454439076862));
#8231=CARTESIAN_POINT('',(0.0185456621810664,0.0834418068445936,-0.0189957158991864));
#8232=CARTESIAN_POINT('',(0.0200106440442941,0.0953204271870013,-0.0212012036700594));
#8233=CARTESIAN_POINT('',(0.0200046909818016,0.09525,-0.0211841244169433));
#8234=CARTESIAN_POINT('',(0.0190065691659252,0.0834418068445936,-0.018320526872698));
#8235=CARTESIAN_POINT('',(0.0211114956331124,0.0953204271870013,-0.0196227004212847));
#8236=CARTESIAN_POINT('',(0.0211044778459684,0.09525,-0.0196067393840297));
#8237=CARTESIAN_POINT('',(0.0199278386864545,0.0834418068445936,-0.0169306278013707));
#8238=CARTESIAN_POINT('',(0.0216636049072771,0.0953204271870013,-0.018806030332966));
#8239=CARTESIAN_POINT('',(0.0216560431640368,0.09525,-0.0187906737971344));
#8240=CARTESIAN_POINT('',(0.0203882014600772,0.0834418068445936,-0.0162159161073988));
#8241=CARTESIAN_POINT('',(0.0227715935765907,0.0953204271870013,-0.017119006328165));
#8242=CARTESIAN_POINT('',(0.0227629252318193,0.09525,-0.0171049395196911));
#8243=CARTESIAN_POINT('',(0.021309544886021,0.0834418068445936,-0.0147464243125347));
#8244=CARTESIAN_POINT('',(0.0233274729571457,0.0953204271870013,-0.016248652374996));
#8245=CARTESIAN_POINT('',(0.023318241968794,0.09525,-0.0162352707846706));
#8246=CARTESIAN_POINT('',(0.0217705258365133,0.0834418068445936,-0.013991642861737));
#8247=CARTESIAN_POINT('',(0.0244434069709686,0.0953204271870013,-0.0144553905018324));
#8248=CARTESIAN_POINT('',(0.0244330360204908,0.09525,-0.0144434490649309));
#8249=CARTESIAN_POINT('',(0.0226941878332764,0.0834418068445936,-0.0124412848512178));
#8250=CARTESIAN_POINT('',(0.0250034615890493,0.0953204271870013,-0.0135324825442928));
#8251=CARTESIAN_POINT('',(0.024992513322459,0.09525,-0.0135212960359572));
#8252=CARTESIAN_POINT('',(0.0231568692747572,0.0834418068445936,-0.0116457071222647));
#8253=CARTESIAN_POINT('',(0.026128153654184,0.0953204271870013,-0.0116352204717711));
#8254=CARTESIAN_POINT('',(0.0261160395445008,0.09525,-0.011625601819217));
#8255=CARTESIAN_POINT('',(0.0240849241026379,0.0834418068445936,-0.0100128878647117));
#8256=CARTESIAN_POINT('',(0.0266927910852301,0.0953204271870013,-0.0106608663190519));
#8257=CARTESIAN_POINT('',(0.0266800884517962,0.09525,-0.0106520605873798));
#8258=CARTESIAN_POINT('',(0.0245502980177672,0.0834418068445936,-0.00917564523009136));
#8259=CARTESIAN_POINT('',(0.0278270592641135,0.0953204271870013,-0.00866179874546276));
#8260=CARTESIAN_POINT('',(0.0278131712020479,0.09525,-0.00865466461751596));
#8261=CARTESIAN_POINT('',(0.0254846255592764,0.0834418068445936,-0.00745851914617016));
#8262=CARTESIAN_POINT('',(0.0283966899948845,0.0953204271870013,-0.00763708528736259));
#8263=CARTESIAN_POINT('',(0.0283822050321921,0.09525,-0.00763080983556843));
#8264=CARTESIAN_POINT('',(0.0259535798860803,0.0834418068445936,-0.0065786345311424));
#8265=CARTESIAN_POINT('',(0.0295413586677546,0.0953204271870013,-0.00553836619951908));
#8266=CARTESIAN_POINT('',(0.0295256736067146,0.09525,-0.00553384129952524));
#8267=CARTESIAN_POINT('',(0.0268958336500049,0.0834418068445936,-0.0047751727311605));
#8268=CARTESIAN_POINT('',(0.0301163965914693,0.0953204271870013,-0.00446436053382276));
#8269=CARTESIAN_POINT('',(0.0301001083382368,0.09525,-0.00446072750162436));
#8270=CARTESIAN_POINT('',(0.0273691340011482,0.0834418068445936,-0.00385159418585328));
#8271=CARTESIAN_POINT('',(0.0312722974821923,0.0953204271870013,-0.00226810543537663));
#8272=CARTESIAN_POINT('',(0.0312547977400951,0.09525,-0.0022662766649115));
#8273=CARTESIAN_POINT('',(0.0283206987983034,0.0834418068445936,-0.00195965537548284));
#8274=CARTESIAN_POINT('',(0.0318531605511881,0.0953204271870013,-0.00114585572658293));
#8275=CARTESIAN_POINT('',(0.0318350525156881,0.09525,-0.00114493935046052));
#8276=CARTESIAN_POINT('',(0.0287989638977363,0.0834418068445936,-0.000991294902667552));
#8277=CARTESIAN_POINT('',(0.03243714706982,0.0953204271870013,1.36333018308569E-18));
#8278=CARTESIAN_POINT('',(0.0324184282528753,0.09525,1.36097409422456E-18));
#8279=CARTESIAN_POINT('',(0.0292799328005477,0.0834418068445936,9.65939824815245E-19));
#8280=CARTESIAN_POINT('',(-9.96760464394638E-07,0.0955040047971569,0.0228407495681396));
#8281=CARTESIAN_POINT('',(-9.92245249345517E-07,0.09525,0.0227786547530359));
#8282=CARTESIAN_POINT('',(-2.39723620286203E-07,0.0529166666666667,0.0124297143571116));
#8283=CARTESIAN_POINT('',(-6.64469400559825E-07,0.0955040047971569,0.0228407495738198));
#8284=CARTESIAN_POINT('',(-6.61459345845252E-07,0.09525,0.0227786547586861));
#8285=CARTESIAN_POINT('',(-1.59793034779039E-07,0.0529166666666667,0.0124297143577716));
#8286=CARTESIAN_POINT('',(-3.3217833624653E-07,0.0955040047971569,0.0228407495766595));
#8287=CARTESIAN_POINT('',(-3.30673441869644E-07,0.09525,0.0227786547615109));
#8288=CARTESIAN_POINT('',(-7.98624493193555E-08,0.0529166666666667,0.0124297143581015));
#8289=CARTESIAN_POINT('',(0.000596293793797208,0.0955040047971569,0.0228407495755062));
#8290=CARTESIAN_POINT('',(0.000593592795235043,0.09525,0.0227786547603625));
#8291=CARTESIAN_POINT('',(0.000143434870090243,0.0529166666666667,0.0124297143577643));
#8292=CARTESIAN_POINT('',(0.00119258681466942,0.0955040047971569,0.022831603118467));
#8293=CARTESIAN_POINT('',(0.00118718482185911,0.09525,0.0227695565162447));
#8294=CARTESIAN_POINT('',(0.000286869690559988,0.0529166666666667,0.0124286514487927));
#8295=CARTESIAN_POINT('',(0.00238200971548292,0.0955040047971569,0.0227931520766883));
#8296=CARTESIAN_POINT('',(0.00237122747314211,0.09525,0.0227313091718178));
#8297=CARTESIAN_POINT('',(0.000574221022069959,0.0529166666666667,0.0124243530218203));
#8298=CARTESIAN_POINT('',(0.00297513829049485,0.0955040047971569,0.0227638454096486));
#8299=CARTESIAN_POINT('',(0.00296167680087944,0.09525,0.0227021580019083));
#8300=CARTESIAN_POINT('',(0.000718137570790018,0.0529166666666667,0.0124211175508304));
#8301=CARTESIAN_POINT('',(0.00415510730164841,0.0955040047971569,0.0226835076928681));
#8302=CARTESIAN_POINT('',(0.00413633056145709,0.09525,0.0226222474247698));
#8303=CARTESIAN_POINT('',(0.00100693296609656,0.0529166666666667,0.012412395569525));
#8304=CARTESIAN_POINT('',(0.00474194647794333,0.0955040047971569,0.0226324747001456));
#8305=CARTESIAN_POINT('',(0.00472053374219794,0.09525,0.0225714860864906));
#8306=CARTESIAN_POINT('',(0.00115181185176797,0.0529166666666667,0.0124069091167103));
#8307=CARTESIAN_POINT('',(0.00590628974539403,0.0955040047971569,0.0225074819548781));
#8308=CARTESIAN_POINT('',(0.00587966928846595,0.09525,0.0224471593005998));
#8309=CARTESIAN_POINT('',(0.00144301025983431,0.0529166666666667,0.0123935734640398));
#8310=CARTESIAN_POINT('',(0.00648379265118132,0.0955040047971569,0.0224335204470506));
#8311=CARTESIAN_POINT('',(0.00645460047594175,0.09525,0.022373592108586));
#8312=CARTESIAN_POINT('',(0.00158932982367822,0.0529166666666667,0.0123857243331401));
#8313=CARTESIAN_POINT('',(0.00762653127591644,0.0955040047971569,0.0222618878350322));
#8314=CARTESIAN_POINT('',(0.0075922802542489,0.09525,0.0222028745717489));
#8315=CARTESIAN_POINT('',(0.00188388445429315,0.0529166666666667,0.0123675164461307));
#8316=CARTESIAN_POINT('',(0.00819176591238053,0.0955040047971569,0.0221642152100111));
#8317=CARTESIAN_POINT('',(0.00815502776932003,0.09525,0.0221057227156513));
#8318=CARTESIAN_POINT('',(0.00203211956586944,0.0529166666666667,0.0123571577714313));
#8319=CARTESIAN_POINT('',(0.00930718486952605,0.0955040047971569,0.0219448463910491));
#8320=CARTESIAN_POINT('',(0.00926557647721674,0.09525,0.021887522651499));
#8321=CARTESIAN_POINT('',(0.00233097539562418,0.0529166666666667,0.0123337464966676));
#8322=CARTESIAN_POINT('',(0.00985736823762972,0.0955040047971569,0.0218231489552044));
#8323=CARTESIAN_POINT('',(0.0098133767234395,0.09525,0.0217664732095133));
#8324=CARTESIAN_POINT('',(0.00248159616300293,0.0529166666666667,0.0123206939915138));
#8325=CARTESIAN_POINT('',(0.0109400811323734,0.0955040047971569,0.0215559270191653));
#8326=CARTESIAN_POINT('',(0.0108914456632973,0.09525,0.0215006719679641));
#8327=CARTESIAN_POINT('',(0.00278568723956001,0.0529166666666667,0.0122916706930513));
#8328=CARTESIAN_POINT('',(0.0114726098615825,0.0955040047971569,0.0214104015975372));
#8329=CARTESIAN_POINT('',(0.0114217135645837,0.09525,0.0213559192531158));
#8330=CARTESIAN_POINT('',(0.00293915760343239,0.0529166666666667,0.0122757000092593));
#8331=CARTESIAN_POINT('',(0.0125176159034513,0.0955040047971569,0.0210962632816808));
#8332=CARTESIAN_POINT('',(0.0124623372604056,0.09525,0.0210434450510414));
#8333=CARTESIAN_POINT('',(0.00324940408566307,0.0529166666666667,0.0122405728661));
#8334=CARTESIAN_POINT('',(0.0130300925968916,0.0955040047971569,0.0209276498244515));
#8335=CARTESIAN_POINT('',(0.0129726924397808,0.09525,0.0208757230049197));
#8336=CARTESIAN_POINT('',(0.00340618026538114,0.0529166666666667,0.0122214165320355));
#8337=CARTESIAN_POINT('',(0.0140328242807587,0.0955040047971569,0.0205686405281316));
#8338=CARTESIAN_POINT('',(0.0139713360142008,0.09525,0.0205186055734784));
#8339=CARTESIAN_POINT('',(0.00372348513335345,0.0529166666666667,0.0121796039587019));
#8340=CARTESIAN_POINT('',(0.0145230788506702,0.0955040047971569,0.0203782445182029));
#8341=CARTESIAN_POINT('',(0.0144596239916516,0.09525,0.0203292100191887));
#8342=CARTESIAN_POINT('',(0.00388401389089165,0.0529166666666667,0.0121569478617887));
#8343=CARTESIAN_POINT('',(0.0154794389634483,0.0955040047971569,0.0199775518418346));
#8344=CARTESIAN_POINT('',(0.0154122199298961,0.09525,0.0199306138978599));
#8345=CARTESIAN_POINT('',(0.0042092592552981,0.0529166666666667,0.012107770981105));
#8346=CARTESIAN_POINT('',(0.0159455443020282,0.0955040047971569,0.019767255425566));
#8347=CARTESIAN_POINT('',(0.0158765276880902,0.09525,0.0197214135804588));
#8348=CARTESIAN_POINT('',(0.00437397594073279,0.0529166666666667,0.0120812503581113));
#8349=CARTESIAN_POINT('',(0.0168519310283214,0.0955040047971569,0.0193292192147084));
#8350=CARTESIAN_POINT('',(0.0167795007690398,0.09525,0.0192856480502187));
#8351=CARTESIAN_POINT('',(0.00470801887615457,0.0529166666666667,0.0120239244500768));
#8352=CARTESIAN_POINT('',(0.0172922124421382,0.0955040047971569,0.0191014801146112));
#8353=CARTESIAN_POINT('',(0.0172181661182759,0.09525,0.019059083528807));
#8354=CARTESIAN_POINT('',(0.00487734521546204,0.0529166666666667,0.011993119345715));
#8355=CARTESIAN_POINT('',(0.0181455315201916,0.0955040047971569,0.0186315772830358));
#8356=CARTESIAN_POINT('',(0.0180684454697345,0.09525,0.0185915874681178));
#8357=CARTESIAN_POINT('',(0.00522101303587613,0.0529166666666667,0.0119267441903197));
#8358=CARTESIAN_POINT('',(0.0185585694513244,0.0955040047971569,0.0183894147074957));
#8359=CARTESIAN_POINT('',(0.0184800597378678,0.09525,0.01835065707909));
#8360=CARTESIAN_POINT('',(0.00539535461865501,0.0529166666666667,0.0118911743414762));
#8361=CARTESIAN_POINT('',(0.0193562325324095,0.0955040047971569,0.0178942174451942));
#8362=CARTESIAN_POINT('',(0.0192750771737009,0.09525,0.0178579573564432));
#8363=CARTESIAN_POINT('',(0.0057494395068008,0.0529166666666667,0.0118147233664759));
#8364=CARTESIAN_POINT('',(0.0197408581962984,0.0955040047971569,0.0176411843861059));
#8365=CARTESIAN_POINT('',(0.0196584808529624,0.09525,0.0176061896421339));
#8366=CARTESIAN_POINT('',(0.00592918292792963,0.0529166666666667,0.0117738424657696));
#8367=CARTESIAN_POINT('',(0.0204807667862193,0.0955040047971569,0.0171282907293537));
#8368=CARTESIAN_POINT('',(0.0203961548739231,0.09525,0.0170958320277858));
#8369=CARTESIAN_POINT('',(0.00629443582256377,0.0529166666666667,0.0116861506027966));
#8370=CARTESIAN_POINT('',(0.0208360504749252,0.0955040047971569,0.016868432233898));
#8371=CARTESIAN_POINT('',(0.020750425974533,0.09525,0.0168372442189119));
#8372=CARTESIAN_POINT('',(0.00647994542781141,0.0529166666666667,0.0116393398911446));
#8373=CARTESIAN_POINT('',(0.021516565085616,0.0955040047971569,0.0163463683847103));
#8374=CARTESIAN_POINT('',(0.0214291310623422,0.09525,0.0163176962061785));
#8375=CARTESIAN_POINT('',(0.00685706906449224,0.0529166666666667,0.0115390900350864));
#8376=CARTESIAN_POINT('',(0.021841797015763,0.0955040047971569,0.0160841656023826));
#8377=CARTESIAN_POINT('',(0.021753566052584,0.09525,0.0160567385600439));
#8378=CARTESIAN_POINT('',(0.00704868324570537,0.0529166666666667,0.0114856511685302));
#8379=CARTESIAN_POINT('',(0.0224616914279757,0.0955040047971569,0.0155622598339997));
#8380=CARTESIAN_POINT('',(0.0223720871581779,0.09525,0.0155372639330816));
#8381=CARTESIAN_POINT('',(0.00743832423756275,0.0529166666666667,0.0113713591258602));
#8382=CARTESIAN_POINT('',(0.0227563551551007,0.0955040047971569,0.0153025598744151));
#8383=CARTESIAN_POINT('',(0.0226661745121777,0.09525,0.0152787499625065));
#8384=CARTESIAN_POINT('',(0.00763635121826159,0.0529166666666667,0.0113105062570838));
#8385=CARTESIAN_POINT('',(0.0233846226546722,0.0955040047971569,0.014726755904754));
#8386=CARTESIAN_POINT('',(0.023293397436397,0.09525,0.0147055078858746));
#8387=CARTESIAN_POINT('',(0.00808948153845073,0.0529166666666667,0.0111642382879611));
#8388=CARTESIAN_POINT('',(0.0237150343526635,0.0955040047971569,0.0144078173144935));
#8389=CARTESIAN_POINT('',(0.0236233840494432,0.09525,0.0143879439744364));
#8390=CARTESIAN_POINT('',(0.0083486219986682,0.0529166666666667,0.0110757831865338));
#8391=CARTESIAN_POINT('',(0.0243427924389218,0.0955040047971569,0.0137741694966736));
#8392=CARTESIAN_POINT('',(0.0242505643552463,0.09525,0.0137569258861186));
#8393=CARTESIAN_POINT('',(0.00887950738061625,0.0529166666666667,0.0108830450710207));
#8394=CARTESIAN_POINT('',(0.0246401392743455,0.0955040047971569,0.0134594592105069));
#8395=CARTESIAN_POINT('',(0.0245477584904577,0.09525,0.0134434706496631));
#8396=CARTESIAN_POINT('',(0.0091512519610862,0.0529166666666667,0.0107787608359227));
#8397=CARTESIAN_POINT('',(0.0252057798158596,0.0955040047971569,0.0128357219298872));
#8398=CARTESIAN_POINT('',(0.0251133289689084,0.09525,0.0128221068908036));
#8399=CARTESIAN_POINT('',(0.00970514548284031,0.0529166666666667,0.0105529765660005));
#8400=CARTESIAN_POINT('',(0.025474073634521,0.0955040047971569,0.0125266935113105));
#8401=CARTESIAN_POINT('',(0.0253817054214182,0.09525,0.0125141969454309));
#8402=CARTESIAN_POINT('',(0.00998729398332302,0.0529166666666667,0.0104314753007157));
#8403=CARTESIAN_POINT('',(0.0259853773088048,0.0955040047971569,0.0119149966884061));
#8404=CARTESIAN_POINT('',(0.0258933739059149,0.09525,0.0119045887902088));
#8405=CARTESIAN_POINT('',(0.0105597630216694,0.0529166666666667,0.0101699718514057));
#8406=CARTESIAN_POINT('',(0.0262283870499026,0.0955040047971569,0.0116123266713653));
#8407=CARTESIAN_POINT('',(0.0261366658208797,0.09525,0.0116028889699122));
#8408=CARTESIAN_POINT('',(0.0108500830262735,0.0529166666666667,0.0100299684346022));
#8409=CARTESIAN_POINT('',(0.0266926491571042,0.0955040047971569,0.0110132923893358));
#8410=CARTESIAN_POINT('',(0.026601657365446,0.09525,0.0110056402949164));
#8411=CARTESIAN_POINT('',(0.0114366451689042,0.0529166666666667,0.00973031531138273));
#8412=CARTESIAN_POINT('',(0.0269139012734744,0.0955040047971569,0.010716926474305));
#8413=CARTESIAN_POINT('',(0.026823356743134,0.09525,0.0107100897927133));
#8414=CARTESIAN_POINT('',(0.0117328866917347,0.0529166666666667,0.00957066438046404));
#8415=CARTESIAN_POINT('',(0.0273379379519793,0.0955040047971569,0.0101297646620849));
#8416=CARTESIAN_POINT('',(0.0272484199913327,0.09525,0.0101244026300977));
#8417=CARTESIAN_POINT('',(0.0123290416575697,0.0529166666666667,0.00923074751019766));
#8418=CARTESIAN_POINT('',(0.027540722207365,0.0955040047971569,0.00983896720626245));
#8419=CARTESIAN_POINT('',(0.0274517835528466,0.09525,0.00983426441317556));
#8420=CARTESIAN_POINT('',(0.012628954416981,0.0529166666666667,0.00905048036825439));
#8421=CARTESIAN_POINT('',(0.027930884859754,0.0955040047971569,0.00926157372229837));
#8422=CARTESIAN_POINT('',(0.0278432052972732,0.09525,0.0092580368870106));
#8423=CARTESIAN_POINT('',(0.0132302208711274,0.0529166666666667,0.00866857547187875));
#8424=CARTESIAN_POINT('',(0.0281182629594042,0.0955040047971569,0.0089749763362898));
#8425=CARTESIAN_POINT('',(0.0280312631802175,0.09525,0.00897194622105447));
#8426=CARTESIAN_POINT('',(0.0135315738300086,0.0529166666666667,0.00846693655300397));
#8427=CARTESIAN_POINT('',(0.0284804561835006,0.0955040047971569,0.00840402570617336));
#8428=CARTESIAN_POINT('',(0.0283948864305434,0.09525,0.00840186516151078));
#8429=CARTESIAN_POINT('',(0.01413353028399,0.0529166666666667,0.00804178118512005));
#8430=CARTESIAN_POINT('',(0.0286552710765293,0.0955040047971569,0.00811967139808436));
#8431=CARTESIAN_POINT('',(0.0285704515632965,0.09525,0.00811787370368041));
#8432=CARTESIAN_POINT('',(0.0144341330092879,0.0529166666666667,0.00781826362825822));
#8433=CARTESIAN_POINT('',(0.0289949701032015,0.0955040047971569,0.00755069762219766));
#8434=CARTESIAN_POINT('',(0.028911693142618,0.09525,0.00754949538863167));
#8435=CARTESIAN_POINT('',(0.015032461841369,0.0529166666666667,0.00734912691188156));
#8436=CARTESIAN_POINT('',(0.0291598541199422,0.0955040047971569,0.0072660774643294));
#8437=CARTESIAN_POINT('',(0.0290773694683068,0.09525,0.00726510783930896));
#8438=CARTESIAN_POINT('',(0.015330187164468,0.0529166666666667,0.00710350672130682));
#8439=CARTESIAN_POINT('',(0.0294821183516237,0.0955040047971569,0.00669353728587621));
#8440=CARTESIAN_POINT('',(0.0294012337455428,0.09525,0.00669292128060635));
#8441=CARTESIAN_POINT('',(0.0159207206643551,0.0529166666666667,0.00659025567461773));
#8442=CARTESIAN_POINT('',(0.029639498606705,0.0955040047971569,0.00640561701920399));
#8443=CARTESIAN_POINT('',(0.0295594217323619,0.09525,0.00640512202104384));
#8444=CARTESIAN_POINT('',(0.0162135280649775,0.0529166666666667,0.00632262388578189));
#8445=CARTESIAN_POINT('',(0.0299489783282502,0.0955040047971569,0.00582293082869282));
#8446=CARTESIAN_POINT('',(0.0298705075726203,0.09525,0.00582258999308756));
#8447=CARTESIAN_POINT('',(0.016792295301902,0.0529166666666667,0.00576578513171914));
#8448=CARTESIAN_POINT('',(0.0301010780302867,0.0955040047971569,0.00552816516601316));
#8449=CARTESIAN_POINT('',(0.030023405655776,0.09525,0.00552785747945289));
#8450=CARTESIAN_POINT('',(0.0170782543918695,0.0529166666666667,0.00547657735457338));
#8451=CARTESIAN_POINT('',(0.0304020117268007,0.0955040047971569,0.00492773131538373));
#8452=CARTESIAN_POINT('',(0.0303259040309884,0.09525,0.00492743108077022));
#8453=CARTESIAN_POINT('',(0.0176415276250489,0.0529166666666667,0.00487739292356181));
#8454=CARTESIAN_POINT('',(0.0305508461884428,0.0955040047971569,0.00462206395543657));
#8455=CARTESIAN_POINT('',(0.0304755047832861,0.09525,0.00462173801480125));
#8456=CARTESIAN_POINT('',(0.0179188410745609,0.0529166666666667,0.00456741560153863));
#8457=CARTESIAN_POINT('',(0.030847046153106,0.0955040047971569,0.00399524266358165));
#8458=CARTESIAN_POINT('',(0.0307731847319825,0.09525,0.00399484095913537));
#8459=CARTESIAN_POINT('',(0.0184631803702889,0.0529166666666667,0.00392789148252581));
#8460=CARTESIAN_POINT('',(0.030994412390725,0.0955040047971569,0.00367409018559283));
#8461=CARTESIAN_POINT('',(0.0309212646549109,0.09525,0.00367363841169544));
#8462=CARTESIAN_POINT('',(0.0187302055983142,0.0529166666666667,0.00359834418416979));
#8463=CARTESIAN_POINT('',(0.0312892364393759,0.0955040047971569,0.00301115343702101));
#8464=CARTESIAN_POINT('',(0.0312174454127783,0.09525,0.0030106174636137));
#8465=CARTESIAN_POINT('',(0.0192525002884559,0.0529166666666667,0.00292129024946888));
#8466=CARTESIAN_POINT('',(0.0314366952898724,0.0955040047971569,0.00266937130796522));
#8467=CARTESIAN_POINT('',(0.03136554727788,0.09525,0.00266880118986607));
#8468=CARTESIAN_POINT('',(0.0195077692304138,0.0529166666666667,0.00257378330122482));
#8469=CARTESIAN_POINT('',(0.0317330024182189,0.0955040047971569,0.00195941517777765));
#8470=CARTESIAN_POINT('',(0.0316630544197138,0.09525,0.00195883919111137));
#8471=CARTESIAN_POINT('',(0.0200052748428678,0.0529166666666667,0.00186284322642134));
#8472=CARTESIAN_POINT('',(0.0318818520813369,0.0955040047971569,0.00159124407323501));
#8473=CARTESIAN_POINT('',(0.0318124610710637,0.09525,0.00159069634481764));
#8474=CARTESIAN_POINT('',(0.0202475111129886,0.0529166666666667,0.00149940999932887));
#8475=CARTESIAN_POINT('',(0.0321819398051364,0.0955040047971569,0.000822059754451037));
#8476=CARTESIAN_POINT('',(0.0321135644098878,0.09525,0.000821684121551734));
#8477=CARTESIAN_POINT('',(0.0207178804257356,0.0529166666666667,0.000759079820707249));
#8478=CARTESIAN_POINT('',(0.0323331832337178,0.0955040047971569,0.000421040415821624));
#8479=CARTESIAN_POINT('',(0.0322652664195934,0.09525,0.000420808678464326));
#8480=CARTESIAN_POINT('',(0.0209460111793412,0.0529166666666667,0.000382186515016712));
#8481=CARTESIAN_POINT('',(0.0324859400974272,0.0955040047971569,-1.45427667784102E-18));
#8482=CARTESIAN_POINT('',(0.0324184282528753,0.09525,-1.44560289664734E-18));
#8483=CARTESIAN_POINT('',(0.0211666666666666,0.0529166666666667,0.));
#8484=CARTESIAN_POINT('',(0.0211666666666666,0.0529166666666667,0.));
#8485=CARTESIAN_POINT('',(0.0158709836665314,0.0529166666666667,0.00917239201701301));
#8486=CARTESIAN_POINT('',(-5.74288430954728E-18,0.0529166666666667,0.0156870366991896));
#8487=CARTESIAN_POINT('',(-0.0158709836665314,0.0529166666666667,0.00917239201701299));
#8488=CARTESIAN_POINT('',(-0.0211666666666666,0.0529166666666667,0.));
#8489=CARTESIAN_POINT('',(0.0229449107230749,0.09525,0.0150240026977025));
#8490=CARTESIAN_POINT('',(0.0163446811186746,0.09525,0.0210561950468309));
#8491=CARTESIAN_POINT('',(-1.59016318631207E-17,0.09525,0.0245011144761896));
#8492=CARTESIAN_POINT('',(-0.0163446811186746,0.09525,0.0210561950468309));
#8493=CARTESIAN_POINT('',(-0.022944910723075,0.09525,0.0150240026977024));
#8494=CARTESIAN_POINT('',(0.,0.,0.));
#8495=CARTESIAN_POINT('',(0.0211666666666666,0.0529166666666667,0.));
#8496=CARTESIAN_POINT('',(0.,0.,0.));
#8497=CARTESIAN_POINT('',(0.0176362113332432,0.0529166666666667,0.006114928011342));
#8498=CARTESIAN_POINT('',(0.,0.,0.));
#8499=CARTESIAN_POINT('',(0.0105806557776876,0.0529166666666667,0.0113439402444052));
#8500=CARTESIAN_POINT('',(0.,0.,0.));
#8501=CARTESIAN_POINT('',(0.0026451639444219,0.0529166666666667,0.0124297143581013));
#8502=CARTESIAN_POINT('',(0.,0.,0.));
#8503=CARTESIAN_POINT('',(2.92734586571086E-18,0.0529166666666667,0.0124297143581013));
#8504=CARTESIAN_POINT('',(-0.000137105949072707,0.127190501944432,0.0441991974507949));
#8505=CARTESIAN_POINT('',(-0.00013853170893631,0.127,0.0440714321213485));
#8506=CARTESIAN_POINT('',(-0.000376155927442248,0.09525,0.0227774278946296));
#8507=CARTESIAN_POINT('',(-0.000377581757560804,0.0950594886685003,0.0226496562694897));
#8508=CARTESIAN_POINT('',(-9.14023812845223E-05,0.127190501944432,0.0441994574391367));
#8509=CARTESIAN_POINT('',(-9.23529572123947E-05,0.127,0.0440716954545211));
#8510=CARTESIAN_POINT('',(-0.000250780661454502,0.09525,0.0227782486939297));
#8511=CARTESIAN_POINT('',(-0.000251731284222426,0.0950594886685003,0.0226504804137855));
#8512=CARTESIAN_POINT('',(-4.57005142361428E-05,0.127190501944432,0.0441995867997448));
#8513=CARTESIAN_POINT('',(-4.61758017856508E-05,0.127,0.0440718264655054));
#8514=CARTESIAN_POINT('',(-0.000125389584836054,0.09525,0.0227786547648022));
#8515=CARTESIAN_POINT('',(-0.000125864895805568,0.0950594886685003,0.0226508881351155));
#8516=CARTESIAN_POINT('',(0.000222536108792831,0.127190501944432,0.0441995867847387));
#8517=CARTESIAN_POINT('',(0.000224850418625786,0.127,0.0440718264504736));
#8518=CARTESIAN_POINT('',(0.000610564787135575,0.09525,0.0227786547454809));
#8519=CARTESIAN_POINT('',(0.000612879211007177,0.0950594886685003,0.0226508881157684));
#8520=CARTESIAN_POINT('',(0.000445070877367193,0.127190501944432,0.0441965195974017));
#8521=CARTESIAN_POINT('',(0.000449699490917848,0.127,0.0440687201329203));
#8522=CARTESIAN_POINT('',(0.00122112720873878,0.09525,0.0227690267917788));
#8523=CARTESIAN_POINT('',(0.00122575605036643,0.0950594886685003,0.0226412210299219));
#8524=CARTESIAN_POINT('',(0.000890532986155577,0.127190501944432,0.0441839588860567));
#8525=CARTESIAN_POINT('',(0.000899766130628847,0.127,0.0440559927240806));
#8526=CARTESIAN_POINT('',(0.002438607835899,0.09525,0.0227285167507423));
#8527=CARTESIAN_POINT('',(0.00244784143533958,0.0950594886685003,0.0226005442831767));
#8528=CARTESIAN_POINT('',(0.00111346035379606,0.127190501944432,0.0441744655512358));
#8529=CARTESIAN_POINT('',(0.00112498371547132,0.127,0.0440463718052211));
#8530=CARTESIAN_POINT('',(0.00304552439174361,0.09525,0.0226976320424781));
#8531=CARTESIAN_POINT('',(0.00305704832123766,0.0950594886685003,0.0225695319845871));
#8532=CARTESIAN_POINT('',(0.00156009944003953,0.127190501944432,0.0441487093186813));
#8533=CARTESIAN_POINT('',(0.001576155375843,0.127,0.0440202643028758));
#8534=CARTESIAN_POINT('',(0.00425211736290518,0.09525,0.0226129801725492));
#8535=CARTESIAN_POINT('',(0.00426817408987204,0.0950594886685003,0.0224845288275583));
#8536=CARTESIAN_POINT('',(0.00178381118599237,0.127190501944432,0.0441324466185295));
#8537=CARTESIAN_POINT('',(0.00180210946911837,0.127,0.0440037779013786));
#8538=CARTESIAN_POINT('',(0.00485179219537278,0.09525,0.0225592105940478));
#8539=CARTESIAN_POINT('',(0.00487009138015484,0.0950594886685003,0.0224305355366886));
#8540=CARTESIAN_POINT('',(0.00223240916300394,0.127190501944432,0.0440927510297619));
#8541=CARTESIAN_POINT('',(0.00225512109475102,0.127,0.0439635341775479));
#8542=CARTESIAN_POINT('',(0.00604040441624809,0.09525,0.0224276119588179));
#8543=CARTESIAN_POINT('',(0.00606311746713572,0.0950594886685003,0.0222983887393859));
#8544=CARTESIAN_POINT('',(0.00245729542129424,0.127190501944432,0.0440693183487784));
#8545=CARTESIAN_POINT('',(0.00248217864539468,0.127,0.0439397770488371));
#8546=CARTESIAN_POINT('',(0.0066293403320983,0.09525,0.0223497807608178));
#8547=CARTESIAN_POINT('',(0.00665422478233069,0.0950594886685003,0.0222202330776713));
#8548=CARTESIAN_POINT('',(0.00290863009307182,0.127190501944432,0.044014818701829));
#8549=CARTESIAN_POINT('',(0.00293776254736403,0.127,0.0438845266230551));
#8550=CARTESIAN_POINT('',(0.00779312203746097,0.09525,0.0221694018067897));
#8551=CARTESIAN_POINT('',(0.00782225592726784,0.0950594886685003,0.0220391033078155));
#8552=CARTESIAN_POINT('',(0.00313507853364485,0.127190501944432,0.0439837519552552));
#8553=CARTESIAN_POINT('',(0.00316628891773774,0.127,0.0438530335333493));
#8554=CARTESIAN_POINT('',(0.0083679665064168,0.09525,0.0220668522536971));
#8555=CARTESIAN_POINT('',(0.00839917842841527,0.0950594886685003,0.0219361273905827));
#8556=CARTESIAN_POINT('',(0.0035899219611759,0.127190501944432,0.0439134502110562));
#8557=CARTESIAN_POINT('',(0.0036251736748299,0.127,0.0437817799402473));
#8558=CARTESIAN_POINT('',(0.00950039931546169,0.09525,0.0218369587960013));
#8559=CARTESIAN_POINT('',(0.00953565276615958,0.0950594886685003,0.0217052820370812));
#8560=CARTESIAN_POINT('',(0.0038183169750661,0.127190501944432,0.043874215446367));
#8561=CARTESIAN_POINT('',(0.00385553208158471,0.127,0.0437420196601183));
#8562=CARTESIAN_POINT('',(0.0100579865262963,0.09525,0.02170961350322));
#8563=CARTESIAN_POINT('',(0.0100952034666059,0.0950594886685003,0.0215774112029651));
#8564=CARTESIAN_POINT('',(0.00427743385123961,0.127190501944432,0.0437869670524919));
#8565=CARTESIAN_POINT('',(0.00431844139579503,0.127,0.0436536279920861));
#8566=CARTESIAN_POINT('',(0.0111529623951458,0.09525,0.0214306780872175));
#8567=CARTESIAN_POINT('',(0.0111939719603662,0.0950594886685003,0.0212973324564702));
#8568=CARTESIAN_POINT('',(0.00450815574031927,0.127190501944432,0.0437389536716659));
#8569=CARTESIAN_POINT('',(0.00455099232450882,0.127,0.0436049968455762));
#8570=CARTESIAN_POINT('',(0.0116903501514141,0.09525,0.0212790870442893));
#8571=CARTESIAN_POINT('',(0.0117331888463955,0.0950594886685003,0.0211451236174174));
#8572=CARTESIAN_POINT('',(0.00497230177386889,0.127190501944432,0.0436334535727486));
#8573=CARTESIAN_POINT('',(0.0050186438171913,0.127,0.0434981803408474));
#8574=CARTESIAN_POINT('',(0.0127422388696041,0.09525,0.0209528718103782));
#8575=CARTESIAN_POINT('',(0.0127885831964514,0.0950594886685003,0.0208175919128282));
#8576=CARTESIAN_POINT('',(0.00520572594504816,0.127190501944432,0.0435759671204385));
#8577=CARTESIAN_POINT('',(0.00525374440388204,0.127,0.0434399952444515));
#8578=CARTESIAN_POINT('',(0.0132567391897094,0.09525,0.020778247221518));
#8579=CARTESIAN_POINT('',(0.0133047600146742,0.0950594886685003,0.0206422686454563));
#8580=CARTESIAN_POINT('',(0.0056756462524235,0.127190501944432,0.0434507348423163));
#8581=CARTESIAN_POINT('',(0.00572684833852553,0.127,0.0433133007870571));
#8582=CARTESIAN_POINT('',(0.0142604422532242,0.09525,0.020407858706136));
#8583=CARTESIAN_POINT('',(0.0143116468623318,0.0950594886685003,0.0202704178787525));
#8584=CARTESIAN_POINT('',(0.00591214241532742,0.127190501944432,0.0433829893018427));
#8585=CARTESIAN_POINT('',(0.00596485171091587,0.127,0.0432447917107089));
#8586=CARTESIAN_POINT('',(0.0147496446426984,0.09525,0.0202120949495663));
#8587=CARTESIAN_POINT('',(0.0148023565355609,0.0950594886685003,0.0200738905486845));
#8588=CARTESIAN_POINT('',(0.00638856991752499,0.127190501944432,0.0432363529894286));
#8589=CARTESIAN_POINT('',(0.00644410962802312,0.127,0.0430965841039736));
#8590=CARTESIAN_POINT('',(0.0157006335631334,0.09525,0.0198020076289761));
#8591=CARTESIAN_POINT('',(0.0157561760103756,0.0950594886685003,0.0196622318563471));
#8592=CARTESIAN_POINT('',(0.00662850128365297,0.127190501944432,0.04315746252468));
#8593=CARTESIAN_POINT('',(0.0066853641991563,0.127,0.0430168858835704));
#8594=CARTESIAN_POINT('',(0.0161624200508316,0.09525,0.0195876848402458));
#8595=CARTESIAN_POINT('',(0.0162192857682804,0.0950594886685003,0.0194471012721595));
#8596=CARTESIAN_POINT('',(0.0071121551028328,0.127190501944432,0.0429875418052509));
#8597=CARTESIAN_POINT('',(0.00717146744810976,0.127,0.0428453307531912));
#8598=CARTESIAN_POINT('',(0.0170567574285485,0.09525,0.0191437306652163));
#8599=CARTESIAN_POINT('',(0.0171160726964677,0.0950594886685003,0.0190015126056435));
#8600=CARTESIAN_POINT('',(0.00735587758302146,0.127190501944432,0.0428965118820931));
#8601=CARTESIAN_POINT('',(0.00741631615460097,0.127,0.0427534741811613));
#8602=CARTESIAN_POINT('',(0.0174893086029212,0.09525,0.0189141006874307));
#8603=CARTESIAN_POINT('',(0.0175497501526383,0.0950594886685003,0.0187710559382524));
#8604=CARTESIAN_POINT('',(0.00784746143119145,0.127190501944432,0.0427011994160815));
#8605=CARTESIAN_POINT('',(0.00790994430671642,0.127,0.0425565193574025));
#8606=CARTESIAN_POINT('',(0.0183236506016183,0.09525,0.0184434223663776));
#8607=CARTESIAN_POINT('',(0.0183861365560148,0.0950594886685003,0.0182987351785244));
#8608=CARTESIAN_POINT('',(0.00809532282684185,0.127190501944432,0.0425969172317609));
#8609=CARTESIAN_POINT('',(0.00815872378355676,0.127,0.0424514214743481));
#8610=CARTESIAN_POINT('',(0.0187254420483224,0.09525,0.018202376081978));
#8611=CARTESIAN_POINT('',(0.0187888461291477,0.0950594886685003,0.018056873155197));
#8612=CARTESIAN_POINT('',(0.00859552337600809,0.127190501944432,0.0423738588022569));
#8613=CARTESIAN_POINT('',(0.00866054290975219,0.127,0.0422267766955186));
#8614=CARTESIAN_POINT('',(0.0194970212592777,0.09525,0.017713342447509));
#8615=CARTESIAN_POINT('',(0.0195620439968882,0.0950594886685003,0.0175662530932343));
#8616=CARTESIAN_POINT('',(0.00884786255801435,0.127190501944432,0.0422550829455213));
#8617=CARTESIAN_POINT('',(0.00891358259317491,0.127,0.0421072302020643));
#8618=CARTESIAN_POINT('',(0.0198668099871207,0.09525,0.0174653578119051));
#8619=CARTESIAN_POINT('',(0.0199325332606653,0.0950594886685003,0.0173174977829384));
#8620=CARTESIAN_POINT('',(0.00935734777797299,0.127190501944432,0.0420016559255367));
#8621=CARTESIAN_POINT('',(0.00942424338881678,0.127,0.0418523449732037));
#8622=CARTESIAN_POINT('',(0.0205733980634742,0.09525,0.0169674402510154));
#8623=CARTESIAN_POINT('',(0.020640296970629,0.0950594886685003,0.0168181219413187));
#8624=CARTESIAN_POINT('',(0.00961449384559125,0.127190501944432,0.0418670051837993));
#8625=CARTESIAN_POINT('',(0.00968186453827891,0.127,0.0417170066768488));
#8626=CARTESIAN_POINT('',(0.0209101987120637,0.09525,0.0167175106880167));
#8627=CARTESIAN_POINT('',(0.0209775727244722,0.0950594886685003,0.0165675047898229));
#8628=CARTESIAN_POINT('',(0.0101339112919752,0.127190501944432,0.0415802952069018));
#8629=CARTESIAN_POINT('',(0.0102020002768122,0.127,0.0414290461084453));
#8630=CARTESIAN_POINT('',(0.0215500485868867,0.09525,0.0162211203294171));
#8631=CARTESIAN_POINT('',(0.0216181409268387,0.0950594886685003,0.0160698637780939));
#8632=CARTESIAN_POINT('',(0.0103961827020071,0.127190501944432,0.0414282364297331));
#8633=CARTESIAN_POINT('',(0.0104645149066444,0.127,0.0412764243154436));
#8634=CARTESIAN_POINT('',(0.0218530994363626,0.09525,0.0159746635219979));
#8635=CARTESIAN_POINT('',(0.0219214350080998,0.0950594886685003,0.0158228439270988));
#8636=CARTESIAN_POINT('',(0.0109261577333001,0.127190501944432,0.0411050120749443));
#8637=CARTESIAN_POINT('',(0.0109947392025654,0.127,0.0409522427570344));
#8638=CARTESIAN_POINT('',(0.0224248674129214,0.09525,0.0154909496552147));
#8639=CARTESIAN_POINT('',(0.0224934522615691,0.0950594886685003,0.0153381728095286));
#8640=CARTESIAN_POINT('',(0.0111938613879288,0.127190501944432,0.0409338469954994));
#8641=CARTESIAN_POINT('',(0.0112624489132968,0.127,0.0407806835141288));
#8642=CARTESIAN_POINT('',(0.0226935864637993,0.09525,0.0152536971727162));
#8643=CARTESIAN_POINT('',(0.0227621773688482,0.0950594886685003,0.0151005261441468));
#8644=CARTESIAN_POINT('',(0.0118805166698998,0.127190501944432,0.0404728299192896));
#8645=CARTESIAN_POINT('',(0.0119488129308222,0.127,0.0403189393303926));
#8646=CARTESIAN_POINT('',(0.02333140690255,0.09525,0.0146707696381673));
#8647=CARTESIAN_POINT('',(0.0233997065288011,0.0950594886685003,0.014516871466243));
#8648=CARTESIAN_POINT('',(0.0123031913961548,0.127190501944432,0.0401687859944815));
#8649=CARTESIAN_POINT('',(0.0123711272199262,0.127,0.0400146171145424));
#8650=CARTESIAN_POINT('',(0.0236936489462932,0.09525,0.0143200660553738));
#8651=CARTESIAN_POINT('',(0.0237615881176326,0.0950594886685003,0.0141658895786944));
#8652=CARTESIAN_POINT('',(0.0131599015285983,0.127190501944432,0.0395061916759028));
#8653=CARTESIAN_POINT('',(0.0132267945594746,0.127,0.0393518437397679));
#8654=CARTESIAN_POINT('',(0.0243755192439307,0.09525,0.0136274502858994));
#8655=CARTESIAN_POINT('',(0.0244424155709908,0.0950594886685003,0.0134730947442011));
#8656=CARTESIAN_POINT('',(0.0135939367317826,0.127190501944432,0.0391476386277555));
#8657=CARTESIAN_POINT('',(0.0136601474126908,0.127,0.0389933899307705));
#8658=CARTESIAN_POINT('',(0.0246951482632386,0.09525,0.0132855361664055));
#8659=CARTESIAN_POINT('',(0.0247613622067075,0.0950594886685003,0.0131312798687473));
#8660=CARTESIAN_POINT('',(0.0144715384303303,0.127190501944432,0.0383709435525041));
#8661=CARTESIAN_POINT('',(0.0145361063722587,0.127,0.0382173157948744));
#8662=CARTESIAN_POINT('',(0.0252973201873928,0.09525,0.012612950866744));
#8663=CARTESIAN_POINT('',(0.0253618913109354,0.0950594886685003,0.0124593155390381));
#8664=CARTESIAN_POINT('',(0.0149151046960559,0.127190501944432,0.0379527986624712));
#8665=CARTESIAN_POINT('',(0.0149787122507147,0.127,0.0377996926056639));
#8666=CARTESIAN_POINT('',(0.025579863154677,0.09525,0.0122822769271099));
#8667=CARTESIAN_POINT('',(0.0256434738436264,0.0950594886685003,0.0121291633259335));
#8668=CARTESIAN_POINT('',(0.0158099286963937,0.127190501944432,0.0370519806457682));
#8669=CARTESIAN_POINT('',(0.0158713791028194,0.127,0.0369003773305068));
#8670=CARTESIAN_POINT('',(0.0261130089708869,0.09525,0.0116334160198892));
#8671=CARTESIAN_POINT('',(0.0261744624053087,0.0950594886685003,0.0114818052343069));
#8672=CARTESIAN_POINT('',(0.0162611861768146,0.127190501944432,0.0365693044782886));
#8673=CARTESIAN_POINT('',(0.0163214398213428,0.127,0.0364186822027536));
#8674=CARTESIAN_POINT('',(0.0263636114090378,0.09525,0.0113152258443114));
#8675=CARTESIAN_POINT('',(0.0264238680225912,0.0950594886685003,0.0111645961467967));
#8676=CARTESIAN_POINT('',(0.0171695496140903,0.127190501944432,0.0355347165834309));
#8677=CARTESIAN_POINT('',(0.0172272128052657,0.127,0.0353865445632175));
#8678=CARTESIAN_POINT('',(0.0268376465742254,0.09525,0.0106914599234595));
#8679=CARTESIAN_POINT('',(0.0268953126067802,0.0950594886685003,0.0105432806020038));
#8680=CARTESIAN_POINT('',(0.0176266552950401,0.127190501944432,0.034982801673523));
#8681=CARTESIAN_POINT('',(0.0176829247922832,0.127,0.0348360988679702));
#8682=CARTESIAN_POINT('',(0.0270610786100733,0.09525,0.0103858808389644));
#8683=CARTESIAN_POINT('',(0.027117350880021,0.0950594886685003,0.0102391708045656));
#8684=CARTESIAN_POINT('',(0.0185448769350394,0.127190501944432,0.0338053544019979));
#8685=CARTESIAN_POINT('',(0.0185981993931945,0.127,0.0336620990299348));
#8686=CARTESIAN_POINT('',(0.0274851850430108,0.09525,0.00978644738460777));
#8687=CARTESIAN_POINT('',(0.0275385101286538,0.0950594886685003,0.00964318495357235));
#8688=CARTESIAN_POINT('',(0.0190059925999769,0.127190501944432,0.0331798187571074));
#8689=CARTESIAN_POINT('',(0.019057761709892,0.127,0.033038541604331));
#8690=CARTESIAN_POINT('',(0.0276858586288581,0.09525,0.00949258980820593));
#8691=CARTESIAN_POINT('',(0.0277376302897192,0.0950594886685003,0.00935130569393481));
#8692=CARTESIAN_POINT('',(0.0199304093683545,0.127190501944432,0.0318511707075183));
#8693=CARTESIAN_POINT('',(0.0199789473300188,0.127,0.0317143718301867));
#8694=CARTESIAN_POINT('',(0.0280685250371727,0.09525,0.00891479165666977));
#8695=CARTESIAN_POINT('',(0.0281170653905667,0.0950594886685003,0.00877798603851256));
#8696=CARTESIAN_POINT('',(0.0203937101635561,0.127190501944432,0.0311480549639238));
#8697=CARTESIAN_POINT('',(0.0204405703222834,0.127,0.0310137561456312));
#8698=CARTESIAN_POINT('',(0.0282505170607927,0.09525,0.00863084822565065));
#8699=CARTESIAN_POINT('',(0.0282973795285752,0.0950594886685003,0.008496542789724));
#8700=CARTESIAN_POINT('',(0.0213206947633874,0.127190501944432,0.0296608095059274));
#8701=CARTESIAN_POINT('',(0.0213641080780571,0.127,0.0295320374334055));
#8702=CARTESIAN_POINT('',(0.0285995866705499,0.09525,0.00807024440673156));
#8703=CARTESIAN_POINT('',(0.02864300212443,0.0950594886685003,0.00794146598890847));
#8704=CARTESIAN_POINT('',(0.021784378250213,0.127190501944432,0.0288766764456004));
#8705=CARTESIAN_POINT('',(0.0218260225216174,0.127,0.0287509310658949));
#8706=CARTESIAN_POINT('',(0.0287666635792976,0.09525,0.00779358169309028));
#8707=CARTESIAN_POINT('',(0.0288083099027421,0.0950594886685003,0.00766783011722515));
#8708=CARTESIAN_POINT('',(0.0227103576237086,0.127190501944432,0.0272245817063938));
#8709=CARTESIAN_POINT('',(0.0227484038765108,0.127,0.0271054129573255));
#8710=CARTESIAN_POINT('',(0.0290893812879211,0.09525,0.00724415750291059));
#8711=CARTESIAN_POINT('',(0.0291274294154694,0.0950594886685003,0.00712498288174912));
#8712=CARTESIAN_POINT('',(0.0231726531879574,0.127190501944432,0.0263566167259536));
#8713=CARTESIAN_POINT('',(0.0232088704645681,0.127,0.0262409979245736));
#8714=CARTESIAN_POINT('',(0.0292450216220686,0.09525,0.0069713943792249));
#8715=CARTESIAN_POINT('',(0.0292812406833017,0.0950594886685003,0.00685576988067699));
#8716=CARTESIAN_POINT('',(0.0240941275493441,0.127190501944432,0.0245347659785074));
#8717=CARTESIAN_POINT('',(0.024126656387031,0.127,0.0244267585241399));
#8718=CARTESIAN_POINT('',(0.0295480739984975,0.09525,0.00642569986617414));
#8719=CARTESIAN_POINT('',(0.0295806044390574,0.0950594886685003,0.00631768708969119));
#8720=CARTESIAN_POINT('',(0.0245533060246871,0.127190501944432,0.0235808770078274));
#8721=CARTESIAN_POINT('',(0.0245839754004984,0.127,0.0234769309668596));
#8722=CARTESIAN_POINT('',(0.0296954858625822,0.09525,0.0061527676331178));
#8723=CARTESIAN_POINT('',(0.0297261567496407,0.0950594886685003,0.00604881647016253));
#8724=CARTESIAN_POINT('',(0.0254668681680011,0.127190501944432,0.0215859063820474));
#8725=CARTESIAN_POINT('',(0.0254938157200323,0.127,0.0214905740578739));
#8726=CARTESIAN_POINT('',(0.0299850285501349,0.09525,0.0056020155366419));
#8727=CARTESIAN_POINT('',(0.0300119774300187,0.0950594886685003,0.00550667851492564));
#8728=CARTESIAN_POINT('',(0.0259212515202484,0.127190501944432,0.0205448216761377));
#8729=CARTESIAN_POINT('',(0.0259463367133042,0.127,0.0204540416739631));
#8730=CARTESIAN_POINT('',(0.0301271595490008,0.09525,0.00532419574170949));
#8731=CARTESIAN_POINT('',(0.0301522459781407,0.0950594886685003,0.00523341126630983));
#8732=CARTESIAN_POINT('',(0.026817511757122,0.127190501944432,0.0183897558602191));
#8733=CARTESIAN_POINT('',(0.026838920006523,0.127,0.0183084769680936));
#8734=CARTESIAN_POINT('',(0.0304069251547684,0.09525,0.00476213321456132));
#8735=CARTESIAN_POINT('',(0.0304283344590704,0.0950594886685003,0.00468085031738216));
#8736=CARTESIAN_POINT('',(0.0272594743735438,0.127190501944432,0.0172769465930865));
#8737=CARTESIAN_POINT('',(0.0272790677379347,0.127,0.0172006103258705));
#8738=CARTESIAN_POINT('',(0.0305445951385489,0.09525,0.00447802898246365));
#8739=CARTESIAN_POINT('',(0.0305641894684115,0.0950594886685003,0.0044016889537441));
#8740=CARTESIAN_POINT('',(0.0276975742247852,0.127190501944432,0.0161218465216856));
#8741=CARTESIAN_POINT('',(0.0277153751298231,0.127,0.0160506581703691));
#8742=CARTESIAN_POINT('',(0.0306821623541846,0.09525,0.00418605405284288));
#8743=CARTESIAN_POINT('',(0.0306999641363701,0.0950594886685003,0.00411486219368864));
#8744=MECHANICAL_DESIGN_GEOMETRIC_PRESENTATION_REPRESENTATION('',(#1986),#8745);
#8745=(
GEOMETRIC_REPRESENTATION_CONTEXT(3)
GLOBAL_UNCERTAINTY_ASSIGNED_CONTEXT((#8746))
GLOBAL_UNIT_ASSIGNED_CONTEXT((#8749,#8748,#8747))
REPRESENTATION_CONTEXT('Part 3','TOP_LEVEL_ASSEMBLY_PART')
);
#8746=UNCERTAINTY_MEASURE_WITH_UNIT(LENGTH_MEASURE(2.E-05),#8749,'DISTANCE_ACCURACY_VALUE','Maximum Tolerance applied to model');
#8747=(
NAMED_UNIT(*)
SI_UNIT($,.STERADIAN.)
SOLID_ANGLE_UNIT()
);
#8748=(
NAMED_UNIT(*)
PLANE_ANGLE_UNIT()
SI_UNIT($,.RADIAN.)
);
#8749=(
LENGTH_UNIT()
NAMED_UNIT(*)
SI_UNIT($,.METRE.)
);
#8750=PRODUCT_DEFINITION_SHAPE('','',#8751);
#8751=PRODUCT_DEFINITION('','',#8753,#8752);
#8752=PRODUCT_DEFINITION_CONTEXT('',#8759,'design');
#8753=PRODUCT_DEFINITION_FORMATION_WITH_SPECIFIED_SOURCE('','',#8755,.NOT_KNOWN.);
#8754=PRODUCT_RELATED_PRODUCT_CATEGORY('','',(#8755));
#8755=PRODUCT('Part 3','Part 3','Part 3',(#8757));
#8756=PRODUCT_CATEGORY('','');
#8757=PRODUCT_CONTEXT('',#8759,'mechanical');
#8758=APPLICATION_PROTOCOL_DEFINITION('international standard','ap242_managed_model_based_3d_engineering',2020,#8759);
#8759=APPLICATION_CONTEXT('managed model based 3d engineering');
ENDSEC;
END-ISO-10303-21;
